x_size:5
y_size:5
BEGIN
num0
start:[1.604, 1.351]
terminal:[0.824, 2.167]
obs num:15
['circle', [0.381], [4.489, 1.604]]
['circle', [0.375], [3.885, 4.966]]
['circle', [0.307], [0.338, 3.737]]
['circle', [0.337], [0.935, 4.953]]
['circle', [0.248], [0.385, 2.319]]
['circle', [0.336], [3.187, 0.215]]
['circle', [0.299], [0.987, 1.45]]
['circle', [0.27], [1.342, 3.243]]
['circle', [0.33], [4.459, 3.808]]
['circle', [0.381], [2.335, 1.039]]
['circle', [0.255], [3.253, 4.071]]
['circle', [0.371], [3.473, 2.822]]
['circle', [0.382], [4.755, 0.085]]
['circle', [0.312], [2.316, 2.431]]
['circle', [0.253], [2.76, 4.937]]
num1
start:[1.656, 1.478]
terminal:[0.709, 4.656]
obs num:15
['circle', [0.385], [0.078, 0.827]]
['circle', [0.278], [1.071, 4.247]]
['circle', [0.252], [4.27, 0.832]]
['circle', [0.252], [1.944, 4.724]]
['circle', [0.376], [4.691, 3.165]]
['circle', [0.212], [3.114, 3.942]]
['circle', [0.372], [2.588, 1.806]]
['circle', [0.212], [2.434, 3.191]]
['circle', [0.39], [0.334, 2.833]]
['circle', [0.399], [1.594, 0.551]]
['circle', [0.366], [3.7, 2.106]]
['circle', [0.321], [4.924, 1.635]]
['circle', [0.358], [2.955, 0.561]]
['circle', [0.322], [4.768, 4.373]]
['circle', [0.299], [3.585, 4.952]]
num2
start:[4.067, 2.695]
terminal:[3.493, 3.557]
obs num:15
['circle', [0.219], [1.396, 2.353]]
['circle', [0.212], [1.002, 0.588]]
['circle', [0.362], [2.932, 3.042]]
['circle', [0.256], [2.244, 4.892]]
['circle', [0.241], [2.997, 4.079]]
['circle', [0.346], [3.616, 0.031]]
['circle', [0.289], [1.263, 3.269]]
['circle', [0.23], [2.621, 1.403]]
['circle', [0.393], [3.821, 1.783]]
['circle', [0.218], [0.597, 1.748]]
['circle', [0.204], [2.512, 0.267]]
['circle', [0.219], [4.594, 0.716]]
['circle', [0.2], [1.053, 4.251]]
['circle', [0.344], [4.467, 3.54]]
['circle', [0.307], [0.029, 2.581]]
num3
start:[2.241, 3.744]
terminal:[4.772, 1.188]
obs num:15
['circle', [0.372], [0.094, 4.978]]
['circle', [0.329], [3.772, 3.799]]
['circle', [0.221], [0.418, 1.236]]
['circle', [0.242], [1.524, 0.783]]
['circle', [0.327], [2.816, 3.014]]
['circle', [0.35], [4.36, 0.041]]
['circle', [0.215], [4.747, 4.531]]
['circle', [0.224], [0.735, 0.129]]
['circle', [0.305], [1.369, 1.722]]
['circle', [0.363], [2.459, 1.577]]
['circle', [0.309], [1.146, 4.087]]
['circle', [0.289], [0.039, 3.857]]
['circle', [0.391], [4.126, 1.716]]
['circle', [0.301], [2.673, 0.245]]
['circle', [0.245], [4.266, 2.902]]
num4
start:[2.993, 3.622]
terminal:[1.155, 2.735]
obs num:15
['circle', [0.362], [0.436, 2.855]]
['circle', [0.352], [2.296, 1.918]]
['circle', [0.285], [4.507, 0.541]]
['circle', [0.212], [3.212, 1.096]]
['circle', [0.301], [3.809, 2.514]]
['circle', [0.22], [0.412, 1.59]]
['circle', [0.394], [3.804, 4.37]]
['circle', [0.238], [0.858, 4.863]]
['circle', [0.317], [2.046, 0.728]]
['circle', [0.358], [1.507, 3.665]]
['circle', [0.321], [2.614, 3.147]]
['circle', [0.331], [4.75, 3.486]]
['circle', [0.381], [2.099, 4.994]]
['circle', [0.231], [0.407, 0.328]]
['circle', [0.209], [4.733, 1.666]]
num5
start:[2.233, 2.499]
terminal:[4.295, 2.893]
obs num:15
['circle', [0.283], [2.938, 0.1]]
['circle', [0.261], [3.979, 3.342]]
['circle', [0.35], [1.138, 2.983]]
['circle', [0.364], [2.044, 4.587]]
['circle', [0.339], [0.308, 1.716]]
['circle', [0.242], [1.547, 1.363]]
['circle', [0.215], [3.587, 4.833]]
['circle', [0.258], [4.144, 1.743]]
['circle', [0.33], [4.909, 2.585]]
['circle', [0.202], [0.12, 4.512]]
['circle', [0.369], [2.305, 3.213]]
['circle', [0.347], [1.869, 0.204]]
['circle', [0.357], [4.573, 4.436]]
['circle', [0.237], [0.773, 0.072]]
['circle', [0.283], [3.274, 1.104]]
num6
start:[0.974, 0.755]
terminal:[1.848, 1.833]
obs num:15
['circle', [0.281], [3.997, 0.261]]
['circle', [0.366], [4.77, 3.511]]
['circle', [0.376], [1.59, 0.624]]
['circle', [0.386], [1.855, 2.746]]
['circle', [0.305], [0.671, 4.21]]
['circle', [0.277], [2.983, 0.832]]
['circle', [0.208], [4.719, 0.951]]
['circle', [0.217], [0.34, 1.746]]
['circle', [0.22], [3.462, 4.934]]
['circle', [0.259], [2.445, 3.876]]
['circle', [0.356], [4.918, 4.959]]
['circle', [0.221], [0.291, 0.715]]
['circle', [0.37], [1.445, 4.972]]
['circle', [0.364], [3.168, 3.017]]
['circle', [0.317], [4.308, 2.21]]
num7
start:[1.455, 3.91]
terminal:[4.766, 3.301]
obs num:15
['circle', [0.363], [0.22, 2.746]]
['circle', [0.332], [3.766, 3.067]]
['circle', [0.375], [2.24, 1.14]]
['circle', [0.288], [3.694, 0.499]]
['circle', [0.266], [4.476, 2.235]]
['circle', [0.25], [0.311, 1.618]]
['circle', [0.211], [0.206, 0.656]]
['circle', [0.39], [4.053, 4.944]]
['circle', [0.323], [2.685, 4.965]]
['circle', [0.21], [1.279, 2.651]]
['circle', [0.221], [0.321, 4.466]]
['circle', [0.362], [3.223, 1.848]]
['circle', [0.309], [2.144, 3.716]]
['circle', [0.214], [4.678, 0.931]]
['circle', [0.346], [4.669, 3.927]]
num8
start:[2.618, 4.554]
terminal:[0.818, 4.231]
obs num:15
['circle', [0.209], [2.145, 2.328]]
['circle', [0.384], [2.061, 4.902]]
['circle', [0.239], [4.971, 3.29]]
['circle', [0.355], [0.609, 1.024]]
['circle', [0.209], [3.015, 2.776]]
['circle', [0.366], [1.939, 0.177]]
['circle', [0.388], [4.06, 2.493]]
['circle', [0.278], [0.878, 3.49]]
['circle', [0.386], [1.101, 2.267]]
['circle', [0.218], [2.761, 1.775]]
['circle', [0.29], [4.417, 0.858]]
['circle', [0.396], [3.852, 3.946]]
['circle', [0.258], [4.554, 4.961]]
['circle', [0.206], [1.76, 3.766]]
['circle', [0.208], [3.666, 1.429]]
num9
start:[1.576, 0.856]
terminal:[4.486, 4.317]
obs num:15
['circle', [0.232], [0.895, 4.728]]
['circle', [0.329], [1.241, 2.212]]
['circle', [0.217], [3.424, 4.411]]
['circle', [0.357], [4.033, 3.411]]
['circle', [0.216], [2.453, 3.084]]
['circle', [0.25], [0.287, 1.82]]
['circle', [0.349], [1.478, 3.707]]
['circle', [0.359], [0.212, 0.433]]
['circle', [0.28], [3.496, 0.267]]
['circle', [0.244], [4.926, 1.916]]
['circle', [0.348], [1.995, 4.887]]
['circle', [0.215], [0.076, 2.812]]
['circle', [0.335], [2.42, 1.509]]
['circle', [0.376], [3.509, 1.944]]
['circle', [0.283], [1.887, 0.407]]
num10
start:[4.395, 1.593]
terminal:[2.368, 1.308]
obs num:15
['circle', [0.303], [4.624, 4.842]]
['circle', [0.389], [2.314, 2.924]]
['circle', [0.344], [0.591, 2.055]]
['circle', [0.371], [3.33, 2.246]]
['circle', [0.354], [3.035, 4.381]]
['circle', [0.342], [1.183, 0.118]]
['circle', [0.347], [4.339, 0.8]]
['circle', [0.28], [3.771, 3.338]]
['circle', [0.246], [0.121, 3.248]]
['circle', [0.211], [1.77, 4.934]]
['circle', [0.289], [3.27, 1.017]]
['circle', [0.333], [0.542, 4.582]]
['circle', [0.206], [1.486, 3.72]]
['circle', [0.21], [1.907, 2.0]]
['circle', [0.228], [4.369, 2.141]]
num11
start:[1.278, 0.61]
terminal:[3.859, 0.291]
obs num:15
['circle', [0.29], [0.138, 0.607]]
['circle', [0.216], [0.753, 2.23]]
['circle', [0.393], [1.034, 4.281]]
['circle', [0.312], [4.161, 1.394]]
['circle', [0.215], [1.174, 1.281]]
['circle', [0.224], [1.715, 0.141]]
['circle', [0.351], [4.549, 4.179]]
['circle', [0.365], [4.819, 2.79]]
['circle', [0.206], [1.735, 2.348]]
['circle', [0.366], [4.964, 0.273]]
['circle', [0.267], [0.325, 3.178]]
['circle', [0.302], [2.788, 0.866]]
['circle', [0.353], [2.835, 2.434]]
['circle', [0.388], [3.327, 4.257]]
['circle', [0.294], [2.235, 4.854]]
num12
start:[1.793, 0.992]
terminal:[3.828, 2.999]
obs num:15
['circle', [0.277], [2.09, 3.792]]
['circle', [0.302], [3.856, 0.058]]
['circle', [0.378], [4.44, 3.613]]
['circle', [0.246], [1.205, 4.477]]
['circle', [0.262], [0.695, 2.602]]
['circle', [0.254], [3.54, 2.605]]
['circle', [0.346], [1.172, 0.394]]
['circle', [0.269], [3.036, 4.339]]
['circle', [0.321], [4.693, 0.961]]
['circle', [0.221], [0.121, 3.669]]
['circle', [0.397], [1.956, 2.638]]
['circle', [0.25], [3.958, 1.782]]
['circle', [0.264], [0.397, 1.461]]
['circle', [0.238], [4.72, 2.491]]
['circle', [0.312], [3.023, 0.796]]
num13
start:[2.305, 3.853]
terminal:[3.258, 2.337]
obs num:15
['circle', [0.347], [0.119, 4.932]]
['circle', [0.352], [2.176, 4.398]]
['circle', [0.307], [1.507, 0.358]]
['circle', [0.372], [0.547, 2.811]]
['circle', [0.379], [4.526, 0.781]]
['circle', [0.254], [1.134, 3.826]]
['circle', [0.334], [3.479, 4.002]]
['circle', [0.298], [2.886, 1.858]]
['circle', [0.242], [4.4, 4.593]]
['circle', [0.216], [0.135, 0.876]]
['circle', [0.296], [2.466, 0.749]]
['circle', [0.268], [1.695, 2.036]]
['circle', [0.278], [3.871, 2.556]]
['circle', [0.32], [2.532, 2.93]]
['circle', [0.299], [0.938, 1.419]]
num14
start:[0.64, 4.517]
terminal:[0.385, 3.233]
obs num:15
['circle', [0.307], [4.66, 3.358]]
['circle', [0.278], [1.201, 4.462]]
['circle', [0.381], [3.26, 3.849]]
['circle', [0.33], [4.969, 2.248]]
['circle', [0.303], [1.379, 2.859]]
['circle', [0.323], [0.455, 0.123]]
['circle', [0.344], [0.227, 1.872]]
['circle', [0.358], [4.181, 0.149]]
['circle', [0.34], [2.804, 0.618]]
['circle', [0.271], [1.965, 1.736]]
['circle', [0.267], [1.843, 0.239]]
['circle', [0.39], [3.155, 2.411]]
['circle', [0.366], [4.841, 4.889]]
['circle', [0.239], [1.829, 3.715]]
['circle', [0.301], [4.296, 1.45]]
num15
start:[3.259, 0.342]
terminal:[2.772, 0.559]
obs num:15
['circle', [0.31], [2.258, 4.867]]
['circle', [0.294], [4.67, 4.739]]
['circle', [0.354], [4.844, 2.593]]
['circle', [0.233], [3.032, 4.132]]
['circle', [0.292], [1.085, 0.322]]
['circle', [0.371], [1.331, 2.212]]
['circle', [0.246], [2.073, 3.759]]
['circle', [0.23], [0.476, 1.539]]
['circle', [0.3], [3.447, 1.474]]
['circle', [0.337], [4.364, 3.657]]
['circle', [0.301], [0.011, 3.574]]
['circle', [0.322], [3.438, 2.613]]
['circle', [0.2], [0.434, 4.819]]
['circle', [0.286], [4.801, 0.585]]
['circle', [0.218], [2.481, 0.181]]
num16
start:[0.787, 3.057]
terminal:[1.907, 0.986]
obs num:15
['circle', [0.338], [3.802, 0.015]]
['circle', [0.369], [2.928, 0.717]]
['circle', [0.208], [3.859, 1.986]]
['circle', [0.215], [0.918, 0.089]]
['circle', [0.299], [0.284, 2.234]]
['circle', [0.352], [3.178, 3.714]]
['circle', [0.266], [2.015, 1.91]]
['circle', [0.282], [4.79, 1.675]]
['circle', [0.287], [4.155, 4.906]]
['circle', [0.389], [2.149, 2.988]]
['circle', [0.288], [0.184, 4.19]]
['circle', [0.383], [4.899, 2.905]]
['circle', [0.363], [0.897, 1.353]]
['circle', [0.333], [1.092, 3.69]]
['circle', [0.397], [2.497, 4.794]]
num17
start:[0.705, 1.453]
terminal:[1.056, 1.924]
obs num:15
['circle', [0.269], [1.356, 4.973]]
['circle', [0.205], [1.499, 0.166]]
['circle', [0.287], [3.328, 3.977]]
['circle', [0.335], [3.816, 2.011]]
['circle', [0.395], [4.664, 0.675]]
['circle', [0.348], [0.477, 3.916]]
['circle', [0.294], [0.783, 2.722]]
['circle', [0.348], [2.584, 2.463]]
['circle', [0.302], [2.2, 3.748]]
['circle', [0.234], [4.906, 4.784]]
['circle', [0.356], [0.142, 0.297]]
['circle', [0.334], [2.711, 0.251]]
['circle', [0.273], [2.162, 1.458]]
['circle', [0.239], [3.172, 1.18]]
['circle', [0.202], [1.071, 0.949]]
num18
start:[3.901, 1.027]
terminal:[4.803, 2.777]
obs num:15
['circle', [0.296], [4.259, 3.314]]
['circle', [0.205], [1.814, 0.743]]
['circle', [0.284], [1.589, 2.053]]
['circle', [0.326], [0.812, 0.337]]
['circle', [0.34], [2.873, 4.769]]
['circle', [0.321], [4.551, 0.298]]
['circle', [0.395], [3.536, 1.8]]
['circle', [0.215], [3.107, 0.221]]
['circle', [0.4], [1.806, 3.504]]
['circle', [0.215], [2.99, 3.34]]
['circle', [0.31], [0.166, 4.783]]
['circle', [0.219], [0.58, 1.882]]
['circle', [0.243], [4.534, 1.394]]
['circle', [0.231], [1.769, 4.714]]
['circle', [0.23], [4.821, 4.825]]
num19
start:[3.676, 3.957]
terminal:[1.384, 1.37]
obs num:15
['circle', [0.303], [0.198, 3.762]]
['circle', [0.346], [0.521, 1.37]]
['circle', [0.293], [4.595, 4.557]]
['circle', [0.375], [0.931, 2.838]]
['circle', [0.273], [3.804, 3.377]]
['circle', [0.383], [3.008, 0.701]]
['circle', [0.388], [0.944, 4.673]]
['circle', [0.279], [1.144, 0.404]]
['circle', [0.393], [2.311, 2.916]]
['circle', [0.246], [4.223, 1.271]]
['circle', [0.254], [2.126, 4.335]]
['circle', [0.344], [0.143, 0.142]]
['circle', [0.242], [4.231, 0.257]]
['circle', [0.318], [2.219, 1.707]]
['circle', [0.261], [3.436, 1.899]]
num20
start:[4.53, 3.767]
terminal:[1.668, 0.544]
obs num:15
['circle', [0.356], [3.272, 4.66]]
['circle', [0.216], [0.619, 0.157]]
['circle', [0.334], [1.495, 1.559]]
['circle', [0.354], [0.83, 3.03]]
['circle', [0.278], [0.132, 2.049]]
['circle', [0.328], [3.71, 1.001]]
['circle', [0.293], [4.392, 0.206]]
['circle', [0.389], [2.068, 3.199]]
['circle', [0.212], [3.544, 3.224]]
['circle', [0.262], [0.631, 4.583]]
['circle', [0.26], [3.582, 2.314]]
['circle', [0.37], [4.91, 1.734]]
['circle', [0.219], [2.842, 0.435]]
['circle', [0.288], [4.275, 4.315]]
['circle', [0.242], [1.91, 4.46]]
num21
start:[1.192, 4.558]
terminal:[4.761, 1.529]
obs num:15
['circle', [0.224], [2.434, 2.108]]
['circle', [0.387], [1.16, 2.557]]
['circle', [0.231], [4.535, 4.045]]
['circle', [0.323], [4.935, 2.825]]
['circle', [0.232], [3.289, 0.648]]
['circle', [0.308], [3.81, 2.193]]
['circle', [0.205], [1.074, 1.555]]
['circle', [0.235], [2.676, 3.905]]
['circle', [0.382], [1.417, 3.945]]
['circle', [0.398], [1.702, 0.237]]
['circle', [0.274], [4.989, 4.977]]
['circle', [0.287], [0.523, 0.754]]
['circle', [0.351], [3.703, 3.325]]
['circle', [0.202], [4.649, 0.375]]
['circle', [0.221], [2.382, 4.882]]
num22
start:[3.158, 4.641]
terminal:[3.289, 2.081]
obs num:15
['circle', [0.297], [3.895, 4.824]]
['circle', [0.388], [1.059, 4.834]]
['circle', [0.366], [0.391, 2.932]]
['circle', [0.263], [3.838, 3.276]]
['circle', [0.383], [4.138, 1.11]]
['circle', [0.334], [2.702, 0.635]]
['circle', [0.219], [4.911, 3.688]]
['circle', [0.342], [0.575, 1.739]]
['circle', [0.395], [1.327, 0.626]]
['circle', [0.281], [2.714, 3.677]]
['circle', [0.384], [2.032, 1.755]]
['circle', [0.306], [2.346, 4.907]]
['circle', [0.211], [0.06, 0.386]]
['circle', [0.331], [1.7, 3.759]]
['circle', [0.351], [2.844, 2.652]]
num23
start:[4.447, 3.155]
terminal:[3.19, 0.954]
obs num:15
['circle', [0.265], [4.638, 0.046]]
['circle', [0.291], [1.244, 4.518]]
['circle', [0.211], [2.596, 4.803]]
['circle', [0.345], [4.946, 1.819]]
['circle', [0.351], [0.427, 1.868]]
['circle', [0.259], [1.763, 0.865]]
['circle', [0.313], [2.724, 1.173]]
['circle', [0.341], [2.301, 2.857]]
['circle', [0.218], [4.196, 4.8]]
['circle', [0.275], [3.273, 2.124]]
['circle', [0.363], [0.607, 0.241]]
['circle', [0.293], [4.829, 3.53]]
['circle', [0.237], [0.111, 4.463]]
['circle', [0.278], [3.372, 3.657]]
['circle', [0.315], [0.065, 3.408]]
num24
start:[3.049, 3.089]
terminal:[0.338, 3.607]
obs num:15
['circle', [0.237], [2.764, 0.105]]
['circle', [0.397], [3.477, 2.175]]
['circle', [0.289], [4.1, 4.706]]
['circle', [0.274], [1.56, 0.13]]
['circle', [0.267], [4.797, 2.267]]
['circle', [0.25], [1.203, 2.143]]
['circle', [0.245], [1.382, 4.922]]
['circle', [0.304], [0.528, 4.495]]
['circle', [0.237], [1.727, 3.656]]
['circle', [0.278], [2.088, 1.839]]
['circle', [0.22], [0.054, 0.115]]
['circle', [0.302], [3.98, 3.568]]
['circle', [0.389], [3.883, 0.546]]
['circle', [0.224], [2.869, 3.529]]
['circle', [0.233], [4.858, 4.089]]
num25
start:[4.663, 0.853]
terminal:[3.751, 1.019]
obs num:15
['circle', [0.206], [0.098, 3.325]]
['circle', [0.364], [4.399, 3.461]]
['circle', [0.319], [4.367, 4.967]]
['circle', [0.371], [1.673, 2.717]]
['circle', [0.257], [3.245, 2.661]]
['circle', [0.221], [3.188, 0.532]]
['circle', [0.255], [0.709, 0.567]]
['circle', [0.245], [0.951, 4.283]]
['circle', [0.245], [3.031, 3.869]]
['circle', [0.275], [4.183, 1.434]]
['circle', [0.356], [0.241, 1.765]]
['circle', [0.222], [1.992, 0.81]]
['circle', [0.344], [2.381, 4.925]]
['circle', [0.309], [2.791, 1.634]]
['circle', [0.325], [4.91, 2.216]]
num26
start:[3.656, 3.586]
terminal:[3.837, 4.583]
obs num:15
['circle', [0.22], [1.19, 1.351]]
['circle', [0.397], [3.845, 2.566]]
['circle', [0.218], [0.677, 2.195]]
['circle', [0.372], [2.416, 4.02]]
['circle', [0.32], [0.584, 3.673]]
['circle', [0.301], [1.156, 0.417]]
['circle', [0.372], [2.073, 2.263]]
['circle', [0.21], [3.32, 4.565]]
['circle', [0.213], [2.675, 1.444]]
['circle', [0.231], [0.58, 4.804]]
['circle', [0.314], [4.24, 0.197]]
['circle', [0.361], [4.816, 4.282]]
['circle', [0.259], [4.741, 1.761]]
['circle', [0.221], [0.015, 2.724]]
['circle', [0.291], [2.656, 0.076]]
num27
start:[3.404, 4.456]
terminal:[1.557, 1.924]
obs num:15
['circle', [0.241], [1.602, 3.367]]
['circle', [0.399], [3.542, 1.8]]
['circle', [0.328], [0.161, 1.483]]
['circle', [0.245], [3.138, 3.45]]
['circle', [0.283], [0.794, 4.653]]
['circle', [0.234], [0.398, 3.267]]
['circle', [0.27], [2.675, 0.815]]
['circle', [0.23], [4.559, 2.484]]
['circle', [0.306], [0.97, 2.28]]
['circle', [0.363], [4.778, 3.776]]
['circle', [0.218], [4.405, 0.199]]
['circle', [0.27], [0.48, 0.014]]
['circle', [0.26], [2.581, 2.648]]
['circle', [0.375], [4.99, 4.985]]
['circle', [0.383], [2.506, 4.84]]
num28
start:[3.912, 1.074]
terminal:[4.801, 1.413]
obs num:15
['circle', [0.258], [3.892, 4.473]]
['circle', [0.365], [0.541, 0.856]]
['circle', [0.309], [4.629, 3.789]]
['circle', [0.266], [2.992, 0.831]]
['circle', [0.329], [2.955, 2.272]]
['circle', [0.383], [0.874, 4.661]]
['circle', [0.306], [4.593, 2.431]]
['circle', [0.301], [3.328, 3.439]]
['circle', [0.356], [0.482, 2.215]]
['circle', [0.256], [1.404, 3.098]]
['circle', [0.222], [2.309, 1.421]]
['circle', [0.223], [2.228, 4.777]]
['circle', [0.267], [2.162, 0.385]]
['circle', [0.279], [4.419, 0.084]]
['circle', [0.296], [4.956, 4.796]]
num29
start:[3.035, 2.947]
terminal:[2.207, 1.054]
obs num:15
['circle', [0.357], [0.218, 3.64]]
['circle', [0.34], [4.21, 3.811]]
['circle', [0.304], [0.791, 1.7]]
['circle', [0.23], [1.924, 3.651]]
['circle', [0.281], [2.855, 0.202]]
['circle', [0.306], [3.539, 2.684]]
['circle', [0.237], [4.237, 0.445]]
['circle', [0.365], [4.764, 1.315]]
['circle', [0.249], [1.74, 1.549]]
['circle', [0.203], [0.335, 4.662]]
['circle', [0.372], [1.65, 0.154]]
['circle', [0.347], [2.289, 2.613]]
['circle', [0.232], [3.178, 1.619]]
['circle', [0.215], [4.532, 2.708]]
['circle', [0.329], [1.277, 4.906]]
num30
start:[0.598, 3.394]
terminal:[0.587, 3.838]
obs num:15
['circle', [0.335], [4.971, 4.893]]
['circle', [0.27], [2.888, 3.098]]
['circle', [0.35], [1.513, 4.657]]
['circle', [0.362], [4.783, 2.267]]
['circle', [0.29], [1.305, 0.432]]
['circle', [0.307], [0.704, 1.403]]
['circle', [0.34], [1.332, 3.248]]
['circle', [0.24], [0.207, 2.638]]
['circle', [0.341], [2.682, 1.085]]
['circle', [0.237], [0.095, 0.293]]
['circle', [0.279], [4.106, 3.936]]
['circle', [0.31], [3.729, 0.115]]
['circle', [0.374], [3.393, 4.983]]
['circle', [0.213], [0.1, 4.314]]
['circle', [0.377], [4.619, 0.836]]
num31
start:[2.137, 4.537]
terminal:[3.801, 4.509]
obs num:15
['circle', [0.311], [3.734, 1.874]]
['circle', [0.303], [0.025, 2.51]]
['circle', [0.332], [4.494, 4.256]]
['circle', [0.385], [0.46, 0.628]]
['circle', [0.344], [3.02, 0.551]]
['circle', [0.308], [2.81, 3.891]]
['circle', [0.367], [1.278, 2.209]]
['circle', [0.268], [4.214, 0.808]]
['circle', [0.277], [1.156, 4.244]]
['circle', [0.218], [2.51, 4.913]]
['circle', [0.265], [4.812, 2.328]]
['circle', [0.393], [1.536, 0.139]]
['circle', [0.215], [1.531, 3.382]]
['circle', [0.343], [3.895, 3.033]]
['circle', [0.309], [2.003, 1.385]]
num32
start:[4.282, 3.206]
terminal:[1.772, 2.742]
obs num:15
['circle', [0.283], [2.683, 2.591]]
['circle', [0.266], [3.017, 4.498]]
['circle', [0.213], [1.592, 4.789]]
['circle', [0.215], [2.127, 0.898]]
['circle', [0.312], [3.726, 3.387]]
['circle', [0.23], [0.658, 1.325]]
['circle', [0.278], [4.219, 1.767]]
['circle', [0.393], [4.856, 4.19]]
['circle', [0.308], [2.371, 0.006]]
['circle', [0.209], [0.625, 3.695]]
['circle', [0.307], [3.663, 0.534]]
['circle', [0.271], [2.127, 3.464]]
['circle', [0.24], [0.125, 4.678]]
['circle', [0.342], [0.062, 2.793]]
['circle', [0.363], [2.923, 1.475]]
num33
start:[0.994, 4.365]
terminal:[3.744, 0.335]
obs num:15
['circle', [0.229], [1.109, 0.156]]
['circle', [0.227], [4.808, 3.742]]
['circle', [0.262], [2.183, 2.088]]
['circle', [0.376], [4.647, 0.453]]
['circle', [0.214], [3.403, 3.681]]
['circle', [0.281], [2.397, 3.357]]
['circle', [0.387], [2.606, 0.59]]
['circle', [0.314], [0.98, 1.724]]
['circle', [0.361], [4.267, 1.909]]
['circle', [0.263], [4.984, 4.995]]
['circle', [0.228], [3.243, 2.683]]
['circle', [0.394], [1.269, 4.9]]
['circle', [0.313], [0.582, 3.104]]
['circle', [0.341], [3.16, 4.807]]
['circle', [0.326], [3.091, 1.659]]
num34
start:[0.632, 3.882]
terminal:[4.259, 3.434]
obs num:15
['circle', [0.382], [0.218, 4.355]]
['circle', [0.247], [1.152, 1.549]]
['circle', [0.354], [1.6, 0.615]]
['circle', [0.256], [4.412, 4.922]]
['circle', [0.222], [4.767, 3.87]]
['circle', [0.257], [0.795, 2.986]]
['circle', [0.218], [0.359, 0.667]]
['circle', [0.396], [3.613, 1.217]]
['circle', [0.278], [1.174, 4.901]]
['circle', [0.396], [3.526, 2.649]]
['circle', [0.277], [1.619, 3.593]]
['circle', [0.361], [3.31, 4.652]]
['circle', [0.392], [4.639, 0.495]]
['circle', [0.371], [4.969, 2.303]]
['circle', [0.269], [2.459, 2.868]]
num35
start:[0.832, 3.274]
terminal:[4.772, 1.749]
obs num:15
['circle', [0.286], [0.044, 2.367]]
['circle', [0.323], [4.513, 4.726]]
['circle', [0.367], [2.528, 3.026]]
['circle', [0.306], [2.299, 1.976]]
['circle', [0.231], [3.426, 1.236]]
['circle', [0.297], [4.571, 3.207]]
['circle', [0.212], [2.74, 0.19]]
['circle', [0.283], [0.424, 0.124]]
['circle', [0.315], [0.921, 1.187]]
['circle', [0.216], [3.654, 4.011]]
['circle', [0.384], [1.134, 4.071]]
['circle', [0.267], [3.665, 2.166]]
['circle', [0.28], [2.281, 4.829]]
['circle', [0.213], [2.1, 0.752]]
['circle', [0.227], [3.727, 0.275]]
num36
start:[3.787, 1.965]
terminal:[3.308, 1.646]
obs num:15
['circle', [0.251], [4.697, 0.279]]
['circle', [0.379], [2.371, 0.127]]
['circle', [0.27], [2.906, 4.136]]
['circle', [0.329], [1.059, 5.0]]
['circle', [0.267], [4.319, 4.981]]
['circle', [0.225], [2.312, 1.66]]
['circle', [0.224], [4.069, 3.49]]
['circle', [0.272], [0.168, 0.025]]
['circle', [0.252], [3.261, 2.892]]
['circle', [0.361], [0.844, 1.001]]
['circle', [0.282], [2.271, 4.997]]
['circle', [0.4], [0.5, 2.728]]
['circle', [0.284], [3.745, 1.046]]
['circle', [0.277], [1.768, 4.05]]
['circle', [0.208], [2.226, 2.491]]
num37
start:[1.133, 3.127]
terminal:[0.898, 2.429]
obs num:15
['circle', [0.39], [4.932, 2.808]]
['circle', [0.354], [1.881, 2.768]]
['circle', [0.213], [3.072, 4.073]]
['circle', [0.393], [0.918, 4.106]]
['circle', [0.386], [4.207, 1.564]]
['circle', [0.259], [3.863, 2.749]]
['circle', [0.312], [2.989, 2.294]]
['circle', [0.205], [1.39, 1.428]]
['circle', [0.318], [3.693, 4.98]]
['circle', [0.227], [4.271, 0.435]]
['circle', [0.32], [4.886, 4.261]]
['circle', [0.219], [0.565, 0.853]]
['circle', [0.368], [2.786, 0.888]]
['circle', [0.224], [2.229, 4.054]]
['circle', [0.32], [0.157, 2.779]]
num38
start:[0.701, 1.596]
terminal:[2.752, 1.037]
obs num:15
['circle', [0.323], [1.462, 0.006]]
['circle', [0.264], [3.589, 3.205]]
['circle', [0.221], [2.077, 2.854]]
['circle', [0.306], [4.589, 3.961]]
['circle', [0.236], [3.17, 4.578]]
['circle', [0.321], [0.29, 4.065]]
['circle', [0.357], [2.872, 2.167]]
['circle', [0.271], [1.723, 4.182]]
['circle', [0.389], [4.203, 0.098]]
['circle', [0.313], [0.099, 0.42]]
['circle', [0.302], [3.251, 0.921]]
['circle', [0.377], [0.99, 2.54]]
['circle', [0.225], [4.993, 2.638]]
['circle', [0.256], [4.725, 1.613]]
['circle', [0.387], [1.538, 1.506]]
num39
start:[0.989, 2.681]
terminal:[4.604, 4.794]
obs num:15
['circle', [0.202], [3.83, 2.299]]
['circle', [0.309], [0.431, 4.135]]
['circle', [0.247], [1.639, 3.024]]
['circle', [0.201], [4.588, 0.311]]
['circle', [0.371], [4.531, 1.327]]
['circle', [0.317], [2.646, 0.358]]
['circle', [0.38], [2.614, 3.532]]
['circle', [0.381], [1.192, 0.614]]
['circle', [0.269], [4.197, 3.698]]
['circle', [0.257], [1.638, 2.003]]
['circle', [0.209], [0.067, 2.772]]
['circle', [0.337], [3.597, 4.817]]
['circle', [0.212], [3.537, 1.026]]
['circle', [0.241], [0.63, 2.022]]
['circle', [0.22], [2.049, 1.178]]
num40
start:[0.289, 4.048]
terminal:[3.273, 1.952]
obs num:15
['circle', [0.256], [2.614, 2.29]]
['circle', [0.374], [4.143, 3.455]]
['circle', [0.202], [1.019, 2.637]]
['circle', [0.261], [2.951, 3.429]]
['circle', [0.262], [1.058, 3.706]]
['circle', [0.31], [2.533, 1.237]]
['circle', [0.287], [1.93, 4.851]]
['circle', [0.237], [0.876, 1.76]]
['circle', [0.364], [4.187, 0.289]]
['circle', [0.392], [0.345, 0.669]]
['circle', [0.297], [0.145, 3.137]]
['circle', [0.353], [3.69, 2.319]]
['circle', [0.264], [1.58, 0.262]]
['circle', [0.207], [0.979, 4.947]]
['circle', [0.204], [4.79, 1.566]]
num41
start:[3.579, 1.66]
terminal:[1.72, 1.347]
obs num:15
['circle', [0.232], [4.951, 4.22]]
['circle', [0.397], [1.251, 3.518]]
['circle', [0.231], [2.227, 3.139]]
['circle', [0.314], [2.71, 4.159]]
['circle', [0.278], [0.122, 2.678]]
['circle', [0.211], [2.48, 1.399]]
['circle', [0.231], [4.005, 4.211]]
['circle', [0.299], [1.66, 2.18]]
['circle', [0.371], [0.039, 0.587]]
['circle', [0.316], [0.331, 4.363]]
['circle', [0.269], [4.299, 1.969]]
['circle', [0.304], [4.656, 0.181]]
['circle', [0.391], [1.383, 0.801]]
['circle', [0.317], [3.045, 0.571]]
['circle', [0.368], [3.878, 2.963]]
num42
start:[3.142, 0.759]
terminal:[2.319, 0.299]
obs num:15
['circle', [0.206], [1.927, 4.687]]
['circle', [0.384], [0.608, 4.123]]
['circle', [0.202], [2.683, 1.252]]
['circle', [0.291], [3.542, 3.494]]
['circle', [0.234], [4.141, 1.439]]
['circle', [0.236], [3.871, 2.544]]
['circle', [0.289], [0.579, 0.867]]
['circle', [0.363], [4.779, 3.636]]
['circle', [0.284], [4.168, 4.523]]
['circle', [0.306], [1.181, 3.004]]
['circle', [0.254], [3.802, 0.027]]
['circle', [0.364], [1.677, 1.654]]
['circle', [0.269], [2.983, 2.293]]
['circle', [0.246], [2.907, 4.666]]
['circle', [0.374], [4.787, 0.417]]
num43
start:[4.497, 3.353]
terminal:[4.198, 1.399]
obs num:15
['circle', [0.266], [2.22, 3.569]]
['circle', [0.366], [3.634, 2.936]]
['circle', [0.251], [3.338, 0.444]]
['circle', [0.291], [0.469, 1.701]]
['circle', [0.245], [3.106, 1.908]]
['circle', [0.268], [0.444, 3.885]]
['circle', [0.313], [1.494, 4.989]]
['circle', [0.294], [4.836, 1.385]]
['circle', [0.32], [2.997, 4.99]]
['circle', [0.364], [1.973, 1.776]]
['circle', [0.223], [2.086, 0.414]]
['circle', [0.387], [4.146, 4.116]]
['circle', [0.206], [4.719, 0.224]]
['circle', [0.248], [0.025, 0.365]]
['circle', [0.219], [4.898, 2.883]]
num44
start:[3.351, 2.962]
terminal:[1.486, 4.338]
obs num:15
['circle', [0.327], [0.571, 2.732]]
['circle', [0.224], [2.943, 2.463]]
['circle', [0.303], [0.597, 0.535]]
['circle', [0.303], [3.504, 1.036]]
['circle', [0.339], [1.892, 0.074]]
['circle', [0.327], [1.97, 1.298]]
['circle', [0.375], [3.067, 4.249]]
['circle', [0.209], [1.636, 2.688]]
['circle', [0.251], [4.306, 2.679]]
['circle', [0.226], [0.712, 4.341]]
['circle', [0.264], [4.847, 0.657]]
['circle', [0.205], [4.701, 4.089]]
['circle', [0.233], [1.99, 3.544]]
['circle', [0.247], [4.748, 1.768]]
['circle', [0.291], [3.007, 0.04]]
num45
start:[1.12, 1.285]
terminal:[3.239, 3.419]
obs num:15
['circle', [0.272], [1.648, 4.701]]
['circle', [0.22], [1.951, 1.476]]
['circle', [0.283], [0.804, 3.518]]
['circle', [0.228], [0.273, 1.946]]
['circle', [0.231], [2.55, 2.699]]
['circle', [0.204], [3.906, 3.58]]
['circle', [0.269], [2.867, 0.396]]
['circle', [0.37], [4.671, 0.121]]
['circle', [0.386], [1.416, 0.36]]
['circle', [0.251], [4.729, 4.055]]
['circle', [0.38], [4.546, 1.648]]
['circle', [0.299], [0.343, 0.722]]
['circle', [0.293], [4.972, 2.777]]
['circle', [0.24], [1.901, 3.618]]
['circle', [0.304], [2.667, 4.955]]
num46
start:[3.392, 1.228]
terminal:[2.219, 2.698]
obs num:15
['circle', [0.381], [4.184, 4.965]]
['circle', [0.341], [0.318, 0.632]]
['circle', [0.233], [1.488, 3.594]]
['circle', [0.355], [0.185, 3.439]]
['circle', [0.229], [4.054, 0.174]]
['circle', [0.285], [2.522, 1.682]]
['circle', [0.312], [1.679, 1.093]]
['circle', [0.335], [2.46, 0.121]]
['circle', [0.243], [3.013, 3.986]]
['circle', [0.225], [4.386, 2.272]]
['circle', [0.386], [3.266, 2.926]]
['circle', [0.233], [3.837, 1.021]]
['circle', [0.303], [4.723, 3.889]]
['circle', [0.254], [4.904, 1.07]]
['circle', [0.338], [0.626, 1.838]]
num47
start:[4.721, 0.865]
terminal:[1.307, 0.625]
obs num:15
['circle', [0.21], [1.662, 4.586]]
['circle', [0.2], [3.806, 0.095]]
['circle', [0.23], [1.007, 3.378]]
['circle', [0.328], [4.062, 4.806]]
['circle', [0.204], [4.981, 3.243]]
['circle', [0.214], [2.904, 4.044]]
['circle', [0.249], [1.211, 2.224]]
['circle', [0.37], [3.43, 2.118]]
['circle', [0.344], [2.497, 0.463]]
['circle', [0.269], [4.564, 2.029]]
['circle', [0.234], [1.839, 1.445]]
['circle', [0.237], [2.556, 2.631]]
['circle', [0.266], [0.844, 4.913]]
['circle', [0.245], [4.19, 3.693]]
['circle', [0.307], [0.456, 0.932]]
num48
start:[1.685, 4.835]
terminal:[3.63, 1.515]
obs num:15
['circle', [0.251], [0.051, 3.661]]
['circle', [0.338], [1.274, 0.199]]
['circle', [0.28], [4.437, 3.357]]
['circle', [0.39], [3.255, 0.751]]
['circle', [0.336], [2.562, 3.082]]
['circle', [0.306], [1.073, 4.036]]
['circle', [0.238], [2.041, 3.918]]
['circle', [0.321], [1.757, 1.417]]
['circle', [0.234], [4.083, 4.605]]
['circle', [0.318], [4.866, 0.349]]
['circle', [0.203], [1.321, 2.62]]
['circle', [0.291], [0.34, 0.888]]
['circle', [0.259], [2.736, 4.988]]
['circle', [0.386], [4.989, 2.386]]
['circle', [0.227], [2.82, 1.963]]
num49
start:[3.185, 0.436]
terminal:[0.687, 4.394]
obs num:15
['circle', [0.235], [2.283, 0.117]]
['circle', [0.278], [4.808, 1.301]]
['circle', [0.337], [1.797, 4.294]]
['circle', [0.218], [1.187, 0.558]]
['circle', [0.231], [4.681, 0.209]]
['circle', [0.326], [1.376, 1.775]]
['circle', [0.263], [3.296, 2.204]]
['circle', [0.284], [4.643, 3.434]]
['circle', [0.291], [2.908, 3.633]]
['circle', [0.329], [2.708, 1.321]]
['circle', [0.289], [3.165, 4.976]]
['circle', [0.221], [2.142, 2.5]]
['circle', [0.306], [0.259, 2.807]]
['circle', [0.268], [0.371, 0.064]]
['circle', [0.236], [3.849, 0.531]]
num50
start:[2.497, 1.839]
terminal:[2.843, 3.464]
obs num:15
['circle', [0.269], [4.427, 4.794]]
['circle', [0.335], [0.842, 3.389]]
['circle', [0.251], [4.17, 0.641]]
['circle', [0.287], [4.318, 1.592]]
['circle', [0.293], [2.966, 0.255]]
['circle', [0.225], [1.526, 0.024]]
['circle', [0.242], [2.993, 4.781]]
['circle', [0.328], [0.152, 4.464]]
['circle', [0.274], [2.088, 3.716]]
['circle', [0.342], [0.601, 1.624]]
['circle', [0.262], [3.832, 3.876]]
['circle', [0.28], [3.778, 2.8]]
['circle', [0.257], [1.719, 2.429]]
['circle', [0.394], [0.34, 0.393]]
['circle', [0.247], [4.813, 2.839]]
num51
start:[4.542, 2.597]
terminal:[1.382, 0.858]
obs num:15
['circle', [0.238], [3.025, 1.78]]
['circle', [0.276], [2.586, 0.933]]
['circle', [0.264], [1.788, 1.65]]
['circle', [0.275], [0.555, 4.408]]
['circle', [0.239], [0.469, 3.458]]
['circle', [0.389], [4.203, 3.938]]
['circle', [0.213], [1.782, 2.874]]
['circle', [0.368], [3.61, 2.936]]
['circle', [0.339], [4.551, 1.777]]
['circle', [0.203], [3.682, 0.211]]
['circle', [0.325], [3.073, 3.928]]
['circle', [0.347], [1.77, 4.005]]
['circle', [0.264], [0.884, 1.224]]
['circle', [0.246], [1.172, 0.019]]
['circle', [0.262], [0.628, 2.568]]
num52
start:[4.641, 2.451]
terminal:[3.037, 3.242]
obs num:15
['circle', [0.217], [4.952, 2.858]]
['circle', [0.225], [0.836, 1.678]]
['circle', [0.394], [0.788, 4.435]]
['circle', [0.271], [1.946, 1.526]]
['circle', [0.352], [2.113, 2.986]]
['circle', [0.36], [4.669, 0.633]]
['circle', [0.285], [3.913, 1.748]]
['circle', [0.209], [4.217, 4.69]]
['circle', [0.228], [3.565, 0.36]]
['circle', [0.385], [2.906, 4.447]]
['circle', [0.227], [0.712, 3.173]]
['circle', [0.365], [1.822, 0.362]]
['circle', [0.253], [2.79, 2.046]]
['circle', [0.28], [3.575, 3.251]]
['circle', [0.373], [4.682, 3.811]]
num53
start:[4.425, 2.579]
terminal:[0.712, 4.816]
obs num:15
['circle', [0.221], [4.932, 1.712]]
['circle', [0.285], [1.377, 3.718]]
['circle', [0.219], [1.128, 4.61]]
['circle', [0.2], [0.547, 3.192]]
['circle', [0.245], [1.197, 1.095]]
['circle', [0.313], [0.784, 2.049]]
['circle', [0.386], [2.261, 0.756]]
['circle', [0.351], [3.618, 2.723]]
['circle', [0.329], [2.398, 3.845]]
['circle', [0.265], [4.14, 4.976]]
['circle', [0.336], [3.775, 1.552]]
['circle', [0.375], [1.909, 2.15]]
['circle', [0.221], [4.278, 0.021]]
['circle', [0.381], [4.921, 3.928]]
['circle', [0.255], [0.932, 0.056]]
num54
start:[3.608, 2.073]
terminal:[4.431, 3.048]
obs num:15
['circle', [0.244], [0.117, 0.685]]
['circle', [0.203], [1.008, 4.807]]
['circle', [0.218], [3.474, 4.202]]
['circle', [0.315], [4.929, 1.684]]
['circle', [0.279], [4.431, 4.414]]
['circle', [0.271], [2.793, 2.16]]
['circle', [0.25], [1.607, 1.108]]
['circle', [0.283], [2.55, 0.944]]
['circle', [0.366], [0.379, 3.98]]
['circle', [0.243], [3.928, 3.419]]
['circle', [0.302], [4.47, 0.695]]
['circle', [0.244], [2.346, 4.646]]
['circle', [0.227], [4.944, 3.471]]
['circle', [0.292], [0.693, 2.082]]
['circle', [0.381], [1.445, 3.421]]
num55
start:[1.258, 0.677]
terminal:[2.471, 2.479]
obs num:15
['circle', [0.25], [3.753, 2.25]]
['circle', [0.398], [3.935, 4.326]]
['circle', [0.24], [1.046, 0.064]]
['circle', [0.38], [0.514, 1.604]]
['circle', [0.218], [4.533, 1.063]]
['circle', [0.294], [3.597, 0.494]]
['circle', [0.26], [1.107, 4.0]]
['circle', [0.354], [2.264, 4.366]]
['circle', [0.287], [4.922, 2.279]]
['circle', [0.318], [0.078, 0.422]]
['circle', [0.329], [3.401, 3.219]]
['circle', [0.359], [0.56, 4.937]]
['circle', [0.28], [1.772, 2.557]]
['circle', [0.282], [0.789, 2.861]]
['circle', [0.225], [2.06, 1.134]]
num56
start:[0.562, 0.922]
terminal:[1.981, 4.837]
obs num:15
['circle', [0.252], [2.797, 2.251]]
['circle', [0.397], [1.041, 4.179]]
['circle', [0.375], [3.373, 0.39]]
['circle', [0.303], [0.163, 1.503]]
['circle', [0.356], [1.711, 1.67]]
['circle', [0.393], [1.102, 0.087]]
['circle', [0.249], [4.189, 4.719]]
['circle', [0.281], [1.774, 2.731]]
['circle', [0.326], [3.514, 2.935]]
['circle', [0.345], [4.127, 1.546]]
['circle', [0.36], [4.662, 0.446]]
['circle', [0.26], [0.694, 2.41]]
['circle', [0.397], [4.638, 2.727]]
['circle', [0.351], [3.13, 4.374]]
['circle', [0.281], [2.422, 3.5]]
num57
start:[2.347, 1.4]
terminal:[1.752, 0.583]
obs num:15
['circle', [0.248], [3.033, 1.362]]
['circle', [0.335], [1.977, 3.534]]
['circle', [0.381], [0.894, 1.486]]
['circle', [0.339], [1.734, 2.312]]
['circle', [0.328], [4.149, 1.632]]
['circle', [0.296], [2.899, 0.31]]
['circle', [0.286], [4.235, 4.026]]
['circle', [0.271], [1.043, 0.072]]
['circle', [0.241], [2.356, 4.52]]
['circle', [0.35], [0.622, 3.493]]
['circle', [0.281], [4.462, 0.166]]
['circle', [0.232], [4.962, 2.588]]
['circle', [0.368], [3.221, 3.589]]
['circle', [0.278], [4.839, 4.927]]
['circle', [0.207], [1.489, 4.513]]
num58
start:[1.412, 3.494]
terminal:[2.024, 3.315]
obs num:15
['circle', [0.202], [0.161, 2.401]]
['circle', [0.279], [3.319, 0.098]]
['circle', [0.227], [3.181, 3.087]]
['circle', [0.338], [2.889, 1.971]]
['circle', [0.304], [0.654, 0.138]]
['circle', [0.205], [4.507, 2.587]]
['circle', [0.36], [1.164, 1.435]]
['circle', [0.228], [3.184, 4.196]]
['circle', [0.357], [4.883, 0.974]]
['circle', [0.313], [3.629, 1.051]]
['circle', [0.301], [0.822, 3.816]]
['circle', [0.204], [2.048, 0.377]]
['circle', [0.209], [4.719, 3.525]]
['circle', [0.222], [0.182, 1.169]]
['circle', [0.287], [0.002, 4.688]]
num59
start:[4.591, 1.053]
terminal:[1.152, 4.784]
obs num:15
['circle', [0.22], [2.053, 3.315]]
['circle', [0.384], [0.732, 4.146]]
['circle', [0.337], [3.3, 2.812]]
['circle', [0.394], [4.097, 1.592]]
['circle', [0.298], [0.371, 2.378]]
['circle', [0.376], [3.126, 0.238]]
['circle', [0.201], [4.127, 3.602]]
['circle', [0.264], [0.566, 0.267]]
['circle', [0.349], [1.782, 1.389]]
['circle', [0.344], [4.595, 4.471]]
['circle', [0.221], [2.908, 3.768]]
['circle', [0.289], [2.142, 4.431]]
['circle', [0.224], [0.045, 1.14]]
['circle', [0.214], [4.403, 2.759]]
['circle', [0.218], [3.543, 4.957]]
num60
start:[0.608, 0.171]
terminal:[1.908, 3.053]
obs num:15
['circle', [0.252], [4.557, 0.069]]
['circle', [0.249], [2.673, 4.081]]
['circle', [0.225], [1.544, 1.585]]
['circle', [0.319], [4.725, 4.609]]
['circle', [0.347], [1.587, 4.988]]
['circle', [0.287], [1.381, 3.881]]
['circle', [0.262], [0.424, 1.917]]
['circle', [0.21], [2.581, 1.944]]
['circle', [0.249], [1.682, 0.71]]
['circle', [0.359], [3.679, 2.073]]
['circle', [0.276], [4.194, 3.629]]
['circle', [0.293], [0.404, 4.812]]
['circle', [0.272], [3.638, 0.425]]
['circle', [0.256], [2.411, 0.077]]
['circle', [0.295], [2.619, 2.943]]
num61
start:[2.367, 3.465]
terminal:[2.362, 0.664]
obs num:15
['circle', [0.348], [0.526, 0.009]]
['circle', [0.214], [3.096, 0.692]]
['circle', [0.302], [2.895, 4.188]]
['circle', [0.344], [4.903, 4.447]]
['circle', [0.346], [0.712, 1.698]]
['circle', [0.262], [2.904, 2.394]]
['circle', [0.339], [1.608, 4.897]]
['circle', [0.292], [4.225, 1.61]]
['circle', [0.337], [2.288, 0.122]]
['circle', [0.303], [4.131, 0.008]]
['circle', [0.227], [1.712, 3.266]]
['circle', [0.202], [3.926, 3.136]]
['circle', [0.252], [1.776, 1.119]]
['circle', [0.358], [4.888, 2.607]]
['circle', [0.337], [0.178, 2.683]]
num62
start:[3.584, 3.306]
terminal:[4.205, 0.917]
obs num:15
['circle', [0.37], [0.389, 4.87]]
['circle', [0.265], [0.271, 1.91]]
['circle', [0.344], [3.237, 0.084]]
['circle', [0.382], [4.478, 4.12]]
['circle', [0.299], [1.219, 0.156]]
['circle', [0.374], [1.648, 2.933]]
['circle', [0.354], [3.108, 1.967]]
['circle', [0.212], [3.327, 4.529]]
['circle', [0.4], [2.394, 0.9]]
['circle', [0.374], [4.556, 0.307]]
['circle', [0.307], [4.704, 2.988]]
['circle', [0.362], [0.551, 3.5]]
['circle', [0.293], [4.544, 1.582]]
['circle', [0.216], [2.246, 4.158]]
['circle', [0.211], [1.63, 4.711]]
num63
start:[3.18, 4.595]
terminal:[2.902, 2.998]
obs num:15
['circle', [0.211], [3.715, 1.17]]
['circle', [0.334], [4.911, 1.828]]
['circle', [0.305], [0.658, 0.367]]
['circle', [0.204], [1.634, 1.422]]
['circle', [0.354], [3.622, 2.279]]
['circle', [0.356], [2.573, 0.07]]
['circle', [0.237], [1.57, 3.945]]
['circle', [0.355], [0.632, 4.846]]
['circle', [0.4], [0.078, 2.661]]
['circle', [0.366], [4.114, 0.142]]
['circle', [0.299], [4.449, 3.649]]
['circle', [0.235], [1.346, 3.089]]
['circle', [0.323], [2.864, 3.854]]
['circle', [0.354], [4.202, 4.841]]
['circle', [0.211], [0.588, 3.75]]
num64
start:[1.083, 2.615]
terminal:[4.147, 0.683]
obs num:15
['circle', [0.22], [2.792, 1.705]]
['circle', [0.231], [1.995, 3.92]]
['circle', [0.365], [4.387, 1.898]]
['circle', [0.34], [1.392, 0.767]]
['circle', [0.207], [1.15, 3.492]]
['circle', [0.343], [0.11, 2.659]]
['circle', [0.257], [0.121, 0.981]]
['circle', [0.21], [4.86, 3.706]]
['circle', [0.267], [0.12, 4.703]]
['circle', [0.238], [1.677, 2.829]]
['circle', [0.318], [3.041, 3.941]]
['circle', [0.289], [2.87, 2.718]]
['circle', [0.238], [3.218, 0.509]]
['circle', [0.208], [2.368, 0.222]]
['circle', [0.263], [1.622, 4.896]]
num65
start:[3.749, 1.173]
terminal:[2.684, 2.016]
obs num:15
['circle', [0.22], [4.781, 0.368]]
['circle', [0.349], [2.783, 3.052]]
['circle', [0.247], [1.2, 4.169]]
['circle', [0.22], [1.931, 0.668]]
['circle', [0.264], [4.936, 4.112]]
['circle', [0.29], [1.53, 2.837]]
['circle', [0.205], [4.496, 3.001]]
['circle', [0.279], [0.038, 2.488]]
['circle', [0.388], [3.885, 4.007]]
['circle', [0.32], [4.18, 2.082]]
['circle', [0.314], [0.913, 0.535]]
['circle', [0.3], [0.185, 4.181]]
['circle', [0.204], [0.119, 1.04]]
['circle', [0.395], [2.23, 4.61]]
['circle', [0.375], [2.19, 1.633]]
num66
start:[2.748, 2.237]
terminal:[0.571, 0.795]
obs num:15
['circle', [0.226], [4.804, 1.28]]
['circle', [0.272], [3.046, 0.058]]
['circle', [0.323], [1.432, 3.458]]
['circle', [0.236], [3.462, 2.975]]
['circle', [0.265], [0.472, 1.817]]
['circle', [0.238], [2.445, 4.402]]
['circle', [0.27], [3.136, 1.809]]
['circle', [0.364], [4.456, 4.584]]
['circle', [0.324], [3.399, 4.914]]
['circle', [0.31], [2.354, 1.1]]
['circle', [0.305], [0.506, 0.113]]
['circle', [0.329], [3.816, 0.807]]
['circle', [0.323], [2.431, 2.868]]
['circle', [0.245], [4.705, 3.44]]
['circle', [0.383], [0.98, 4.967]]
num67
start:[1.636, 3.302]
terminal:[2.878, 2.589]
obs num:15
['circle', [0.208], [1.083, 1.185]]
['circle', [0.259], [4.475, 1.083]]
['circle', [0.229], [3.551, 1.41]]
['circle', [0.365], [0.321, 4.526]]
['circle', [0.243], [0.951, 3.625]]
['circle', [0.235], [4.903, 3.817]]
['circle', [0.261], [2.256, 3.158]]
['circle', [0.375], [3.279, 3.384]]
['circle', [0.231], [4.14, 2.81]]
['circle', [0.226], [1.915, 0.112]]
['circle', [0.312], [2.904, 4.852]]
['circle', [0.271], [0.09, 0.717]]
['circle', [0.222], [2.627, 1.683]]
['circle', [0.271], [4.11, 4.609]]
['circle', [0.294], [4.16, 0.062]]
num68
start:[1.365, 3.344]
terminal:[2.222, 2.18]
obs num:15
['circle', [0.315], [0.152, 2.972]]
['circle', [0.292], [3.302, 2.323]]
['circle', [0.317], [1.185, 2.797]]
['circle', [0.3], [2.162, 0.933]]
['circle', [0.237], [0.598, 4.497]]
['circle', [0.236], [4.603, 3.025]]
['circle', [0.205], [4.343, 4.921]]
['circle', [0.277], [3.822, 1.188]]
['circle', [0.399], [2.651, 4.663]]
['circle', [0.202], [3.741, 4.185]]
['circle', [0.337], [0.286, 0.318]]
['circle', [0.288], [0.753, 1.279]]
['circle', [0.279], [2.891, 3.263]]
['circle', [0.227], [3.176, 0.238]]
['circle', [0.385], [4.877, 0.245]]
num69
start:[2.057, 3.192]
terminal:[3.762, 0.823]
obs num:15
['circle', [0.221], [2.134, 2.559]]
['circle', [0.2], [3.68, 4.449]]
['circle', [0.354], [0.537, 2.049]]
['circle', [0.275], [1.026, 0.003]]
['circle', [0.302], [4.896, 3.335]]
['circle', [0.265], [0.568, 4.826]]
['circle', [0.267], [2.526, 1.74]]
['circle', [0.222], [0.155, 3.638]]
['circle', [0.305], [3.701, 2.954]]
['circle', [0.373], [2.945, 0.092]]
['circle', [0.293], [4.407, 0.296]]
['circle', [0.319], [2.273, 4.541]]
['circle', [0.338], [3.873, 1.917]]
['circle', [0.4], [0.062, 0.967]]
['circle', [0.34], [4.688, 4.839]]
num70
start:[3.741, 3.433]
terminal:[3.585, 2.914]
obs num:15
['circle', [0.251], [1.076, 4.019]]
['circle', [0.205], [2.748, 2.622]]
['circle', [0.318], [3.257, 4.707]]
['circle', [0.208], [4.429, 0.416]]
['circle', [0.334], [1.815, 0.159]]
['circle', [0.225], [1.039, 1.333]]
['circle', [0.356], [1.894, 3.417]]
['circle', [0.315], [4.903, 3.171]]
['circle', [0.301], [0.484, 2.646]]
['circle', [0.224], [3.017, 3.54]]
['circle', [0.264], [4.495, 2.273]]
['circle', [0.3], [4.656, 4.292]]
['circle', [0.222], [1.358, 4.945]]
['circle', [0.321], [2.459, 1.608]]
['circle', [0.298], [2.854, 0.312]]
num71
start:[2.216, 0.665]
terminal:[0.412, 3.255]
obs num:15
['circle', [0.262], [0.233, 4.809]]
['circle', [0.215], [4.137, 3.714]]
['circle', [0.388], [3.867, 2.269]]
['circle', [0.349], [3.117, 1.409]]
['circle', [0.287], [4.571, 1.413]]
['circle', [0.204], [2.46, 3.194]]
['circle', [0.251], [0.084, 2.837]]
['circle', [0.382], [1.11, 3.265]]
['circle', [0.386], [0.974, 1.063]]
['circle', [0.303], [0.065, 0.271]]
['circle', [0.337], [4.305, 0.163]]
['circle', [0.299], [2.048, 4.795]]
['circle', [0.34], [2.982, 0.31]]
['circle', [0.332], [1.84, 2.342]]
['circle', [0.233], [3.135, 4.712]]
num72
start:[4.465, 0.596]
terminal:[4.029, 0.85]
obs num:15
['circle', [0.216], [1.058, 4.369]]
['circle', [0.294], [3.777, 4.031]]
['circle', [0.311], [0.318, 1.684]]
['circle', [0.204], [4.349, 0.146]]
['circle', [0.367], [0.026, 0.447]]
['circle', [0.341], [1.623, 0.578]]
['circle', [0.375], [1.877, 4.97]]
['circle', [0.235], [3.883, 1.895]]
['circle', [0.377], [1.777, 3.091]]
['circle', [0.356], [4.605, 1.176]]
['circle', [0.31], [4.857, 3.839]]
['circle', [0.308], [2.687, 1.855]]
['circle', [0.269], [1.05, 2.338]]
['circle', [0.399], [3.264, 2.928]]
['circle', [0.227], [2.935, 0.288]]
num73
start:[2.894, 0.918]
terminal:[3.576, 0.613]
obs num:15
['circle', [0.396], [0.627, 3.423]]
['circle', [0.326], [2.574, 3.636]]
['circle', [0.382], [4.788, 4.911]]
['circle', [0.35], [4.064, 0.199]]
['circle', [0.399], [3.809, 3.205]]
['circle', [0.236], [1.745, 4.638]]
['circle', [0.253], [4.348, 2.097]]
['circle', [0.317], [1.871, 0.087]]
['circle', [0.264], [2.292, 1.201]]
['circle', [0.248], [1.657, 2.044]]
['circle', [0.278], [0.249, 4.534]]
['circle', [0.225], [0.397, 2.107]]
['circle', [0.254], [0.507, 0.591]]
['circle', [0.366], [3.032, 4.882]]
['circle', [0.267], [4.812, 1.177]]
num74
start:[3.208, 1.974]
terminal:[0.726, 2.348]
obs num:15
['circle', [0.222], [3.891, 4.308]]
['circle', [0.36], [4.508, 0.579]]
['circle', [0.361], [0.148, 3.361]]
['circle', [0.209], [3.806, 3.094]]
['circle', [0.241], [1.635, 0.555]]
['circle', [0.202], [3.672, 1.495]]
['circle', [0.238], [2.767, 4.272]]
['circle', [0.322], [0.466, 0.639]]
['circle', [0.213], [1.662, 3.309]]
['circle', [0.352], [4.531, 2.263]]
['circle', [0.328], [2.781, 3.104]]
['circle', [0.288], [2.588, 0.325]]
['circle', [0.203], [1.219, 2.238]]
['circle', [0.268], [0.568, 4.439]]
['circle', [0.344], [2.505, 1.984]]
num75
start:[0.264, 3.805]
terminal:[2.035, 2.398]
obs num:15
['circle', [0.352], [4.952, 4.968]]
['circle', [0.267], [3.407, 3.227]]
['circle', [0.201], [4.627, 0.015]]
['circle', [0.331], [0.026, 1.543]]
['circle', [0.319], [2.828, 4.649]]
['circle', [0.385], [0.727, 2.619]]
['circle', [0.204], [1.043, 1.3]]
['circle', [0.31], [2.424, 1.041]]
['circle', [0.339], [0.785, 4.519]]
['circle', [0.248], [1.639, 3.535]]
['circle', [0.23], [4.415, 1.01]]
['circle', [0.318], [0.388, 0.197]]
['circle', [0.312], [4.356, 3.878]]
['circle', [0.235], [3.94, 1.926]]
['circle', [0.272], [3.152, 0.087]]
num76
start:[3.832, 0.405]
terminal:[1.606, 4.516]
obs num:15
['circle', [0.238], [1.523, 0.396]]
['circle', [0.256], [3.777, 1.987]]
['circle', [0.28], [0.979, 3.352]]
['circle', [0.376], [0.502, 1.742]]
['circle', [0.298], [4.345, 0.105]]
['circle', [0.213], [4.129, 2.897]]
['circle', [0.277], [4.566, 4.992]]
['circle', [0.329], [0.243, 4.123]]
['circle', [0.37], [2.673, 0.01]]
['circle', [0.313], [2.723, 4.622]]
['circle', [0.312], [1.252, 4.934]]
['circle', [0.373], [4.725, 3.919]]
['circle', [0.208], [4.839, 1.099]]
['circle', [0.228], [2.063, 3.222]]
['circle', [0.378], [2.143, 1.788]]
num77
start:[0.571, 1.966]
terminal:[2.752, 3.343]
obs num:15
['circle', [0.386], [3.109, 1.115]]
['circle', [0.359], [0.732, 1.27]]
['circle', [0.384], [0.573, 4.653]]
['circle', [0.21], [2.245, 2.32]]
['circle', [0.232], [3.429, 4.577]]
['circle', [0.272], [4.946, 3.448]]
['circle', [0.203], [0.739, 2.913]]
['circle', [0.244], [4.992, 0.442]]
['circle', [0.359], [3.571, 2.773]]
['circle', [0.328], [1.881, 1.336]]
['circle', [0.325], [4.061, 1.697]]
['circle', [0.362], [1.594, 0.046]]
['circle', [0.29], [1.945, 4.86]]
['circle', [0.26], [1.989, 3.425]]
['circle', [0.338], [3.634, 0.045]]
num78
start:[3.695, 4.299]
terminal:[1.977, 3.338]
obs num:15
['circle', [0.271], [4.827, 4.934]]
['circle', [0.359], [2.875, 2.362]]
['circle', [0.398], [4.464, 2.706]]
['circle', [0.395], [0.358, 4.089]]
['circle', [0.236], [3.337, 3.281]]
['circle', [0.331], [1.969, 0.726]]
['circle', [0.255], [3.541, 4.868]]
['circle', [0.245], [3.585, 0.657]]
['circle', [0.273], [2.184, 4.999]]
['circle', [0.313], [1.359, 2.195]]
['circle', [0.392], [0.847, 0.51]]
['circle', [0.239], [4.952, 1.043]]
['circle', [0.347], [4.803, 3.852]]
['circle', [0.335], [2.443, 3.667]]
['circle', [0.283], [0.117, 2.759]]
num79
start:[3.23, 3.909]
terminal:[4.262, 3.038]
obs num:15
['circle', [0.265], [0.114, 1.547]]
['circle', [0.204], [2.337, 1.167]]
['circle', [0.399], [2.275, 4.514]]
['circle', [0.316], [3.599, 1.46]]
['circle', [0.27], [3.596, 4.703]]
['circle', [0.274], [4.826, 1.37]]
['circle', [0.254], [0.237, 3.081]]
['circle', [0.331], [0.122, 0.492]]
['circle', [0.238], [1.239, 0.228]]
['circle', [0.39], [1.073, 3.822]]
['circle', [0.237], [2.733, 3.445]]
['circle', [0.4], [4.777, 2.467]]
['circle', [0.381], [4.7, 4.33]]
['circle', [0.246], [1.465, 1.313]]
['circle', [0.358], [3.174, 2.537]]
num80
start:[2.721, 0.374]
terminal:[2.781, 1.906]
obs num:15
['circle', [0.325], [3.919, 3.407]]
['circle', [0.375], [3.751, 1.798]]
['circle', [0.398], [4.988, 4.489]]
['circle', [0.298], [2.469, 4.049]]
['circle', [0.303], [0.954, 2.887]]
['circle', [0.344], [4.943, 1.652]]
['circle', [0.213], [0.112, 4.193]]
['circle', [0.201], [1.107, 4.187]]
['circle', [0.261], [1.643, 4.863]]
['circle', [0.325], [4.881, 0.544]]
['circle', [0.215], [2.863, 1.066]]
['circle', [0.272], [0.33, 0.318]]
['circle', [0.358], [1.201, 0.919]]
['circle', [0.238], [2.523, 2.64]]
['circle', [0.285], [0.215, 2.095]]
num81
start:[3.971, 3.682]
terminal:[2.124, 0.911]
obs num:15
['circle', [0.291], [3.791, 4.895]]
['circle', [0.319], [2.094, 2.03]]
['circle', [0.241], [1.458, 0.245]]
['circle', [0.373], [4.466, 2.067]]
['circle', [0.374], [0.113, 3.307]]
['circle', [0.281], [4.694, 4.074]]
['circle', [0.287], [1.137, 3.832]]
['circle', [0.23], [2.985, 2.543]]
['circle', [0.319], [0.809, 1.09]]
['circle', [0.25], [4.227, 3.259]]
['circle', [0.243], [4.572, 0.489]]
['circle', [0.296], [2.635, 0.97]]
['circle', [0.303], [2.87, 3.83]]
['circle', [0.242], [1.057, 4.97]]
['circle', [0.201], [2.796, 0.062]]
num82
start:[3.177, 0.711]
terminal:[2.839, 4.501]
obs num:15
['circle', [0.216], [3.731, 1.117]]
['circle', [0.216], [0.665, 1.333]]
['circle', [0.328], [2.851, 3.28]]
['circle', [0.228], [1.741, 3.795]]
['circle', [0.23], [2.902, 2.158]]
['circle', [0.259], [2.127, 0.254]]
['circle', [0.381], [4.403, 0.059]]
['circle', [0.236], [0.177, 0.598]]
['circle', [0.347], [1.774, 2.15]]
['circle', [0.218], [2.797, 0.998]]
['circle', [0.229], [4.468, 4.208]]
['circle', [0.313], [0.633, 3.364]]
['circle', [0.364], [4.116, 2.453]]
['circle', [0.22], [1.1, 4.397]]
['circle', [0.245], [3.544, 4.343]]
num83
start:[1.915, 4.581]
terminal:[1.265, 2.735]
obs num:15
['circle', [0.28], [2.546, 4.987]]
['circle', [0.312], [3.511, 4.224]]
['circle', [0.358], [3.787, 2.5]]
['circle', [0.211], [4.892, 2.756]]
['circle', [0.34], [0.353, 4.549]]
['circle', [0.301], [1.043, 0.433]]
['circle', [0.339], [0.115, 3.159]]
['circle', [0.3], [3.68, 1.272]]
['circle', [0.329], [1.965, 3.668]]
['circle', [0.384], [2.422, 1.417]]
['circle', [0.281], [2.95, 0.112]]
['circle', [0.345], [4.694, 4.921]]
['circle', [0.226], [1.221, 2.207]]
['circle', [0.389], [4.843, 3.781]]
['circle', [0.261], [4.712, 1.66]]
num84
start:[0.982, 3.742]
terminal:[0.863, 1.426]
obs num:15
['circle', [0.289], [1.494, 4.653]]
['circle', [0.266], [0.126, 0.933]]
['circle', [0.208], [0.126, 4.33]]
['circle', [0.383], [2.971, 3.899]]
['circle', [0.303], [1.851, 1.457]]
['circle', [0.361], [4.449, 2.956]]
['circle', [0.393], [0.508, 3.378]]
['circle', [0.331], [2.046, 2.713]]
['circle', [0.21], [3.517, 1.809]]
['circle', [0.4], [2.631, 0.41]]
['circle', [0.336], [4.595, 4.133]]
['circle', [0.384], [4.398, 0.945]]
['circle', [0.32], [0.952, 0.065]]
['circle', [0.268], [0.116, 2.03]]
['circle', [0.239], [3.254, 2.913]]
num85
start:[3.194, 2.437]
terminal:[0.216, 2.576]
obs num:15
['circle', [0.205], [3.436, 4.962]]
['circle', [0.229], [2.625, 1.227]]
['circle', [0.392], [1.332, 4.757]]
['circle', [0.261], [3.786, 0.122]]
['circle', [0.22], [3.69, 2.612]]
['circle', [0.378], [1.279, 2.739]]
['circle', [0.398], [0.081, 1.495]]
['circle', [0.278], [4.969, 1.372]]
['circle', [0.22], [0.329, 3.88]]
['circle', [0.286], [1.134, 0.525]]
['circle', [0.249], [2.17, 4.062]]
['circle', [0.21], [4.57, 3.495]]
['circle', [0.202], [3.837, 3.913]]
['circle', [0.285], [4.677, 2.453]]
['circle', [0.222], [0.025, 0.074]]
num86
start:[2.796, 3.524]
terminal:[1.434, 1.397]
obs num:15
['circle', [0.297], [2.817, 0.117]]
['circle', [0.277], [2.121, 1.206]]
['circle', [0.276], [1.084, 1.729]]
['circle', [0.22], [3.776, 4.077]]
['circle', [0.372], [2.995, 2.714]]
['circle', [0.272], [3.98, 0.591]]
['circle', [0.291], [2.221, 4.233]]
['circle', [0.32], [0.393, 0.946]]
['circle', [0.4], [1.067, 4.914]]
['circle', [0.316], [1.09, 3.282]]
['circle', [0.357], [4.697, 1.399]]
['circle', [0.297], [4.739, 2.459]]
['circle', [0.321], [4.728, 4.789]]
['circle', [0.222], [3.302, 1.182]]
['circle', [0.265], [0.111, 3.46]]
num87
start:[4.054, 2.792]
terminal:[1.889, 2.587]
obs num:15
['circle', [0.23], [0.256, 2.117]]
['circle', [0.333], [2.645, 0.765]]
['circle', [0.33], [1.728, 4.355]]
['circle', [0.295], [0.346, 0.16]]
['circle', [0.223], [2.555, 2.946]]
['circle', [0.292], [4.011, 0.329]]
['circle', [0.203], [4.162, 1.596]]
['circle', [0.288], [4.504, 3.879]]
['circle', [0.249], [3.304, 4.957]]
['circle', [0.286], [1.204, 1.646]]
['circle', [0.237], [0.111, 4.047]]
['circle', [0.37], [0.616, 3.127]]
['circle', [0.352], [3.333, 2.094]]
['circle', [0.267], [4.637, 4.943]]
['circle', [0.286], [3.511, 3.159]]
num88
start:[0.588, 3.61]
terminal:[3.81, 0.766]
obs num:15
['circle', [0.327], [2.228, 1.917]]
['circle', [0.229], [3.259, 4.956]]
['circle', [0.284], [4.051, 3.566]]
['circle', [0.301], [1.367, 1.317]]
['circle', [0.233], [4.774, 4.335]]
['circle', [0.238], [0.635, 0.239]]
['circle', [0.301], [4.596, 1.983]]
['circle', [0.317], [3.497, 1.497]]
['circle', [0.324], [2.323, 0.252]]
['circle', [0.262], [3.367, 0.26]]
['circle', [0.381], [2.508, 4.051]]
['circle', [0.223], [0.819, 4.022]]
['circle', [0.318], [2.076, 3.026]]
['circle', [0.24], [4.679, 0.188]]
['circle', [0.261], [1.18, 2.504]]
num89
start:[3.773, 1.158]
terminal:[0.368, 4.641]
obs num:15
['circle', [0.302], [1.148, 4.946]]
['circle', [0.29], [3.439, 3.669]]
['circle', [0.337], [4.522, 0.803]]
['circle', [0.277], [1.942, 2.026]]
['circle', [0.276], [0.735, 2.579]]
['circle', [0.213], [1.911, 0.416]]
['circle', [0.236], [4.355, 4.579]]
['circle', [0.286], [2.997, 0.942]]
['circle', [0.25], [1.055, 1.329]]
['circle', [0.212], [3.319, 2.703]]
['circle', [0.374], [2.253, 3.417]]
['circle', [0.366], [4.961, 3.634]]
['circle', [0.274], [0.012, 0.375]]
['circle', [0.21], [3.474, 1.861]]
['circle', [0.23], [4.907, 2.015]]
num90
start:[4.129, 0.63]
terminal:[2.301, 2.787]
obs num:15
['circle', [0.29], [3.358, 4.872]]
['circle', [0.26], [4.01, 1.855]]
['circle', [0.222], [2.027, 4.628]]
['circle', [0.368], [3.23, 0.324]]
['circle', [0.304], [2.656, 2.177]]
['circle', [0.387], [2.052, 0.554]]
['circle', [0.268], [2.022, 3.618]]
['circle', [0.224], [4.344, 2.894]]
['circle', [0.311], [0.309, 0.043]]
['circle', [0.202], [0.94, 2.674]]
['circle', [0.207], [0.85, 1.459]]
['circle', [0.39], [0.848, 4.802]]
['circle', [0.229], [4.998, 1.643]]
['circle', [0.209], [3.312, 3.029]]
['circle', [0.343], [4.654, 4.051]]
num91
start:[0.515, 0.203]
terminal:[2.559, 3.253]
obs num:15
['circle', [0.27], [4.657, 0.043]]
['circle', [0.326], [3.273, 4.444]]
['circle', [0.307], [4.03, 1.53]]
['circle', [0.386], [0.763, 2.854]]
['circle', [0.312], [2.346, 2.723]]
['circle', [0.273], [4.625, 2.748]]
['circle', [0.308], [1.356, 0.24]]
['circle', [0.233], [0.052, 0.711]]
['circle', [0.267], [2.625, 1.698]]
['circle', [0.214], [4.78, 4.159]]
['circle', [0.324], [2.697, 0.292]]
['circle', [0.259], [4.964, 0.928]]
['circle', [0.219], [0.038, 1.592]]
['circle', [0.309], [2.209, 4.014]]
['circle', [0.236], [3.598, 3.248]]
num92
start:[1.475, 1.684]
terminal:[2.262, 4.174]
obs num:15
['circle', [0.312], [1.577, 4.961]]
['circle', [0.279], [1.894, 0.85]]
['circle', [0.327], [0.796, 2.3]]
['circle', [0.209], [0.243, 4.509]]
['circle', [0.259], [3.754, 3.448]]
['circle', [0.31], [3.921, 1.173]]
['circle', [0.357], [4.557, 2.598]]
['circle', [0.319], [2.882, 2.884]]
['circle', [0.328], [3.817, 4.982]]
['circle', [0.213], [2.67, 4.393]]
['circle', [0.341], [4.688, 4.242]]
['circle', [0.215], [0.625, 1.075]]
['circle', [0.305], [3.162, 0.049]]
['circle', [0.313], [4.902, 0.477]]
['circle', [0.251], [1.407, 3.096]]
num93
start:[1.724, 0.407]
terminal:[3.014, 0.823]
obs num:15
['circle', [0.292], [2.696, 1.85]]
['circle', [0.204], [2.897, 4.882]]
['circle', [0.279], [1.978, 4.883]]
['circle', [0.207], [4.05, 0.725]]
['circle', [0.242], [0.968, 2.342]]
['circle', [0.286], [2.48, 0.632]]
['circle', [0.369], [4.176, 4.049]]
['circle', [0.242], [4.023, 1.884]]
['circle', [0.274], [2.639, 3.298]]
['circle', [0.383], [1.083, 0.24]]
['circle', [0.376], [4.825, 2.889]]
['circle', [0.252], [1.8, 2.774]]
['circle', [0.261], [1.132, 3.773]]
['circle', [0.254], [0.086, 3.567]]
['circle', [0.213], [1.599, 1.556]]
num94
start:[2.745, 3.466]
terminal:[3.01, 3.633]
obs num:15
['circle', [0.278], [0.556, 4.887]]
['circle', [0.383], [1.583, 0.844]]
['circle', [0.366], [0.656, 3.747]]
['circle', [0.331], [1.871, 4.361]]
['circle', [0.33], [0.975, 2.043]]
['circle', [0.27], [4.824, 0.086]]
['circle', [0.287], [0.38, 0.135]]
['circle', [0.221], [4.933, 1.026]]
['circle', [0.209], [3.42, 2.104]]
['circle', [0.279], [2.029, 2.34]]
['circle', [0.234], [4.92, 3.649]]
['circle', [0.392], [3.563, 4.992]]
['circle', [0.246], [4.816, 1.95]]
['circle', [0.235], [4.238, 3.081]]
['circle', [0.233], [3.896, 1.085]]
num95
start:[1.182, 3.757]
terminal:[3.173, 3.556]
obs num:15
['circle', [0.212], [2.486, 0.179]]
['circle', [0.356], [1.375, 4.997]]
['circle', [0.363], [0.147, 4.685]]
['circle', [0.308], [0.923, 3.15]]
['circle', [0.262], [3.12, 4.524]]
['circle', [0.275], [1.78, 1.397]]
['circle', [0.2], [3.493, 0.966]]
['circle', [0.256], [4.638, 4.731]]
['circle', [0.287], [0.08, 1.526]]
['circle', [0.286], [1.726, 3.803]]
['circle', [0.37], [2.91, 1.97]]
['circle', [0.235], [4.954, 3.578]]
['circle', [0.212], [3.937, 3.646]]
['circle', [0.335], [4.863, 1.325]]
['circle', [0.213], [0.333, 0.256]]
num96
start:[1.132, 2.479]
terminal:[3.075, 1.885]
obs num:15
['circle', [0.347], [1.96, 2.781]]
['circle', [0.317], [2.017, 1.575]]
['circle', [0.389], [0.12, 1.371]]
['circle', [0.259], [1.213, 3.471]]
['circle', [0.222], [3.525, 4.783]]
['circle', [0.313], [3.61, 2.784]]
['circle', [0.319], [3.679, 0.127]]
['circle', [0.399], [4.553, 4.665]]
['circle', [0.237], [1.078, 0.074]]
['circle', [0.235], [4.586, 2.814]]
['circle', [0.338], [2.296, 4.053]]
['circle', [0.345], [3.96, 1.701]]
['circle', [0.263], [0.884, 4.991]]
['circle', [0.34], [2.398, 0.252]]
['circle', [0.27], [0.264, 3.279]]
num97
start:[2.476, 1.421]
terminal:[2.504, 1.3]
obs num:15
['circle', [0.277], [2.839, 2.16]]
['circle', [0.308], [1.439, 2.6]]
['circle', [0.33], [1.391, 4.286]]
['circle', [0.249], [4.127, 1.944]]
['circle', [0.373], [0.223, 0.784]]
['circle', [0.223], [3.451, 1.338]]
['circle', [0.323], [4.584, 3.506]]
['circle', [0.276], [3.425, 4.145]]
['circle', [0.273], [0.228, 4.757]]
['circle', [0.224], [4.366, 4.645]]
['circle', [0.203], [0.01, 2.633]]
['circle', [0.257], [2.034, 0.315]]
['circle', [0.307], [4.364, 0.501]]
['circle', [0.287], [2.471, 3.318]]
['circle', [0.2], [2.416, 4.937]]
num98
start:[3.906, 4.158]
terminal:[3.155, 4.626]
obs num:15
['circle', [0.388], [3.533, 3.062]]
['circle', [0.308], [1.856, 2.403]]
['circle', [0.263], [2.367, 0.07]]
['circle', [0.355], [4.254, 0.741]]
['circle', [0.345], [0.935, 0.267]]
['circle', [0.321], [4.32, 4.591]]
['circle', [0.357], [0.588, 3.937]]
['circle', [0.333], [2.484, 4.448]]
['circle', [0.323], [4.691, 3.593]]
['circle', [0.231], [0.232, 2.291]]
['circle', [0.398], [2.843, 1.372]]
['circle', [0.247], [4.835, 2.225]]
['circle', [0.286], [3.87, 1.936]]
['circle', [0.233], [1.463, 3.427]]
['circle', [0.258], [1.601, 1.326]]
num99
start:[1.73, 1.574]
terminal:[1.667, 1.768]
obs num:15
['circle', [0.222], [1.457, 4.546]]
['circle', [0.271], [2.903, 2.047]]
['circle', [0.206], [0.616, 3.301]]
['circle', [0.207], [4.228, 0.86]]
['circle', [0.286], [1.916, 0.714]]
['circle', [0.379], [0.831, 1.645]]
['circle', [0.314], [2.242, 3.779]]
['circle', [0.297], [4.654, 3.622]]
['circle', [0.32], [0.097, 0.571]]
['circle', [0.258], [4.872, 2.168]]
['circle', [0.27], [3.117, 4.808]]
['circle', [0.206], [3.452, 3.598]]
['circle', [0.26], [4.771, 0.06]]
['circle', [0.359], [0.42, 4.973]]
['circle', [0.262], [3.999, 2.886]]
num100
start:[2.631, 4.723]
terminal:[1.115, 0.281]
obs num:15
['circle', [0.377], [1.602, 2.612]]
['circle', [0.32], [2.397, 1.809]]
['circle', [0.368], [3.973, 2.013]]
['circle', [0.276], [0.65, 3.479]]
['circle', [0.22], [4.467, 4.999]]
['circle', [0.259], [3.893, 4.082]]
['circle', [0.21], [1.865, 0.394]]
['circle', [0.388], [0.669, 0.766]]
['circle', [0.293], [3.08, 3.144]]
['circle', [0.325], [0.157, 4.954]]
['circle', [0.26], [4.912, 0.977]]
['circle', [0.219], [2.376, 3.858]]
['circle', [0.233], [4.82, 2.879]]
['circle', [0.279], [3.76, 0.696]]
['circle', [0.342], [3.119, 4.997]]
num101
start:[4.695, 0.266]
terminal:[1.123, 0.74]
obs num:15
['circle', [0.397], [1.497, 4.914]]
['circle', [0.378], [0.488, 3.782]]
['circle', [0.275], [0.167, 4.809]]
['circle', [0.305], [0.581, 2.379]]
['circle', [0.355], [4.658, 4.938]]
['circle', [0.264], [3.407, 2.014]]
['circle', [0.226], [1.491, 0.515]]
['circle', [0.324], [3.489, 0.188]]
['circle', [0.251], [3.109, 3.1]]
['circle', [0.231], [4.517, 3.544]]
['circle', [0.326], [1.549, 1.66]]
['circle', [0.28], [0.076, 1.077]]
['circle', [0.273], [4.928, 0.812]]
['circle', [0.369], [4.768, 2.023]]
['circle', [0.278], [2.92, 4.917]]
num102
start:[1.05, 2.847]
terminal:[3.377, 1.153]
obs num:15
['circle', [0.275], [2.649, 1.443]]
['circle', [0.329], [3.847, 2.159]]
['circle', [0.271], [4.192, 4.749]]
['circle', [0.245], [1.043, 0.579]]
['circle', [0.296], [0.99, 1.634]]
['circle', [0.223], [3.577, 3.991]]
['circle', [0.355], [0.079, 2.605]]
['circle', [0.313], [2.456, 4.219]]
['circle', [0.332], [0.033, 4.794]]
['circle', [0.253], [4.913, 0.555]]
['circle', [0.216], [0.081, 1.53]]
['circle', [0.31], [4.396, 3.389]]
['circle', [0.201], [4.047, 1.161]]
['circle', [0.222], [1.899, 3.019]]
['circle', [0.243], [1.69, 4.93]]
num103
start:[1.073, 1.161]
terminal:[2.191, 2.976]
obs num:15
['circle', [0.29], [2.775, 2.738]]
['circle', [0.38], [3.314, 3.899]]
['circle', [0.321], [1.385, 3.616]]
['circle', [0.286], [4.051, 0.081]]
['circle', [0.375], [0.878, 2.216]]
['circle', [0.349], [2.116, 0.504]]
['circle', [0.334], [4.777, 4.807]]
['circle', [0.297], [3.708, 1.83]]
['circle', [0.234], [0.535, 0.261]]
['circle', [0.274], [1.818, 4.966]]
['circle', [0.243], [0.603, 4.192]]
['circle', [0.266], [4.072, 2.835]]
['circle', [0.227], [4.625, 1.996]]
['circle', [0.21], [2.638, 1.734]]
['circle', [0.226], [0.442, 1.172]]
num104
start:[0.616, 2.718]
terminal:[0.714, 4.106]
obs num:15
['circle', [0.24], [0.434, 3.13]]
['circle', [0.266], [1.502, 3.434]]
['circle', [0.372], [2.707, 1.435]]
['circle', [0.303], [3.125, 3.254]]
['circle', [0.397], [4.431, 2.868]]
['circle', [0.31], [1.473, 1.551]]
['circle', [0.372], [3.742, 4.774]]
['circle', [0.221], [4.688, 4.29]]
['circle', [0.231], [4.865, 1.106]]
['circle', [0.255], [2.031, 0.36]]
['circle', [0.205], [3.816, 0.274]]
['circle', [0.262], [0.752, 2.252]]
['circle', [0.362], [0.613, 0.181]]
['circle', [0.357], [2.387, 4.335]]
['circle', [0.342], [3.881, 1.321]]
num105
start:[2.526, 0.783]
terminal:[4.572, 2.946]
obs num:15
['circle', [0.318], [0.024, 1.243]]
['circle', [0.323], [3.659, 0.076]]
['circle', [0.26], [0.02, 3.965]]
['circle', [0.327], [3.802, 1.901]]
['circle', [0.33], [1.54, 0.958]]
['circle', [0.332], [4.269, 4.029]]
['circle', [0.362], [1.156, 4.228]]
['circle', [0.237], [0.689, 2.017]]
['circle', [0.333], [1.724, 2.959]]
['circle', [0.247], [2.323, 1.995]]
['circle', [0.252], [2.14, 4.737]]
['circle', [0.289], [3.276, 3.739]]
['circle', [0.324], [0.279, 0.02]]
['circle', [0.278], [4.932, 1.842]]
['circle', [0.275], [4.83, 0.358]]
num106
start:[1.954, 3.609]
terminal:[4.699, 4.032]
obs num:15
['circle', [0.3], [4.825, 3.145]]
['circle', [0.324], [1.32, 2.192]]
['circle', [0.216], [4.995, 1.445]]
['circle', [0.306], [0.025, 2.052]]
['circle', [0.384], [2.699, 4.363]]
['circle', [0.323], [0.932, 3.741]]
['circle', [0.388], [4.273, 4.825]]
['circle', [0.339], [2.58, 0.511]]
['circle', [0.248], [3.376, 2.813]]
['circle', [0.363], [4.31, 0.052]]
['circle', [0.253], [1.581, 0.826]]
['circle', [0.264], [0.939, 4.952]]
['circle', [0.242], [0.407, 1.051]]
['circle', [0.222], [2.829, 1.904]]
['circle', [0.299], [0.804, 0.085]]
num107
start:[1.925, 1.426]
terminal:[1.519, 3.702]
obs num:15
['circle', [0.355], [3.795, 1.322]]
['circle', [0.238], [4.716, 1.957]]
['circle', [0.213], [3.426, 3.745]]
['circle', [0.263], [1.575, 1.863]]
['circle', [0.207], [1.107, 1.018]]
['circle', [0.327], [4.96, 4.08]]
['circle', [0.381], [4.654, 0.254]]
['circle', [0.233], [4.869, 3.009]]
['circle', [0.39], [0.629, 3.606]]
['circle', [0.298], [2.62, 4.891]]
['circle', [0.273], [1.18, 0.017]]
['circle', [0.35], [2.069, 3.257]]
['circle', [0.224], [4.371, 4.98]]
['circle', [0.248], [0.263, 0.72]]
['circle', [0.354], [3.669, 2.453]]
num108
start:[1.933, 4.467]
terminal:[4.409, 2.6]
obs num:15
['circle', [0.339], [0.549, 2.444]]
['circle', [0.386], [1.974, 1.823]]
['circle', [0.364], [1.252, 3.303]]
['circle', [0.323], [2.143, 4.994]]
['circle', [0.235], [3.105, 1.045]]
['circle', [0.355], [0.355, 0.564]]
['circle', [0.258], [4.646, 1.443]]
['circle', [0.237], [3.265, 3.833]]
['circle', [0.357], [4.489, 3.835]]
['circle', [0.327], [0.415, 4.687]]
['circle', [0.347], [3.373, 2.371]]
['circle', [0.256], [3.446, 4.96]]
['circle', [0.241], [1.51, 0.733]]
['circle', [0.249], [2.28, 3.5]]
['circle', [0.233], [4.957, 2.836]]
num109
start:[4.407, 2.141]
terminal:[0.315, 1.273]
obs num:15
['circle', [0.381], [4.441, 0.122]]
['circle', [0.286], [0.617, 0.608]]
['circle', [0.292], [2.636, 4.17]]
['circle', [0.378], [3.804, 2.416]]
['circle', [0.206], [1.887, 0.273]]
['circle', [0.4], [2.221, 1.87]]
['circle', [0.278], [3.259, 0.141]]
['circle', [0.226], [1.498, 3.534]]
['circle', [0.254], [2.848, 3.049]]
['circle', [0.271], [1.142, 4.977]]
['circle', [0.301], [0.859, 2.538]]
['circle', [0.377], [4.864, 3.252]]
['circle', [0.222], [4.841, 1.066]]
['circle', [0.381], [3.629, 1.197]]
['circle', [0.255], [3.935, 3.932]]
num110
start:[1.395, 0.432]
terminal:[1.722, 2.438]
obs num:15
['circle', [0.395], [0.101, 3.574]]
['circle', [0.214], [2.864, 3.326]]
['circle', [0.281], [4.502, 4.311]]
['circle', [0.311], [2.851, 4.919]]
['circle', [0.376], [4.607, 0.029]]
['circle', [0.225], [3.809, 3.094]]
['circle', [0.351], [0.509, 0.336]]
['circle', [0.278], [3.799, 0.949]]
['circle', [0.228], [1.108, 1.437]]
['circle', [0.224], [2.707, 0.879]]
['circle', [0.304], [2.073, 1.633]]
['circle', [0.294], [0.051, 4.959]]
['circle', [0.219], [1.344, 3.547]]
['circle', [0.309], [4.949, 1.813]]
['circle', [0.202], [2.942, 2.09]]
num111
start:[4.476, 3.174]
terminal:[3.665, 4.519]
obs num:15
['circle', [0.296], [1.977, 4.36]]
['circle', [0.395], [3.141, 3.637]]
['circle', [0.361], [2.126, 2.699]]
['circle', [0.207], [0.862, 4.598]]
['circle', [0.325], [0.227, 1.007]]
['circle', [0.296], [3.797, 2.671]]
['circle', [0.21], [2.495, 0.255]]
['circle', [0.304], [4.097, 0.055]]
['circle', [0.265], [4.903, 2.633]]
['circle', [0.369], [1.891, 1.086]]
['circle', [0.327], [0.918, 3.524]]
['circle', [0.231], [4.037, 0.995]]
['circle', [0.285], [3.281, 1.723]]
['circle', [0.386], [1.106, 0.18]]
['circle', [0.249], [0.578, 2.047]]
num112
start:[1.648, 2.426]
terminal:[3.617, 4.073]
obs num:15
['circle', [0.211], [3.553, 4.602]]
['circle', [0.272], [1.21, 2.816]]
['circle', [0.381], [4.918, 2.775]]
['circle', [0.254], [4.101, 0.197]]
['circle', [0.311], [2.204, 3.637]]
['circle', [0.379], [0.052, 1.392]]
['circle', [0.305], [2.175, 4.803]]
['circle', [0.218], [2.145, 1.933]]
['circle', [0.367], [3.4, 1.429]]
['circle', [0.288], [0.753, 3.696]]
['circle', [0.271], [0.351, 4.71]]
['circle', [0.35], [4.987, 4.04]]
['circle', [0.393], [2.598, 0.226]]
['circle', [0.217], [1.46, 1.146]]
['circle', [0.217], [2.832, 2.91]]
num113
start:[3.376, 4.57]
terminal:[1.901, 0.683]
obs num:15
['circle', [0.218], [3.867, 2.636]]
['circle', [0.395], [1.861, 1.463]]
['circle', [0.383], [4.947, 1.647]]
['circle', [0.364], [0.239, 0.829]]
['circle', [0.226], [3.833, 0.101]]
['circle', [0.329], [3.864, 4.947]]
['circle', [0.351], [1.69, 2.74]]
['circle', [0.329], [1.991, 4.245]]
['circle', [0.37], [0.934, 4.569]]
['circle', [0.305], [3.032, 0.833]]
['circle', [0.211], [3.997, 3.918]]
['circle', [0.271], [3.225, 3.486]]
['circle', [0.222], [4.893, 4.816]]
['circle', [0.354], [2.937, 1.958]]
['circle', [0.228], [3.84, 1.355]]
num114
start:[4.759, 1.302]
terminal:[1.317, 2.673]
obs num:15
['circle', [0.263], [1.751, 0.086]]
['circle', [0.215], [4.7, 1.815]]
['circle', [0.384], [1.112, 2.028]]
['circle', [0.252], [3.06, 4.328]]
['circle', [0.394], [4.143, 3.574]]
['circle', [0.292], [2.708, 3.323]]
['circle', [0.359], [1.655, 4.411]]
['circle', [0.223], [4.384, 4.637]]
['circle', [0.272], [3.221, 0.169]]
['circle', [0.325], [0.016, 3.379]]
['circle', [0.207], [4.661, 0.131]]
['circle', [0.243], [3.858, 2.442]]
['circle', [0.382], [0.657, 0.458]]
['circle', [0.248], [2.833, 1.582]]
['circle', [0.253], [0.345, 4.584]]
num115
start:[3.057, 2.286]
terminal:[2.887, 2.037]
obs num:15
['circle', [0.262], [3.745, 1.156]]
['circle', [0.271], [3.228, 3.285]]
['circle', [0.212], [2.41, 2.081]]
['circle', [0.396], [4.324, 2.315]]
['circle', [0.308], [1.443, 0.811]]
['circle', [0.245], [3.087, 4.949]]
['circle', [0.35], [4.867, 4.251]]
['circle', [0.334], [1.177, 4.504]]
['circle', [0.376], [1.094, 2.252]]
['circle', [0.373], [2.659, 0.683]]
['circle', [0.25], [0.048, 0.413]]
['circle', [0.224], [3.77, 4.137]]
['circle', [0.315], [0.184, 3.984]]
['circle', [0.301], [1.774, 3.48]]
['circle', [0.334], [4.835, 0.415]]
num116
start:[1.656, 3.082]
terminal:[0.702, 0.938]
obs num:15
['circle', [0.215], [3.209, 1.865]]
['circle', [0.274], [1.141, 3.334]]
['circle', [0.208], [1.153, 4.893]]
['circle', [0.244], [3.586, 4.327]]
['circle', [0.218], [1.604, 4.135]]
['circle', [0.395], [1.308, 0.26]]
['circle', [0.218], [0.47, 4.335]]
['circle', [0.288], [0.221, 1.671]]
['circle', [0.259], [2.944, 0.01]]
['circle', [0.256], [4.818, 1.717]]
['circle', [0.365], [4.605, 0.279]]
['circle', [0.256], [2.433, 3.317]]
['circle', [0.317], [1.738, 2.095]]
['circle', [0.313], [4.538, 3.282]]
['circle', [0.214], [2.547, 1.008]]
num117
start:[1.883, 3.342]
terminal:[2.628, 4.147]
obs num:15
['circle', [0.274], [4.689, 4.898]]
['circle', [0.262], [1.014, 2.534]]
['circle', [0.203], [4.446, 1.191]]
['circle', [0.286], [2.804, 2.986]]
['circle', [0.242], [0.045, 4.829]]
['circle', [0.209], [3.559, 1.749]]
['circle', [0.336], [3.395, 3.849]]
['circle', [0.244], [2.19, 1.644]]
['circle', [0.261], [4.266, 0.012]]
['circle', [0.385], [2.757, 0.128]]
['circle', [0.351], [0.091, 1.116]]
['circle', [0.372], [2.174, 4.85]]
['circle', [0.349], [1.024, 0.46]]
['circle', [0.22], [0.035, 3.785]]
['circle', [0.298], [4.641, 2.786]]
num118
start:[1.846, 1.887]
terminal:[0.575, 1.926]
obs num:15
['circle', [0.396], [1.431, 3.538]]
['circle', [0.218], [2.652, 1.936]]
['circle', [0.239], [2.016, 4.574]]
['circle', [0.339], [0.047, 3.655]]
['circle', [0.277], [1.166, 0.655]]
['circle', [0.25], [3.729, 2.237]]
['circle', [0.311], [0.184, 0.156]]
['circle', [0.205], [4.357, 0.897]]
['circle', [0.282], [4.316, 3.034]]
['circle', [0.244], [3.387, 0.066]]
['circle', [0.294], [3.232, 3.929]]
['circle', [0.261], [1.043, 4.573]]
['circle', [0.245], [0.167, 2.489]]
['circle', [0.205], [4.55, 4.016]]
['circle', [0.204], [3.395, 1.116]]
num119
start:[1.457, 3.122]
terminal:[3.935, 1.104]
obs num:15
['circle', [0.245], [2.212, 0.268]]
['circle', [0.219], [3.463, 1.324]]
['circle', [0.297], [4.537, 0.513]]
['circle', [0.311], [1.053, 1.165]]
['circle', [0.247], [1.509, 4.168]]
['circle', [0.372], [3.175, 2.989]]
['circle', [0.309], [0.109, 3.025]]
['circle', [0.293], [4.716, 4.202]]
['circle', [0.221], [2.716, 4.042]]
['circle', [0.333], [4.42, 2.275]]
['circle', [0.354], [0.416, 4.479]]
['circle', [0.37], [2.466, 1.946]]
['circle', [0.211], [3.693, 4.286]]
['circle', [0.288], [0.266, 0.407]]
['circle', [0.214], [2.153, 3.134]]
num120
start:[2.645, 2.591]
terminal:[0.737, 0.511]
obs num:15
['circle', [0.228], [3.021, 4.979]]
['circle', [0.229], [2.08, 0.047]]
['circle', [0.385], [1.165, 1.885]]
['circle', [0.204], [0.908, 3.818]]
['circle', [0.28], [3.589, 2.79]]
['circle', [0.207], [1.268, 0.446]]
['circle', [0.225], [3.065, 0.528]]
['circle', [0.224], [4.901, 3.209]]
['circle', [0.332], [2.847, 1.58]]
['circle', [0.236], [2.134, 3.182]]
['circle', [0.275], [4.154, 1.564]]
['circle', [0.367], [4.495, 0.242]]
['circle', [0.345], [4.233, 4.243]]
['circle', [0.249], [0.541, 4.716]]
['circle', [0.224], [0.191, 3.34]]
num121
start:[3.319, 1.574]
terminal:[1.011, 3.077]
obs num:15
['circle', [0.2], [1.487, 4.856]]
['circle', [0.308], [4.958, 3.796]]
['circle', [0.231], [2.487, 1.345]]
['circle', [0.371], [4.338, 0.972]]
['circle', [0.208], [0.309, 2.226]]
['circle', [0.333], [1.248, 2.282]]
['circle', [0.269], [3.631, 3.87]]
['circle', [0.284], [4.369, 4.63]]
['circle', [0.274], [4.167, 2.578]]
['circle', [0.251], [2.349, 2.639]]
['circle', [0.215], [0.359, 4.306]]
['circle', [0.225], [1.773, 0.463]]
['circle', [0.206], [2.409, 4.217]]
['circle', [0.237], [0.761, 3.493]]
['circle', [0.287], [3.02, 0.29]]
num122
start:[3.272, 2.93]
terminal:[0.45, 2.53]
obs num:15
['circle', [0.348], [0.504, 0.398]]
['circle', [0.347], [4.355, 3.577]]
['circle', [0.311], [1.538, 4.977]]
['circle', [0.383], [0.15, 3.205]]
['circle', [0.229], [3.022, 0.178]]
['circle', [0.339], [1.001, 1.681]]
['circle', [0.232], [1.915, 2.889]]
['circle', [0.286], [4.512, 0.616]]
['circle', [0.388], [2.979, 4.495]]
['circle', [0.253], [1.913, 1.275]]
['circle', [0.223], [0.094, 4.57]]
['circle', [0.234], [2.805, 1.302]]
['circle', [0.227], [1.516, 3.693]]
['circle', [0.327], [3.633, 2.477]]
['circle', [0.244], [4.193, 1.587]]
num123
start:[1.279, 2.922]
terminal:[0.732, 1.943]
obs num:15
['circle', [0.269], [4.287, 4.676]]
['circle', [0.355], [3.699, 0.312]]
['circle', [0.333], [2.848, 4.701]]
['circle', [0.356], [0.538, 0.869]]
['circle', [0.345], [0.774, 4.978]]
['circle', [0.285], [1.67, 0.519]]
['circle', [0.306], [1.564, 1.792]]
['circle', [0.204], [4.344, 2.057]]
['circle', [0.245], [4.866, 1.093]]
['circle', [0.272], [3.356, 1.508]]
['circle', [0.214], [0.458, 2.473]]
['circle', [0.214], [3.641, 2.644]]
['circle', [0.316], [4.829, 3.167]]
['circle', [0.283], [2.94, 3.336]]
['circle', [0.353], [1.07, 3.451]]
num124
start:[4.581, 1.297]
terminal:[3.01, 1.566]
obs num:15
['circle', [0.325], [1.76, 4.437]]
['circle', [0.23], [4.874, 0.921]]
['circle', [0.323], [2.342, 1.471]]
['circle', [0.232], [4.987, 2.449]]
['circle', [0.398], [2.145, 0.252]]
['circle', [0.328], [0.168, 4.426]]
['circle', [0.254], [3.937, 3.081]]
['circle', [0.371], [3.716, 1.691]]
['circle', [0.356], [1.021, 0.817]]
['circle', [0.318], [2.075, 3.354]]
['circle', [0.298], [0.913, 2.032]]
['circle', [0.2], [4.032, 4.74]]
['circle', [0.344], [2.931, 4.707]]
['circle', [0.289], [4.998, 4.858]]
['circle', [0.347], [3.564, 0.205]]
num125
start:[2.457, 2.879]
terminal:[1.746, 4.678]
obs num:15
['circle', [0.209], [4.901, 3.474]]
['circle', [0.296], [3.364, 4.107]]
['circle', [0.21], [4.578, 4.953]]
['circle', [0.366], [2.472, 0.198]]
['circle', [0.346], [1.096, 4.307]]
['circle', [0.355], [3.82, 2.21]]
['circle', [0.35], [0.449, 3.058]]
['circle', [0.25], [1.499, 1.645]]
['circle', [0.39], [0.024, 0.817]]
['circle', [0.276], [3.348, 1.19]]
['circle', [0.255], [0.082, 4.334]]
['circle', [0.271], [4.979, 1.814]]
['circle', [0.27], [1.076, 0.142]]
['circle', [0.24], [1.974, 3.343]]
['circle', [0.274], [4.024, 0.342]]
num126
start:[0.373, 0.169]
terminal:[1.715, 3.127]
obs num:15
['circle', [0.258], [2.408, 2.094]]
['circle', [0.332], [4.592, 4.636]]
['circle', [0.204], [1.007, 0.535]]
['circle', [0.211], [2.821, 4.937]]
['circle', [0.367], [1.399, 4.619]]
['circle', [0.29], [4.413, 0.021]]
['circle', [0.224], [0.641, 2.055]]
['circle', [0.22], [2.308, 3.722]]
['circle', [0.262], [3.92, 2.34]]
['circle', [0.271], [2.337, 0.107]]
['circle', [0.325], [0.378, 3.754]]
['circle', [0.259], [4.355, 3.517]]
['circle', [0.205], [1.035, 3.043]]
['circle', [0.375], [3.343, 3.741]]
['circle', [0.207], [3.501, 0.232]]
num127
start:[0.967, 2.953]
terminal:[1.364, 1.812]
obs num:15
['circle', [0.3], [4.976, 1.495]]
['circle', [0.235], [4.286, 4.253]]
['circle', [0.211], [4.145, 3.326]]
['circle', [0.354], [3.935, 0.74]]
['circle', [0.323], [0.221, 3.782]]
['circle', [0.323], [2.119, 4.828]]
['circle', [0.399], [3.045, 1.845]]
['circle', [0.315], [2.15, 0.637]]
['circle', [0.201], [3.157, 3.562]]
['circle', [0.226], [1.897, 3.882]]
['circle', [0.208], [1.077, 0.296]]
['circle', [0.219], [0.018, 0.005]]
['circle', [0.237], [2.013, 2.178]]
['circle', [0.242], [1.302, 1.283]]
['circle', [0.338], [0.007, 1.943]]
num128
start:[2.048, 0.3]
terminal:[1.092, 4.684]
obs num:15
['circle', [0.239], [4.982, 3.588]]
['circle', [0.336], [3.47, 3.53]]
['circle', [0.335], [4.409, 1.372]]
['circle', [0.248], [1.563, 2.38]]
['circle', [0.355], [3.921, 4.698]]
['circle', [0.361], [2.623, 2.197]]
['circle', [0.25], [2.302, 1.014]]
['circle', [0.207], [3.171, 1.058]]
['circle', [0.251], [0.276, 2.243]]
['circle', [0.25], [3.899, 2.308]]
['circle', [0.348], [1.013, 3.572]]
['circle', [0.248], [2.564, 4.743]]
['circle', [0.244], [0.459, 0.41]]
['circle', [0.221], [2.093, 3.536]]
['circle', [0.204], [1.641, 4.8]]
num129
start:[1.008, 4.632]
terminal:[2.489, 0.953]
obs num:15
['circle', [0.215], [2.698, 0.072]]
['circle', [0.343], [0.197, 0.675]]
['circle', [0.288], [0.826, 2.102]]
['circle', [0.303], [2.112, 4.979]]
['circle', [0.254], [3.659, 2.592]]
['circle', [0.376], [4.685, 1.226]]
['circle', [0.285], [0.496, 3.042]]
['circle', [0.36], [2.072, 1.836]]
['circle', [0.396], [4.865, 3.119]]
['circle', [0.264], [3.684, 4.863]]
['circle', [0.247], [1.453, 3.743]]
['circle', [0.301], [0.179, 4.892]]
['circle', [0.215], [1.451, 0.786]]
['circle', [0.252], [2.919, 3.213]]
['circle', [0.266], [4.588, 4.5]]
num130
start:[0.47, 4.523]
terminal:[0.699, 1.371]
obs num:15
['circle', [0.231], [3.103, 0.815]]
['circle', [0.235], [3.63, 4.696]]
['circle', [0.215], [4.006, 2.231]]
['circle', [0.336], [1.549, 2.455]]
['circle', [0.375], [2.882, 3.876]]
['circle', [0.351], [4.519, 0.208]]
['circle', [0.216], [0.66, 2.083]]
['circle', [0.205], [0.581, 0.784]]
['circle', [0.231], [4.775, 2.895]]
['circle', [0.351], [2.118, 0.684]]
['circle', [0.249], [0.361, 3.595]]
['circle', [0.258], [4.919, 1.226]]
['circle', [0.374], [1.722, 3.847]]
['circle', [0.21], [3.764, 1.38]]
['circle', [0.332], [2.674, 1.741]]
num131
start:[1.123, 2.216]
terminal:[2.478, 4.535]
obs num:15
['circle', [0.223], [1.578, 4.971]]
['circle', [0.321], [2.116, 1.089]]
['circle', [0.257], [1.558, 3.042]]
['circle', [0.313], [0.124, 0.706]]
['circle', [0.323], [3.306, 3.573]]
['circle', [0.276], [4.358, 2.272]]
['circle', [0.294], [4.919, 3.672]]
['circle', [0.334], [3.314, 0.906]]
['circle', [0.307], [2.431, 2.327]]
['circle', [0.32], [4.087, 0.007]]
['circle', [0.366], [3.036, 4.753]]
['circle', [0.387], [0.334, 4.045]]
['circle', [0.216], [4.677, 4.821]]
['circle', [0.282], [4.577, 1.316]]
['circle', [0.301], [1.015, 1.194]]
num132
start:[2.581, 1.584]
terminal:[4.308, 3.159]
obs num:15
['circle', [0.217], [3.405, 2.307]]
['circle', [0.367], [3.217, 4.699]]
['circle', [0.255], [0.335, 1.945]]
['circle', [0.298], [3.745, 1.404]]
['circle', [0.306], [0.205, 0.662]]
['circle', [0.351], [4.936, 3.505]]
['circle', [0.379], [1.247, 2.72]]
['circle', [0.359], [0.093, 3.17]]
['circle', [0.26], [2.315, 1.054]]
['circle', [0.316], [0.821, 4.256]]
['circle', [0.222], [2.016, 4.78]]
['circle', [0.345], [4.919, 0.269]]
['circle', [0.382], [1.889, 3.74]]
['circle', [0.376], [1.534, 0.111]]
['circle', [0.237], [3.72, 3.162]]
num133
start:[2.119, 2.204]
terminal:[0.604, 2.387]
obs num:15
['circle', [0.398], [2.955, 0.191]]
['circle', [0.376], [2.307, 3.964]]
['circle', [0.336], [0.266, 3.025]]
['circle', [0.277], [4.612, 3.78]]
['circle', [0.353], [0.415, 0.907]]
['circle', [0.264], [1.884, 1.55]]
['circle', [0.365], [3.665, 4.975]]
['circle', [0.361], [4.442, 1.041]]
['circle', [0.326], [1.332, 0.252]]
['circle', [0.202], [0.625, 4.017]]
['circle', [0.333], [3.086, 2.311]]
['circle', [0.25], [0.998, 1.995]]
['circle', [0.209], [4.648, 2.3]]
['circle', [0.232], [1.518, 3.069]]
['circle', [0.311], [1.382, 4.667]]
num134
start:[4.038, 2.335]
terminal:[2.129, 0.177]
obs num:15
['circle', [0.318], [3.483, 3.677]]
['circle', [0.291], [0.505, 3.283]]
['circle', [0.346], [4.803, 2.778]]
['circle', [0.221], [0.245, 1.955]]
['circle', [0.237], [3.505, 2.222]]
['circle', [0.21], [4.515, 1.324]]
['circle', [0.263], [1.452, 1.481]]
['circle', [0.299], [1.294, 0.162]]
['circle', [0.25], [3.18, 0.633]]
['circle', [0.264], [0.472, 0.703]]
['circle', [0.364], [4.777, 4.226]]
['circle', [0.293], [0.126, 4.73]]
['circle', [0.261], [4.376, 0.074]]
['circle', [0.206], [2.333, 2.334]]
['circle', [0.245], [2.726, 4.464]]
num135
start:[3.101, 4.368]
terminal:[2.411, 3.628]
obs num:15
['circle', [0.292], [1.593, 4.094]]
['circle', [0.308], [4.531, 4.948]]
['circle', [0.379], [1.569, 1.101]]
['circle', [0.268], [1.152, 2.099]]
['circle', [0.306], [4.853, 1.742]]
['circle', [0.344], [0.488, 3.975]]
['circle', [0.351], [3.01, 3.44]]
['circle', [0.367], [3.507, 1.741]]
['circle', [0.334], [4.423, 2.92]]
['circle', [0.316], [0.133, 0.57]]
['circle', [0.355], [2.834, 4.99]]
['circle', [0.212], [0.053, 4.934]]
['circle', [0.262], [4.151, 0.168]]
['circle', [0.218], [0.271, 1.676]]
['circle', [0.35], [2.231, 2.113]]
num136
start:[1.353, 0.846]
terminal:[2.635, 2.792]
obs num:15
['circle', [0.215], [2.49, 0.606]]
['circle', [0.215], [1.813, 3.264]]
['circle', [0.236], [1.575, 0.443]]
['circle', [0.316], [0.746, 3.493]]
['circle', [0.343], [4.999, 3.435]]
['circle', [0.371], [2.696, 1.703]]
['circle', [0.281], [4.065, 2.656]]
['circle', [0.377], [0.016, 0.378]]
['circle', [0.342], [3.61, 4.825]]
['circle', [0.382], [4.16, 0.622]]
['circle', [0.33], [0.051, 2.137]]
['circle', [0.246], [0.783, 4.628]]
['circle', [0.276], [3.109, 2.712]]
['circle', [0.357], [4.813, 1.755]]
['circle', [0.219], [4.997, 4.4]]
num137
start:[2.564, 2.489]
terminal:[1.944, 1.812]
obs num:15
['circle', [0.323], [2.351, 4.543]]
['circle', [0.36], [2.177, 1.275]]
['circle', [0.296], [4.308, 2.97]]
['circle', [0.325], [1.856, 0.183]]
['circle', [0.361], [2.079, 3.269]]
['circle', [0.244], [1.134, 2.733]]
['circle', [0.263], [4.148, 0.134]]
['circle', [0.227], [0.434, 4.536]]
['circle', [0.336], [3.241, 1.669]]
['circle', [0.35], [0.38, 1.868]]
['circle', [0.214], [3.476, 3.453]]
['circle', [0.325], [4.971, 1.425]]
['circle', [0.3], [3.737, 4.843]]
['circle', [0.205], [1.163, 0.954]]
['circle', [0.393], [0.088, 3.375]]
num138
start:[2.221, 2.8]
terminal:[1.892, 4.771]
obs num:15
['circle', [0.306], [0.027, 0.52]]
['circle', [0.21], [3.973, 2.008]]
['circle', [0.349], [4.253, 4.345]]
['circle', [0.372], [4.237, 0.084]]
['circle', [0.33], [2.16, 0.514]]
['circle', [0.289], [0.05, 2.629]]
['circle', [0.281], [0.485, 1.707]]
['circle', [0.291], [4.926, 0.929]]
['circle', [0.342], [4.563, 2.908]]
['circle', [0.325], [0.451, 4.772]]
['circle', [0.202], [0.74, 3.455]]
['circle', [0.233], [2.438, 4.937]]
['circle', [0.366], [3.177, 1.255]]
['circle', [0.311], [2.795, 3.848]]
['circle', [0.255], [1.087, 0.647]]
num139
start:[3.932, 3.427]
terminal:[4.093, 2.941]
obs num:15
['circle', [0.285], [2.749, 2.837]]
['circle', [0.287], [4.238, 4.748]]
['circle', [0.215], [0.569, 4.431]]
['circle', [0.202], [2.151, 1.515]]
['circle', [0.213], [0.819, 1.864]]
['circle', [0.221], [2.08, 3.658]]
['circle', [0.242], [2.533, 0.042]]
['circle', [0.208], [3.934, 0.552]]
['circle', [0.389], [4.089, 2.313]]
['circle', [0.35], [0.876, 2.901]]
['circle', [0.363], [1.344, 0.574]]
['circle', [0.251], [3.217, 1.644]]
['circle', [0.325], [2.331, 4.726]]
['circle', [0.278], [3.022, 3.976]]
['circle', [0.303], [4.854, 3.205]]
num140
start:[0.783, 3.766]
terminal:[1.123, 1.497]
obs num:15
['circle', [0.254], [0.134, 0.758]]
['circle', [0.307], [3.793, 4.676]]
['circle', [0.367], [0.784, 4.432]]
['circle', [0.302], [3.097, 2.667]]
['circle', [0.329], [3.925, 1.74]]
['circle', [0.27], [2.112, 0.427]]
['circle', [0.399], [0.523, 2.428]]
['circle', [0.303], [4.212, 2.774]]
['circle', [0.217], [4.391, 0.637]]
['circle', [0.218], [4.338, 3.854]]
['circle', [0.255], [2.373, 4.542]]
['circle', [0.315], [1.927, 2.988]]
['circle', [0.357], [1.152, 0.849]]
['circle', [0.242], [3.246, 0.414]]
['circle', [0.23], [3.341, 3.634]]
num141
start:[4.697, 1.289]
terminal:[0.567, 4.111]
obs num:15
['circle', [0.367], [2.458, 1.655]]
['circle', [0.331], [4.049, 4.932]]
['circle', [0.339], [0.918, 0.63]]
['circle', [0.3], [4.454, 2.595]]
['circle', [0.214], [1.185, 2.817]]
['circle', [0.362], [1.367, 4.009]]
['circle', [0.256], [2.438, 2.852]]
['circle', [0.257], [3.426, 0.354]]
['circle', [0.395], [4.78, 0.027]]
['circle', [0.257], [0.133, 3.431]]
['circle', [0.339], [3.395, 2.567]]
['circle', [0.36], [2.451, 4.658]]
['circle', [0.293], [2.467, 0.123]]
['circle', [0.276], [4.257, 3.81]]
['circle', [0.279], [0.168, 2.418]]
num142
start:[1.541, 2.444]
terminal:[3.158, 0.368]
obs num:15
['circle', [0.269], [3.19, 3.573]]
['circle', [0.302], [3.826, 2.143]]
['circle', [0.312], [4.821, 1.486]]
['circle', [0.368], [0.621, 0.642]]
['circle', [0.246], [3.664, 4.638]]
['circle', [0.21], [0.496, 1.915]]
['circle', [0.324], [1.535, 3.019]]
['circle', [0.217], [2.304, 4.132]]
['circle', [0.369], [1.509, 4.856]]
['circle', [0.235], [2.527, 1.775]]
['circle', [0.339], [0.29, 4.306]]
['circle', [0.28], [3.561, 1.152]]
['circle', [0.214], [4.259, 0.244]]
['circle', [0.288], [4.668, 3.477]]
['circle', [0.225], [2.592, 0.826]]
num143
start:[0.971, 3.047]
terminal:[0.962, 3.997]
obs num:15
['circle', [0.227], [2.452, 2.658]]
['circle', [0.367], [1.252, 1.786]]
['circle', [0.256], [3.897, 1.65]]
['circle', [0.391], [0.123, 2.49]]
['circle', [0.349], [0.368, 3.844]]
['circle', [0.304], [1.759, 0.584]]
['circle', [0.257], [3.062, 4.546]]
['circle', [0.237], [4.46, 4.556]]
['circle', [0.364], [1.614, 3.824]]
['circle', [0.322], [3.367, 0.416]]
['circle', [0.226], [3.709, 3.725]]
['circle', [0.382], [0.068, 0.929]]
['circle', [0.363], [4.839, 3.253]]
['circle', [0.306], [2.803, 1.756]]
['circle', [0.351], [4.967, 1.401]]
num144
start:[4.11, 4.557]
terminal:[0.928, 3.65]
obs num:15
['circle', [0.255], [2.669, 3.53]]
['circle', [0.297], [4.324, 3.356]]
['circle', [0.247], [0.618, 1.766]]
['circle', [0.232], [0.417, 0.097]]
['circle', [0.354], [2.851, 2.193]]
['circle', [0.381], [2.369, 0.426]]
['circle', [0.238], [4.67, 0.669]]
['circle', [0.326], [0.306, 3.888]]
['circle', [0.244], [4.665, 1.628]]
['circle', [0.348], [1.168, 4.805]]
['circle', [0.245], [1.713, 3.229]]
['circle', [0.348], [1.397, 1.144]]
['circle', [0.22], [4.877, 4.935]]
['circle', [0.219], [3.345, 1.014]]
['circle', [0.221], [3.527, 4.972]]
num145
start:[0.709, 2.502]
terminal:[4.191, 3.48]
obs num:15
['circle', [0.303], [0.027, 4.88]]
['circle', [0.202], [1.471, 3.41]]
['circle', [0.373], [4.564, 2.934]]
['circle', [0.223], [2.605, 1.45]]
['circle', [0.381], [1.288, 1.285]]
['circle', [0.341], [0.13, 3.277]]
['circle', [0.214], [3.301, 2.211]]
['circle', [0.259], [1.947, 0.405]]
['circle', [0.386], [3.493, 3.55]]
['circle', [0.209], [0.241, 0.245]]
['circle', [0.355], [4.65, 4.312]]
['circle', [0.36], [4.107, 0.931]]
['circle', [0.246], [0.067, 2.12]]
['circle', [0.365], [2.948, 4.783]]
['circle', [0.216], [2.065, 2.746]]
num146
start:[4.334, 2.773]
terminal:[4.43, 4.458]
obs num:15
['circle', [0.239], [2.969, 0.266]]
['circle', [0.3], [1.294, 3.864]]
['circle', [0.325], [4.657, 1.411]]
['circle', [0.254], [0.806, 0.031]]
['circle', [0.27], [2.188, 3.427]]
['circle', [0.2], [2.85, 2.416]]
['circle', [0.38], [4.454, 3.434]]
['circle', [0.212], [4.059, 0.34]]
['circle', [0.246], [2.01, 0.651]]
['circle', [0.342], [0.014, 1.064]]
['circle', [0.207], [3.139, 3.937]]
['circle', [0.212], [1.427, 2.441]]
['circle', [0.36], [3.295, 1.228]]
['circle', [0.284], [0.243, 3.408]]
['circle', [0.215], [3.711, 2.257]]
num147
start:[4.153, 4.139]
terminal:[3.999, 3.505]
obs num:15
['circle', [0.293], [1.523, 4.943]]
['circle', [0.284], [3.853, 3.029]]
['circle', [0.368], [4.946, 4.705]]
['circle', [0.355], [1.192, 0.167]]
['circle', [0.319], [4.749, 0.201]]
['circle', [0.395], [0.442, 2.568]]
['circle', [0.267], [2.939, 2.17]]
['circle', [0.214], [4.984, 1.85]]
['circle', [0.227], [1.707, 2.027]]
['circle', [0.363], [0.73, 3.742]]
['circle', [0.381], [3.249, 4.697]]
['circle', [0.396], [0.096, 4.991]]
['circle', [0.326], [2.62, 3.326]]
['circle', [0.33], [3.149, 0.431]]
['circle', [0.209], [3.597, 1.264]]
num148
start:[1.176, 2.62]
terminal:[2.392, 0.685]
obs num:15
['circle', [0.372], [0.093, 0.781]]
['circle', [0.398], [2.235, 2.309]]
['circle', [0.208], [3.862, 1.921]]
['circle', [0.376], [0.247, 3.58]]
['circle', [0.221], [3.861, 1.087]]
['circle', [0.265], [3.462, 3.713]]
['circle', [0.345], [2.298, 3.728]]
['circle', [0.253], [0.471, 4.64]]
['circle', [0.201], [3.985, 4.823]]
['circle', [0.326], [4.955, 4.854]]
['circle', [0.368], [0.448, 2.16]]
['circle', [0.336], [1.58, 0.209]]
['circle', [0.269], [1.65, 4.519]]
['circle', [0.347], [4.602, 2.82]]
['circle', [0.236], [3.303, 2.607]]
num149
start:[2.373, 1.113]
terminal:[4.428, 1.888]
obs num:15
['circle', [0.358], [4.981, 1.383]]
['circle', [0.391], [0.193, 0.048]]
['circle', [0.207], [1.903, 4.497]]
['circle', [0.347], [0.708, 1.589]]
['circle', [0.393], [0.939, 3.403]]
['circle', [0.347], [4.286, 4.278]]
['circle', [0.327], [4.951, 2.565]]
['circle', [0.282], [4.142, 0.613]]
['circle', [0.223], [3.14, 0.84]]
['circle', [0.301], [3.018, 4.466]]
['circle', [0.298], [1.693, 2.555]]
['circle', [0.281], [3.403, 3.322]]
['circle', [0.259], [1.525, 0.05]]
['circle', [0.279], [3.203, 1.944]]
['circle', [0.293], [0.659, 4.975]]
num150
start:[2.424, 4.27]
terminal:[2.97, 2.417]
obs num:15
['circle', [0.248], [2.275, 3.412]]
['circle', [0.225], [1.733, 4.805]]
['circle', [0.209], [2.887, 0.525]]
['circle', [0.219], [0.068, 2.021]]
['circle', [0.286], [1.888, 1.303]]
['circle', [0.391], [4.471, 1.989]]
['circle', [0.374], [0.424, 3.532]]
['circle', [0.3], [1.097, 2.09]]
['circle', [0.265], [3.51, 4.078]]
['circle', [0.256], [0.622, 0.087]]
['circle', [0.218], [3.336, 1.221]]
['circle', [0.23], [4.957, 0.077]]
['circle', [0.252], [4.02, 0.225]]
['circle', [0.265], [2.318, 2.449]]
['circle', [0.265], [4.785, 3.845]]
num151
start:[1.391, 1.128]
terminal:[0.547, 0.661]
obs num:15
['circle', [0.207], [3.697, 3.14]]
['circle', [0.356], [0.867, 2.605]]
['circle', [0.335], [3.933, 2.179]]
['circle', [0.329], [1.832, 1.95]]
['circle', [0.39], [3.128, 1.013]]
['circle', [0.236], [4.921, 0.171]]
['circle', [0.378], [1.558, 4.302]]
['circle', [0.349], [4.688, 4.222]]
['circle', [0.23], [1.412, 0.632]]
['circle', [0.294], [0.683, 1.243]]
['circle', [0.288], [0.335, 3.657]]
['circle', [0.299], [2.649, 4.165]]
['circle', [0.382], [4.993, 2.914]]
['circle', [0.318], [2.378, 3.041]]
['circle', [0.231], [0.049, 4.9]]
num152
start:[1.73, 4.206]
terminal:[3.681, 2.637]
obs num:15
['circle', [0.376], [4.828, 1.319]]
['circle', [0.4], [0.531, 4.888]]
['circle', [0.335], [3.235, 4.095]]
['circle', [0.279], [1.718, 0.059]]
['circle', [0.27], [4.765, 4.847]]
['circle', [0.274], [3.814, 1.671]]
['circle', [0.218], [0.104, 0.042]]
['circle', [0.246], [0.196, 3.735]]
['circle', [0.242], [1.822, 1.604]]
['circle', [0.364], [0.189, 2.396]]
['circle', [0.352], [2.92, 1.087]]
['circle', [0.383], [4.445, 3.223]]
['circle', [0.234], [1.44, 3.289]]
['circle', [0.314], [0.475, 1.289]]
['circle', [0.339], [2.37, 2.904]]
num153
start:[4.585, 3.854]
terminal:[2.43, 2.521]
obs num:15
['circle', [0.287], [2.15, 4.987]]
['circle', [0.236], [3.327, 2.517]]
['circle', [0.324], [4.59, 0.584]]
['circle', [0.255], [1.983, 0.498]]
['circle', [0.253], [1.82, 2.515]]
['circle', [0.385], [0.494, 1.356]]
['circle', [0.285], [1.73, 3.96]]
['circle', [0.4], [0.03, 4.108]]
['circle', [0.251], [3.935, 3.219]]
['circle', [0.255], [4.789, 4.859]]
['circle', [0.258], [2.704, 3.589]]
['circle', [0.241], [3.488, 4.522]]
['circle', [0.271], [3.495, 0.102]]
['circle', [0.231], [4.012, 1.707]]
['circle', [0.223], [2.726, 1.237]]
num154
start:[2.065, 2.766]
terminal:[0.913, 1.23]
obs num:15
['circle', [0.383], [0.908, 3.098]]
['circle', [0.306], [0.475, 4.862]]
['circle', [0.357], [1.837, 1.682]]
['circle', [0.232], [3.24, 4.008]]
['circle', [0.212], [4.581, 4.047]]
['circle', [0.297], [1.819, 4.594]]
['circle', [0.32], [0.332, 0.998]]
['circle', [0.39], [1.942, 0.019]]
['circle', [0.312], [4.658, 1.794]]
['circle', [0.371], [3.781, 2.953]]
['circle', [0.371], [4.075, 0.2]]
['circle', [0.271], [2.723, 2.314]]
['circle', [0.298], [2.813, 1.222]]
['circle', [0.355], [2.376, 3.313]]
['circle', [0.23], [4.081, 4.785]]
num155
start:[1.669, 3.066]
terminal:[3.729, 3.485]
obs num:15
['circle', [0.231], [0.243, 1.988]]
['circle', [0.247], [4.68, 0.234]]
['circle', [0.367], [4.831, 3.131]]
['circle', [0.276], [1.072, 2.451]]
['circle', [0.214], [4.596, 4.843]]
['circle', [0.296], [4.002, 1.931]]
['circle', [0.318], [2.801, 1.296]]
['circle', [0.257], [0.877, 0.948]]
['circle', [0.32], [0.844, 4.891]]
['circle', [0.27], [2.281, 4.817]]
['circle', [0.275], [2.854, 2.949]]
['circle', [0.225], [1.737, 3.861]]
['circle', [0.214], [0.915, 3.546]]
['circle', [0.282], [4.861, 1.203]]
['circle', [0.222], [1.321, 0.124]]
num156
start:[4.497, 1.643]
terminal:[0.316, 0.839]
obs num:15
['circle', [0.282], [2.209, 0.392]]
['circle', [0.22], [4.711, 2.462]]
['circle', [0.348], [1.864, 2.942]]
['circle', [0.364], [0.955, 3.727]]
['circle', [0.389], [1.906, 4.902]]
['circle', [0.365], [1.802, 1.804]]
['circle', [0.328], [0.564, 1.82]]
['circle', [0.367], [4.222, 3.9]]
['circle', [0.249], [3.416, 4.976]]
['circle', [0.274], [0.339, 0.313]]
['circle', [0.283], [4.515, 0.14]]
['circle', [0.374], [3.403, 1.451]]
['circle', [0.3], [4.848, 4.796]]
['circle', [0.213], [0.673, 4.783]]
['circle', [0.225], [0.377, 2.913]]
num157
start:[1.969, 1.7]
terminal:[1.119, 0.153]
obs num:15
['circle', [0.367], [4.832, 1.282]]
['circle', [0.284], [2.815, 0.117]]
['circle', [0.201], [4.197, 2.737]]
['circle', [0.269], [3.351, 1.916]]
['circle', [0.318], [2.262, 4.378]]
['circle', [0.33], [2.266, 2.501]]
['circle', [0.285], [3.202, 3.599]]
['circle', [0.376], [0.284, 1.495]]
['circle', [0.368], [4.091, 4.861]]
['circle', [0.375], [0.321, 3.681]]
['circle', [0.321], [3.908, 0.285]]
['circle', [0.271], [2.578, 1.19]]
['circle', [0.342], [0.921, 2.536]]
['circle', [0.347], [1.669, 0.714]]
['circle', [0.292], [4.782, 3.579]]
num158
start:[2.398, 4.359]
terminal:[4.675, 3.406]
obs num:15
['circle', [0.392], [1.179, 4.907]]
['circle', [0.378], [2.994, 2.125]]
['circle', [0.237], [2.073, 0.597]]
['circle', [0.299], [0.374, 0.471]]
['circle', [0.325], [3.158, 0.169]]
['circle', [0.312], [1.6, 1.829]]
['circle', [0.34], [0.258, 3.953]]
['circle', [0.269], [4.196, 4.403]]
['circle', [0.326], [3.527, 3.184]]
['circle', [0.331], [4.694, 0.95]]
['circle', [0.213], [2.555, 3.702]]
['circle', [0.325], [4.18, 1.949]]
['circle', [0.308], [1.474, 3.213]]
['circle', [0.341], [0.01, 2.72]]
['circle', [0.216], [4.988, 3.12]]
num159
start:[4.566, 3.157]
terminal:[4.522, 1.157]
obs num:15
['circle', [0.218], [3.021, 4.682]]
['circle', [0.256], [4.962, 3.611]]
['circle', [0.277], [3.214, 2.338]]
['circle', [0.388], [0.611, 1.386]]
['circle', [0.394], [3.517, 0.116]]
['circle', [0.385], [3.294, 3.422]]
['circle', [0.251], [4.601, 0.446]]
['circle', [0.29], [0.006, 2.42]]
['circle', [0.203], [2.266, 2.002]]
['circle', [0.24], [4.414, 4.595]]
['circle', [0.21], [0.084, 3.951]]
['circle', [0.223], [2.043, 4.713]]
['circle', [0.202], [2.364, 3.805]]
['circle', [0.24], [1.274, 4.257]]
['circle', [0.22], [1.14, 2.69]]
num160
start:[2.062, 4.371]
terminal:[2.339, 2.335]
obs num:15
['circle', [0.239], [4.098, 2.059]]
['circle', [0.397], [1.31, 1.005]]
['circle', [0.254], [0.396, 0.039]]
['circle', [0.324], [1.283, 3.43]]
['circle', [0.309], [3.529, 4.243]]
['circle', [0.387], [2.417, 0.044]]
['circle', [0.357], [2.918, 2.216]]
['circle', [0.376], [0.398, 4.144]]
['circle', [0.327], [0.079, 2.096]]
['circle', [0.284], [3.18, 0.963]]
['circle', [0.254], [4.981, 3.63]]
['circle', [0.235], [1.896, 2.403]]
['circle', [0.203], [3.701, 3.175]]
['circle', [0.259], [2.542, 3.58]]
['circle', [0.212], [4.871, 0.298]]
num161
start:[1.862, 3.466]
terminal:[4.036, 2.484]
obs num:15
['circle', [0.225], [4.688, 4.534]]
['circle', [0.28], [2.714, 1.554]]
['circle', [0.336], [4.858, 0.544]]
['circle', [0.253], [1.088, 2.673]]
['circle', [0.315], [1.989, 4.707]]
['circle', [0.295], [0.371, 4.229]]
['circle', [0.252], [1.534, 1.291]]
['circle', [0.212], [4.892, 2.112]]
['circle', [0.391], [3.144, 4.505]]
['circle', [0.202], [1.98, 2.206]]
['circle', [0.32], [3.121, 3.211]]
['circle', [0.308], [2.207, 0.605]]
['circle', [0.354], [0.5, 0.759]]
['circle', [0.238], [3.864, 1.876]]
['circle', [0.258], [4.57, 3.621]]
num162
start:[4.385, 1.529]
terminal:[3.85, 1.946]
obs num:15
['circle', [0.252], [2.003, 3.402]]
['circle', [0.366], [3.918, 2.926]]
['circle', [0.343], [4.987, 3.644]]
['circle', [0.349], [1.415, 0.815]]
['circle', [0.233], [2.332, 4.314]]
['circle', [0.317], [3.661, 0.142]]
['circle', [0.211], [0.344, 2.069]]
['circle', [0.224], [1.146, 4.679]]
['circle', [0.377], [0.163, 0.549]]
['circle', [0.371], [0.148, 3.57]]
['circle', [0.33], [2.538, 1.36]]
['circle', [0.369], [3.785, 4.626]]
['circle', [0.317], [0.171, 4.812]]
['circle', [0.396], [4.945, 0.612]]
['circle', [0.243], [1.815, 2.301]]
num163
start:[4.363, 2.354]
terminal:[4.375, 3.161]
obs num:15
['circle', [0.202], [2.895, 3.119]]
['circle', [0.353], [4.672, 3.709]]
['circle', [0.246], [1.027, 3.018]]
['circle', [0.207], [3.079, 0.706]]
['circle', [0.282], [0.08, 2.347]]
['circle', [0.274], [0.86, 1.707]]
['circle', [0.28], [2.263, 4.822]]
['circle', [0.274], [2.686, 1.749]]
['circle', [0.34], [3.895, 4.92]]
['circle', [0.354], [0.753, 4.854]]
['circle', [0.35], [1.77, 0.678]]
['circle', [0.268], [4.239, 1.332]]
['circle', [0.209], [2.373, 3.833]]
['circle', [0.294], [0.684, 0.619]]
['circle', [0.306], [0.039, 3.769]]
num164
start:[1.665, 3.136]
terminal:[3.196, 3.087]
obs num:15
['circle', [0.243], [3.821, 0.129]]
['circle', [0.307], [4.893, 0.241]]
['circle', [0.289], [1.61, 0.367]]
['circle', [0.284], [3.77, 1.812]]
['circle', [0.35], [1.926, 2.562]]
['circle', [0.211], [0.585, 1.614]]
['circle', [0.265], [2.866, 4.943]]
['circle', [0.387], [0.67, 2.627]]
['circle', [0.202], [3.08, 4.006]]
['circle', [0.223], [0.635, 4.687]]
['circle', [0.33], [1.324, 3.89]]
['circle', [0.31], [2.695, 1.103]]
['circle', [0.223], [3.965, 2.726]]
['circle', [0.291], [4.901, 2.5]]
['circle', [0.233], [0.224, 3.58]]
num165
start:[4.549, 1.189]
terminal:[0.844, 1.776]
obs num:15
['circle', [0.288], [4.485, 3.851]]
['circle', [0.26], [3.862, 2.06]]
['circle', [0.391], [4.893, 0.46]]
['circle', [0.281], [0.479, 3.166]]
['circle', [0.355], [3.462, 4.791]]
['circle', [0.328], [1.971, 4.497]]
['circle', [0.377], [1.182, 0.205]]
['circle', [0.254], [2.075, 1.245]]
['circle', [0.287], [0.907, 1.277]]
['circle', [0.293], [2.338, 0.088]]
['circle', [0.259], [2.593, 2.648]]
['circle', [0.226], [0.64, 4.451]]
['circle', [0.348], [3.36, 3.576]]
['circle', [0.364], [3.195, 1.103]]
['circle', [0.24], [1.813, 3.099]]
num166
start:[4.662, 3.2]
terminal:[0.818, 2.662]
obs num:15
['circle', [0.294], [0.104, 0.096]]
['circle', [0.245], [2.986, 2.102]]
['circle', [0.213], [1.287, 3.663]]
['circle', [0.346], [2.977, 3.196]]
['circle', [0.308], [0.258, 1.767]]
['circle', [0.251], [3.224, 0.307]]
['circle', [0.317], [1.919, 0.125]]
['circle', [0.359], [4.121, 4.597]]
['circle', [0.269], [4.074, 3.294]]
['circle', [0.349], [4.503, 0.515]]
['circle', [0.204], [0.053, 3.742]]
['circle', [0.288], [2.366, 4.352]]
['circle', [0.279], [1.907, 2.077]]
['circle', [0.215], [1.348, 1.217]]
['circle', [0.33], [4.723, 1.61]]
num167
start:[3.121, 3.782]
terminal:[4.148, 3.291]
obs num:15
['circle', [0.304], [0.989, 2.609]]
['circle', [0.367], [3.838, 1.249]]
['circle', [0.204], [3.36, 2.877]]
['circle', [0.34], [2.692, 0.76]]
['circle', [0.263], [1.883, 3.842]]
['circle', [0.331], [0.846, 1.394]]
['circle', [0.388], [0.29, 3.667]]
['circle', [0.385], [4.495, 2.814]]
['circle', [0.302], [4.16, 4.375]]
['circle', [0.221], [2.131, 2.501]]
['circle', [0.274], [0.994, 0.04]]
['circle', [0.22], [0.901, 4.923]]
['circle', [0.266], [4.613, 0.402]]
['circle', [0.272], [0.094, 0.618]]
['circle', [0.205], [3.159, 4.364]]
num168
start:[3.508, 3.199]
terminal:[3.057, 1.608]
obs num:15
['circle', [0.238], [4.915, 1.626]]
['circle', [0.286], [4.839, 0.118]]
['circle', [0.226], [0.783, 0.406]]
['circle', [0.214], [1.4, 4.127]]
['circle', [0.382], [4.432, 3.029]]
['circle', [0.353], [0.007, 3.264]]
['circle', [0.4], [3.849, 1.669]]
['circle', [0.274], [3.21, 0.14]]
['circle', [0.392], [1.149, 2.76]]
['circle', [0.23], [2.398, 2.832]]
['circle', [0.388], [1.689, 0.987]]
['circle', [0.202], [4.212, 4.522]]
['circle', [0.244], [2.935, 4.742]]
['circle', [0.337], [0.095, 4.642]]
['circle', [0.224], [2.68, 1.806]]
num169
start:[3.891, 4.739]
terminal:[3.027, 2.085]
obs num:15
['circle', [0.259], [0.555, 1.323]]
['circle', [0.241], [0.757, 4.547]]
['circle', [0.313], [1.916, 4.916]]
['circle', [0.277], [3.847, 0.409]]
['circle', [0.301], [1.58, 2.694]]
['circle', [0.255], [2.881, 2.607]]
['circle', [0.209], [2.976, 4.935]]
['circle', [0.297], [4.811, 4.431]]
['circle', [0.276], [2.096, 3.552]]
['circle', [0.328], [4.838, 3.009]]
['circle', [0.354], [0.107, 0.287]]
['circle', [0.355], [2.901, 0.96]]
['circle', [0.228], [3.94, 1.946]]
['circle', [0.245], [1.373, 0.219]]
['circle', [0.334], [0.267, 2.736]]
num170
start:[2.48, 4.683]
terminal:[3.68, 3.75]
obs num:15
['circle', [0.233], [3.828, 4.426]]
['circle', [0.209], [2.551, 3.331]]
['circle', [0.344], [1.922, 4.255]]
['circle', [0.21], [1.364, 1.336]]
['circle', [0.326], [5.0, 4.197]]
['circle', [0.244], [1.799, 0.453]]
['circle', [0.368], [0.083, 1.57]]
['circle', [0.324], [4.281, 1.226]]
['circle', [0.284], [4.294, 3.376]]
['circle', [0.269], [3.281, 2.784]]
['circle', [0.37], [0.434, 3.118]]
['circle', [0.202], [3.064, 4.923]]
['circle', [0.279], [4.773, 0.322]]
['circle', [0.232], [0.197, 4.837]]
['circle', [0.208], [2.769, 0.153]]
num171
start:[2.93, 3.702]
terminal:[4.751, 2.182]
obs num:15
['circle', [0.253], [0.74, 4.134]]
['circle', [0.381], [0.348, 1.083]]
['circle', [0.24], [4.137, 3.665]]
['circle', [0.275], [4.646, 0.835]]
['circle', [0.392], [2.933, 0.802]]
['circle', [0.357], [3.238, 4.435]]
['circle', [0.38], [0.536, 2.831]]
['circle', [0.373], [2.031, 3.224]]
['circle', [0.304], [2.033, 4.502]]
['circle', [0.227], [4.925, 4.142]]
['circle', [0.229], [3.917, 2.696]]
['circle', [0.296], [4.975, 2.709]]
['circle', [0.288], [4.359, 1.868]]
['circle', [0.227], [2.471, 1.885]]
['circle', [0.349], [1.936, 0.222]]
num172
start:[4.384, 2.419]
terminal:[1.804, 1.536]
obs num:15
['circle', [0.275], [1.372, 1.971]]
['circle', [0.232], [0.248, 1.867]]
['circle', [0.266], [0.991, 3.522]]
['circle', [0.352], [3.185, 4.541]]
['circle', [0.292], [4.426, 4.736]]
['circle', [0.32], [4.81, 0.327]]
['circle', [0.249], [2.263, 2.312]]
['circle', [0.362], [2.947, 0.033]]
['circle', [0.325], [1.874, 4.174]]
['circle', [0.242], [2.942, 1.218]]
['circle', [0.35], [4.155, 3.085]]
['circle', [0.382], [0.067, 0.612]]
['circle', [0.328], [3.606, 2.068]]
['circle', [0.231], [1.076, 0.072]]
['circle', [0.257], [1.964, 0.406]]
num173
start:[0.606, 3.764]
terminal:[1.638, 2.039]
obs num:15
['circle', [0.341], [4.933, 2.14]]
['circle', [0.202], [1.197, 2.168]]
['circle', [0.343], [3.893, 0.97]]
['circle', [0.26], [1.185, 3.307]]
['circle', [0.295], [3.421, 2.457]]
['circle', [0.367], [4.576, 3.976]]
['circle', [0.316], [2.141, 2.742]]
['circle', [0.377], [2.739, 1.509]]
['circle', [0.255], [2.048, 3.984]]
['circle', [0.316], [0.072, 0.23]]
['circle', [0.382], [1.433, 0.687]]
['circle', [0.232], [4.633, 0.222]]
['circle', [0.381], [0.012, 2.719]]
['circle', [0.251], [3.149, 4.981]]
['circle', [0.318], [2.782, 0.329]]
num174
start:[1.046, 1.679]
terminal:[3.563, 2.192]
obs num:15
['circle', [0.221], [0.121, 4.006]]
['circle', [0.339], [3.104, 3.095]]
['circle', [0.263], [1.648, 0.359]]
['circle', [0.35], [4.85, 0.752]]
['circle', [0.21], [0.753, 0.385]]
['circle', [0.342], [4.816, 2.462]]
['circle', [0.282], [0.326, 2.516]]
['circle', [0.267], [2.17, 1.199]]
['circle', [0.303], [4.078, 4.739]]
['circle', [0.346], [1.464, 2.238]]
['circle', [0.338], [1.908, 4.693]]
['circle', [0.392], [1.261, 3.573]]
['circle', [0.381], [3.643, 0.161]]
['circle', [0.209], [4.986, 3.612]]
['circle', [0.31], [3.026, 4.692]]
num175
start:[0.834, 3.967]
terminal:[4.376, 4.295]
obs num:15
['circle', [0.255], [3.919, 1.194]]
['circle', [0.206], [0.288, 2.331]]
['circle', [0.354], [0.406, 0.217]]
['circle', [0.223], [1.309, 3.536]]
['circle', [0.316], [1.876, 2.401]]
['circle', [0.244], [4.161, 2.849]]
['circle', [0.225], [0.678, 4.489]]
['circle', [0.362], [3.285, 3.954]]
['circle', [0.326], [0.216, 1.355]]
['circle', [0.355], [2.758, 0.347]]
['circle', [0.394], [4.021, 4.941]]
['circle', [0.38], [2.875, 1.692]]
['circle', [0.217], [4.966, 0.226]]
['circle', [0.23], [2.452, 3.173]]
['circle', [0.301], [1.751, 4.717]]
num176
start:[3.017, 3.318]
terminal:[0.3, 4.167]
obs num:15
['circle', [0.26], [3.792, 0.124]]
['circle', [0.318], [0.436, 3.581]]
['circle', [0.399], [3.942, 4.363]]
['circle', [0.294], [3.156, 1.467]]
['circle', [0.354], [0.44, 0.769]]
['circle', [0.256], [4.697, 1.905]]
['circle', [0.327], [2.291, 3.161]]
['circle', [0.299], [1.747, 0.883]]
['circle', [0.349], [1.432, 4.892]]
['circle', [0.201], [1.241, 2.235]]
['circle', [0.358], [4.956, 0.575]]
['circle', [0.208], [1.404, 3.796]]
['circle', [0.221], [0.357, 2.066]]
['circle', [0.355], [3.591, 2.709]]
['circle', [0.368], [2.495, 4.428]]
num177
start:[1.179, 4.054]
terminal:[1.526, 1.239]
obs num:15
['circle', [0.337], [0.048, 4.862]]
['circle', [0.233], [0.945, 3.281]]
['circle', [0.23], [4.157, 1.501]]
['circle', [0.354], [4.1, 4.136]]
['circle', [0.222], [0.239, 0.401]]
['circle', [0.388], [0.789, 1.479]]
['circle', [0.399], [2.84, 2.085]]
['circle', [0.353], [3.075, 4.864]]
['circle', [0.325], [3.606, 0.28]]
['circle', [0.25], [4.886, 0.365]]
['circle', [0.284], [4.796, 2.324]]
['circle', [0.335], [1.634, 2.251]]
['circle', [0.362], [1.623, 0.073]]
['circle', [0.372], [2.255, 3.932]]
['circle', [0.235], [2.794, 1.051]]
num178
start:[0.723, 0.683]
terminal:[4.231, 1.057]
obs num:15
['circle', [0.307], [0.919, 4.224]]
['circle', [0.216], [2.379, 4.578]]
['circle', [0.23], [0.594, 1.958]]
['circle', [0.277], [0.23, 0.065]]
['circle', [0.388], [4.74, 1.554]]
['circle', [0.224], [1.844, 3.628]]
['circle', [0.211], [3.733, 2.36]]
['circle', [0.249], [3.882, 3.213]]
['circle', [0.383], [0.406, 3.118]]
['circle', [0.373], [4.832, 4.536]]
['circle', [0.316], [2.886, 0.45]]
['circle', [0.325], [2.484, 2.81]]
['circle', [0.239], [1.388, 0.275]]
['circle', [0.231], [2.798, 1.575]]
['circle', [0.209], [3.742, 1.187]]
num179
start:[1.655, 1.364]
terminal:[4.184, 0.271]
obs num:15
['circle', [0.384], [3.661, 4.783]]
['circle', [0.34], [0.417, 1.45]]
['circle', [0.251], [4.876, 1.769]]
['circle', [0.235], [2.069, 1.578]]
['circle', [0.272], [3.587, 3.543]]
['circle', [0.264], [3.474, 1.797]]
['circle', [0.32], [2.14, 4.464]]
['circle', [0.333], [0.589, 3.893]]
['circle', [0.38], [2.406, 2.623]]
['circle', [0.239], [0.092, 2.905]]
['circle', [0.378], [1.949, 0.168]]
['circle', [0.261], [4.486, 2.881]]
['circle', [0.272], [3.023, 0.965]]
['circle', [0.335], [1.219, 2.444]]
['circle', [0.246], [1.008, 4.925]]
num180
start:[3.894, 2.768]
terminal:[3.087, 1.913]
obs num:15
['circle', [0.28], [4.06, 0.064]]
['circle', [0.393], [2.122, 2.487]]
['circle', [0.35], [4.682, 4.422]]
['circle', [0.379], [4.901, 1.553]]
['circle', [0.257], [3.475, 4.997]]
['circle', [0.342], [1.082, 3.092]]
['circle', [0.307], [3.547, 2.238]]
['circle', [0.215], [0.926, 1.065]]
['circle', [0.274], [1.43, 4.682]]
['circle', [0.322], [3.951, 3.299]]
['circle', [0.227], [4.971, 2.79]]
['circle', [0.265], [3.084, 0.258]]
['circle', [0.32], [1.805, 0.376]]
['circle', [0.331], [2.875, 3.549]]
['circle', [0.201], [0.213, 1.665]]
num181
start:[0.837, 4.497]
terminal:[1.713, 0.43]
obs num:15
['circle', [0.232], [0.225, 0.157]]
['circle', [0.313], [3.133, 1.878]]
['circle', [0.391], [1.837, 3.321]]
['circle', [0.231], [1.98, 1.621]]
['circle', [0.381], [0.484, 2.597]]
['circle', [0.256], [3.139, 0.788]]
['circle', [0.247], [4.983, 0.341]]
['circle', [0.203], [4.192, 2.53]]
['circle', [0.31], [0.853, 3.881]]
['circle', [0.343], [4.372, 4.595]]
['circle', [0.38], [1.999, 4.76]]
['circle', [0.317], [0.779, 1.499]]
['circle', [0.22], [3.074, 4.334]]
['circle', [0.206], [4.731, 3.333]]
['circle', [0.208], [2.021, 0.044]]
num182
start:[2.194, 0.486]
terminal:[0.283, 0.398]
obs num:15
['circle', [0.351], [4.873, 1.579]]
['circle', [0.387], [3.302, 0.816]]
['circle', [0.22], [2.889, 3.649]]
['circle', [0.238], [4.406, 4.648]]
['circle', [0.294], [3.481, 2.328]]
['circle', [0.224], [2.619, 4.883]]
['circle', [0.338], [1.474, 3.649]]
['circle', [0.231], [1.742, 0.042]]
['circle', [0.208], [1.773, 1.134]]
['circle', [0.305], [4.92, 2.647]]
['circle', [0.321], [4.8, 3.688]]
['circle', [0.275], [1.019, 2.162]]
['circle', [0.27], [0.049, 2.062]]
['circle', [0.256], [2.046, 2.456]]
['circle', [0.219], [0.715, 0.457]]
num183
start:[2.144, 4.69]
terminal:[1.539, 3.898]
obs num:15
['circle', [0.226], [0.426, 3.225]]
['circle', [0.235], [3.632, 2.531]]
['circle', [0.336], [2.608, 0.662]]
['circle', [0.367], [1.802, 2.956]]
['circle', [0.342], [4.151, 1.065]]
['circle', [0.345], [1.397, 1.282]]
['circle', [0.379], [3.677, 4.793]]
['circle', [0.284], [3.551, 3.5]]
['circle', [0.352], [0.069, 1.118]]
['circle', [0.201], [3.165, 1.515]]
['circle', [0.371], [2.376, 4.046]]
['circle', [0.206], [4.797, 3.165]]
['circle', [0.392], [0.751, 4.39]]
['circle', [0.325], [1.511, 0.054]]
['circle', [0.204], [4.688, 4.682]]
num184
start:[4.23, 2.887]
terminal:[2.577, 4.004]
obs num:15
['circle', [0.278], [4.931, 2.259]]
['circle', [0.307], [3.128, 4.59]]
['circle', [0.209], [3.414, 3.349]]
['circle', [0.252], [2.344, 3.297]]
['circle', [0.203], [1.728, 1.241]]
['circle', [0.213], [0.67, 3.011]]
['circle', [0.258], [4.354, 0.696]]
['circle', [0.387], [0.124, 3.937]]
['circle', [0.311], [4.249, 4.699]]
['circle', [0.317], [2.59, 0.735]]
['circle', [0.322], [4.632, 3.602]]
['circle', [0.209], [0.23, 0.189]]
['circle', [0.319], [2.027, 2.192]]
['circle', [0.342], [0.578, 1.143]]
['circle', [0.376], [1.418, 3.753]]
num185
start:[3.068, 0.456]
terminal:[2.706, 3.788]
obs num:15
['circle', [0.388], [3.736, 2.165]]
['circle', [0.367], [2.051, 3.594]]
['circle', [0.264], [1.799, 0.585]]
['circle', [0.288], [3.448, 3.562]]
['circle', [0.336], [0.417, 1.286]]
['circle', [0.211], [3.991, 0.278]]
['circle', [0.284], [2.143, 1.892]]
['circle', [0.211], [1.432, 4.835]]
['circle', [0.264], [2.624, 4.67]]
['circle', [0.337], [4.686, 3.705]]
['circle', [0.238], [0.346, 2.638]]
['circle', [0.24], [2.815, 0.916]]
['circle', [0.388], [0.3, 4.514]]
['circle', [0.211], [4.867, 1.388]]
['circle', [0.282], [0.037, 0.088]]
num186
start:[4.74, 3.368]
terminal:[4.174, 2.392]
obs num:15
['circle', [0.255], [4.885, 0.446]]
['circle', [0.297], [2.277, 2.314]]
['circle', [0.312], [4.268, 1.607]]
['circle', [0.334], [0.005, 1.33]]
['circle', [0.331], [0.729, 2.31]]
['circle', [0.385], [4.155, 4.33]]
['circle', [0.377], [3.041, 1.358]]
['circle', [0.233], [2.168, 0.649]]
['circle', [0.32], [3.076, 3.359]]
['circle', [0.326], [0.98, 4.605]]
['circle', [0.315], [1.95, 3.933]]
['circle', [0.254], [0.436, 0.372]]
['circle', [0.352], [3.081, 4.94]]
['circle', [0.231], [4.968, 4.976]]
['circle', [0.376], [4.864, 2.608]]
num187
start:[0.514, 1.682]
terminal:[0.992, 1.049]
obs num:15
['circle', [0.251], [0.555, 3.344]]
['circle', [0.345], [2.634, 3.604]]
['circle', [0.363], [4.537, 4.899]]
['circle', [0.283], [3.453, 2.573]]
['circle', [0.368], [3.333, 4.588]]
['circle', [0.355], [2.609, 1.67]]
['circle', [0.201], [4.025, 0.327]]
['circle', [0.372], [0.85, 4.464]]
['circle', [0.205], [0.375, 0.616]]
['circle', [0.279], [2.241, 0.14]]
['circle', [0.218], [4.929, 3.066]]
['circle', [0.356], [1.452, 2.462]]
['circle', [0.381], [4.434, 2.1]]
['circle', [0.261], [3.826, 3.455]]
['circle', [0.209], [1.548, 1.258]]
num188
start:[3.85, 4.68]
terminal:[1.614, 1.361]
obs num:15
['circle', [0.219], [2.155, 4.837]]
['circle', [0.383], [4.887, 1.705]]
['circle', [0.237], [3.952, 3.709]]
['circle', [0.354], [2.713, 0.721]]
['circle', [0.224], [2.041, 0.007]]
['circle', [0.265], [4.37, 0.024]]
['circle', [0.214], [1.137, 0.269]]
['circle', [0.286], [1.951, 2.672]]
['circle', [0.204], [3.248, 2.989]]
['circle', [0.248], [3.143, 4.12]]
['circle', [0.339], [0.223, 0.668]]
['circle', [0.361], [0.554, 2.44]]
['circle', [0.296], [3.082, 1.943]]
['circle', [0.336], [0.562, 3.562]]
['circle', [0.252], [0.613, 4.751]]
num189
start:[2.774, 1.28]
terminal:[1.538, 2.249]
obs num:15
['circle', [0.322], [1.968, 3.848]]
['circle', [0.333], [1.571, 0.236]]
['circle', [0.384], [0.237, 4.61]]
['circle', [0.302], [3.379, 1.094]]
['circle', [0.371], [4.38, 2.402]]
['circle', [0.208], [3.411, 3.387]]
['circle', [0.246], [4.172, 4.938]]
['circle', [0.201], [4.747, 3.806]]
['circle', [0.37], [0.63, 3.199]]
['circle', [0.387], [0.694, 1.814]]
['circle', [0.228], [4.911, 1.23]]
['circle', [0.229], [2.975, 0.242]]
['circle', [0.276], [3.118, 4.726]]
['circle', [0.389], [1.934, 1.49]]
['circle', [0.226], [3.828, 0.028]]
num190
start:[1.246, 0.173]
terminal:[2.091, 2.451]
obs num:15
['circle', [0.305], [3.055, 2.148]]
['circle', [0.368], [4.946, 2.029]]
['circle', [0.355], [0.025, 0.622]]
['circle', [0.243], [4.457, 0.717]]
['circle', [0.363], [2.454, 4.183]]
['circle', [0.34], [1.258, 2.744]]
['circle', [0.277], [3.96, 1.59]]
['circle', [0.237], [3.895, 3.633]]
['circle', [0.206], [1.279, 1.647]]
['circle', [0.245], [2.22, 3.025]]
['circle', [0.333], [0.322, 3.425]]
['circle', [0.255], [0.021, 4.603]]
['circle', [0.207], [2.631, 0.227]]
['circle', [0.282], [4.981, 3.902]]
['circle', [0.256], [1.214, 4.862]]
num191
start:[1.091, 1.985]
terminal:[2.46, 4.682]
obs num:15
['circle', [0.217], [3.703, 4.482]]
['circle', [0.376], [0.102, 2.276]]
['circle', [0.214], [0.195, 4.856]]
['circle', [0.313], [4.779, 0.97]]
['circle', [0.394], [2.723, 3.992]]
['circle', [0.218], [4.413, 4.989]]
['circle', [0.305], [4.007, 2.013]]
['circle', [0.252], [4.351, 0.092]]
['circle', [0.248], [0.965, 3.367]]
['circle', [0.213], [1.019, 1.004]]
['circle', [0.329], [1.736, 4.818]]
['circle', [0.357], [4.457, 3.633]]
['circle', [0.246], [0.438, 0.285]]
['circle', [0.292], [2.18, 0.819]]
['circle', [0.376], [2.071, 1.971]]
num192
start:[2.517, 1.628]
terminal:[3.177, 2.315]
obs num:15
['circle', [0.225], [2.803, 2.948]]
['circle', [0.367], [2.47, 1.022]]
['circle', [0.214], [0.318, 3.469]]
['circle', [0.273], [2.97, 4.631]]
['circle', [0.271], [1.099, 1.058]]
['circle', [0.279], [1.859, 3.338]]
['circle', [0.244], [4.926, 0.12]]
['circle', [0.387], [0.444, 0.129]]
['circle', [0.27], [3.907, 3.029]]
['circle', [0.208], [4.927, 2.136]]
['circle', [0.216], [2.306, 2.252]]
['circle', [0.302], [4.688, 4.571]]
['circle', [0.242], [0.972, 4.831]]
['circle', [0.226], [4.502, 1.01]]
['circle', [0.236], [0.438, 1.919]]
num193
start:[3.718, 4.812]
terminal:[3.828, 3.048]
obs num:15
['circle', [0.254], [3.176, 2.145]]
['circle', [0.209], [0.68, 4.495]]
['circle', [0.223], [4.245, 1.95]]
['circle', [0.303], [0.879, 3.283]]
['circle', [0.363], [3.138, 0.806]]
['circle', [0.335], [4.505, 2.982]]
['circle', [0.364], [0.244, 0.823]]
['circle', [0.284], [2.568, 4.441]]
['circle', [0.265], [1.293, 1.307]]
['circle', [0.384], [2.205, 2.557]]
['circle', [0.271], [4.17, 4.51]]
['circle', [0.284], [4.607, 0.482]]
['circle', [0.225], [1.118, 0.033]]
['circle', [0.226], [0.023, 2.615]]
['circle', [0.254], [2.116, 0.758]]
num194
start:[1.094, 0.798]
terminal:[4.829, 2.406]
obs num:15
['circle', [0.22], [3.414, 3.999]]
['circle', [0.321], [2.094, 3.812]]
['circle', [0.236], [1.702, 2.519]]
['circle', [0.378], [2.988, 0.617]]
['circle', [0.317], [3.159, 2.687]]
['circle', [0.253], [2.048, 4.957]]
['circle', [0.244], [4.329, 3.625]]
['circle', [0.276], [0.923, 0.311]]
['circle', [0.259], [4.041, 2.208]]
['circle', [0.241], [4.47, 0.609]]
['circle', [0.279], [3.975, 4.808]]
['circle', [0.289], [1.488, 1.431]]
['circle', [0.244], [0.508, 2.053]]
['circle', [0.234], [0.376, 1.139]]
['circle', [0.336], [1.046, 4.495]]
num195
start:[4.792, 0.422]
terminal:[4.022, 1.825]
obs num:15
['circle', [0.374], [0.036, 3.347]]
['circle', [0.302], [1.976, 0.603]]
['circle', [0.386], [4.694, 4.289]]
['circle', [0.315], [0.586, 2.334]]
['circle', [0.217], [4.773, 0.862]]
['circle', [0.241], [3.736, 2.536]]
['circle', [0.342], [1.438, 3.913]]
['circle', [0.332], [4.993, 2.908]]
['circle', [0.213], [2.355, 4.191]]
['circle', [0.243], [4.857, 1.838]]
['circle', [0.319], [0.318, 1.321]]
['circle', [0.27], [1.475, 2.898]]
['circle', [0.314], [3.395, 4.357]]
['circle', [0.32], [3.428, 0.675]]
['circle', [0.283], [3.069, 3.203]]
num196
start:[3.641, 3.765]
terminal:[2.415, 1.718]
obs num:15
['circle', [0.213], [2.948, 1.987]]
['circle', [0.272], [3.553, 1.015]]
['circle', [0.227], [4.475, 0.52]]
['circle', [0.303], [4.628, 3.41]]
['circle', [0.224], [0.675, 2.243]]
['circle', [0.23], [3.791, 2.912]]
['circle', [0.318], [0.494, 0.089]]
['circle', [0.287], [1.642, 1.507]]
['circle', [0.277], [2.267, 4.617]]
['circle', [0.288], [0.486, 3.95]]
['circle', [0.252], [4.118, 4.825]]
['circle', [0.299], [2.557, 3.435]]
['circle', [0.297], [3.026, 0.009]]
['circle', [0.385], [1.643, 2.751]]
['circle', [0.307], [1.051, 4.97]]
num197
start:[3.656, 4.388]
terminal:[0.233, 1.585]
obs num:15
['circle', [0.299], [2.13, 0.578]]
['circle', [0.243], [1.567, 4.07]]
['circle', [0.324], [3.462, 1.142]]
['circle', [0.271], [0.69, 4.607]]
['circle', [0.239], [1.227, 1.768]]
['circle', [0.29], [4.984, 2.167]]
['circle', [0.399], [0.231, 0.417]]
['circle', [0.214], [4.217, 3.139]]
['circle', [0.352], [2.757, 2.143]]
['circle', [0.21], [3.89, 4.765]]
['circle', [0.228], [0.064, 3.204]]
['circle', [0.325], [4.562, 4.038]]
['circle', [0.341], [2.592, 3.791]]
['circle', [0.283], [4.908, 0.439]]
['circle', [0.201], [1.222, 2.872]]
num198
start:[2.628, 1.851]
terminal:[1.174, 3.283]
obs num:15
['circle', [0.22], [0.192, 1.847]]
['circle', [0.304], [4.273, 0.014]]
['circle', [0.3], [3.993, 2.462]]
['circle', [0.33], [2.753, 3.024]]
['circle', [0.223], [0.956, 0.199]]
['circle', [0.206], [3.782, 0.837]]
['circle', [0.291], [4.839, 4.75]]
['circle', [0.305], [2.694, 4.955]]
['circle', [0.23], [1.246, 2.222]]
['circle', [0.325], [2.633, 0.421]]
['circle', [0.242], [4.892, 1.585]]
['circle', [0.204], [1.634, 3.319]]
['circle', [0.221], [0.299, 4.004]]
['circle', [0.305], [0.882, 4.836]]
['circle', [0.305], [3.71, 3.747]]
num199
start:[3.762, 3.174]
terminal:[3.394, 2.631]
obs num:15
['circle', [0.311], [1.384, 1.204]]
['circle', [0.24], [4.786, 2.497]]
['circle', [0.248], [0.105, 3.635]]
['circle', [0.289], [0.464, 2.246]]
['circle', [0.333], [3.519, 0.464]]
['circle', [0.203], [4.906, 3.707]]
['circle', [0.342], [1.275, 2.921]]
['circle', [0.392], [3.65, 4.205]]
['circle', [0.298], [3.722, 1.495]]
['circle', [0.342], [2.168, 2.048]]
['circle', [0.308], [2.531, 3.726]]
['circle', [0.299], [0.744, 0.164]]
['circle', [0.215], [0.891, 4.351]]
['circle', [0.339], [2.621, 1.065]]
['circle', [0.272], [4.864, 4.791]]
num200
start:[4.33, 2.54]
terminal:[0.457, 2.878]
obs num:15
['circle', [0.226], [4.628, 0.398]]
['circle', [0.255], [2.926, 1.463]]
['circle', [0.306], [3.316, 3.876]]
['circle', [0.34], [0.987, 1.926]]
['circle', [0.347], [2.569, 0.366]]
['circle', [0.334], [2.444, 2.635]]
['circle', [0.207], [4.752, 2.947]]
['circle', [0.266], [1.566, 0.511]]
['circle', [0.332], [1.367, 4.441]]
['circle', [0.329], [4.427, 3.985]]
['circle', [0.364], [0.024, 4.848]]
['circle', [0.285], [0.448, 0.562]]
['circle', [0.358], [4.881, 1.477]]
['circle', [0.21], [1.878, 3.424]]
['circle', [0.208], [3.596, 4.747]]
num201
start:[4.609, 1.345]
terminal:[4.83, 3.594]
obs num:15
['circle', [0.362], [2.462, 4.913]]
['circle', [0.364], [3.504, 1.796]]
['circle', [0.271], [0.652, 1.909]]
['circle', [0.259], [4.619, 0.512]]
['circle', [0.25], [2.558, 2.623]]
['circle', [0.267], [2.365, 3.545]]
['circle', [0.246], [0.247, 3.026]]
['circle', [0.324], [1.736, 1.246]]
['circle', [0.389], [1.723, 0.085]]
['circle', [0.224], [3.994, 4.146]]
['circle', [0.358], [4.565, 2.184]]
['circle', [0.217], [0.399, 4.323]]
['circle', [0.275], [3.62, 4.967]]
['circle', [0.396], [0.155, 0.751]]
['circle', [0.276], [4.801, 4.726]]
num202
start:[1.553, 3.987]
terminal:[2.572, 0.179]
obs num:15
['circle', [0.278], [4.905, 3.697]]
['circle', [0.229], [1.975, 2.79]]
['circle', [0.282], [0.728, 2.993]]
['circle', [0.395], [3.445, 3.003]]
['circle', [0.241], [2.247, 1.441]]
['circle', [0.314], [0.494, 1.478]]
['circle', [0.255], [4.557, 1.339]]
['circle', [0.394], [3.263, 0.069]]
['circle', [0.321], [0.305, 4.287]]
['circle', [0.324], [0.795, 0.056]]
['circle', [0.255], [2.771, 4.101]]
['circle', [0.365], [3.828, 4.229]]
['circle', [0.209], [4.726, 4.65]]
['circle', [0.263], [1.202, 2.174]]
['circle', [0.204], [2.136, 4.783]]
num203
start:[0.769, 3.564]
terminal:[2.638, 0.772]
obs num:15
['circle', [0.396], [4.57, 2.404]]
['circle', [0.328], [3.199, 3.643]]
['circle', [0.222], [1.481, 1.993]]
['circle', [0.279], [4.78, 3.795]]
['circle', [0.383], [0.894, 2.925]]
['circle', [0.227], [4.501, 0.621]]
['circle', [0.351], [3.133, 2.258]]
['circle', [0.325], [3.185, 0.735]]
['circle', [0.219], [1.297, 0.4]]
['circle', [0.322], [1.533, 4.29]]
['circle', [0.324], [0.489, 4.79]]
['circle', [0.2], [2.453, 4.813]]
['circle', [0.202], [2.35, 1.223]]
['circle', [0.219], [1.022, 1.26]]
['circle', [0.22], [4.866, 1.424]]
num204
start:[2.449, 1.42]
terminal:[2.634, 3.204]
obs num:15
['circle', [0.383], [2.129, 2.837]]
['circle', [0.36], [4.558, 3.813]]
['circle', [0.21], [0.804, 2.681]]
['circle', [0.395], [2.955, 4.456]]
['circle', [0.333], [0.788, 3.977]]
['circle', [0.203], [3.974, 1.48]]
['circle', [0.275], [4.398, 2.477]]
['circle', [0.248], [0.804, 1.619]]
['circle', [0.257], [0.565, 0.038]]
['circle', [0.306], [1.811, 0.082]]
['circle', [0.208], [3.091, 1.45]]
['circle', [0.344], [4.69, 0.637]]
['circle', [0.383], [4.987, 4.94]]
['circle', [0.293], [3.399, 0.236]]
['circle', [0.272], [1.772, 1.181]]
num205
start:[2.995, 0.877]
terminal:[2.876, 2.974]
obs num:15
['circle', [0.39], [1.676, 4.699]]
['circle', [0.347], [1.757, 2.231]]
['circle', [0.358], [4.559, 3.814]]
['circle', [0.338], [0.674, 0.686]]
['circle', [0.382], [3.497, 2.936]]
['circle', [0.289], [4.594, 1.864]]
['circle', [0.235], [2.985, 4.688]]
['circle', [0.211], [1.365, 3.143]]
['circle', [0.256], [0.015, 3.454]]
['circle', [0.348], [0.489, 2.491]]
['circle', [0.329], [2.498, 3.653]]
['circle', [0.365], [3.386, 0.397]]
['circle', [0.301], [1.694, 0.094]]
['circle', [0.327], [4.833, 0.788]]
['circle', [0.229], [2.704, 1.798]]
num206
start:[3.996, 3.878]
terminal:[3.867, 3.427]
obs num:15
['circle', [0.271], [0.433, 4.361]]
['circle', [0.359], [0.643, 0.123]]
['circle', [0.359], [2.635, 0.312]]
['circle', [0.208], [2.643, 3.372]]
['circle', [0.275], [3.247, 1.494]]
['circle', [0.263], [0.523, 2.863]]
['circle', [0.348], [4.22, 2.822]]
['circle', [0.238], [4.607, 0.636]]
['circle', [0.249], [1.694, 4.578]]
['circle', [0.276], [2.148, 1.808]]
['circle', [0.256], [0.072, 1.568]]
['circle', [0.292], [4.545, 4.566]]
['circle', [0.264], [3.054, 4.159]]
['circle', [0.24], [4.64, 1.869]]
['circle', [0.219], [1.627, 3.641]]
num207
start:[3.745, 4.701]
terminal:[1.769, 2.826]
obs num:15
['circle', [0.245], [2.888, 2.373]]
['circle', [0.24], [3.737, 1.737]]
['circle', [0.227], [0.64, 0.339]]
['circle', [0.396], [2.396, 3.475]]
['circle', [0.226], [1.276, 2.218]]
['circle', [0.234], [4.751, 4.91]]
['circle', [0.268], [3.862, 3.234]]
['circle', [0.331], [0.122, 1.28]]
['circle', [0.224], [0.669, 3.513]]
['circle', [0.321], [4.722, 0.274]]
['circle', [0.278], [3.142, 0.388]]
['circle', [0.371], [1.227, 1.184]]
['circle', [0.327], [0.759, 4.959]]
['circle', [0.346], [3.272, 4.287]]
['circle', [0.242], [4.878, 3.626]]
num208
start:[4.783, 4.139]
terminal:[3.875, 2.411]
obs num:15
['circle', [0.238], [4.837, 2.666]]
['circle', [0.279], [1.839, 0.24]]
['circle', [0.385], [3.708, 0.925]]
['circle', [0.272], [2.044, 3.622]]
['circle', [0.31], [1.194, 1.369]]
['circle', [0.286], [2.491, 2.098]]
['circle', [0.307], [0.918, 2.718]]
['circle', [0.316], [0.047, 1.6]]
['circle', [0.399], [0.676, 0.209]]
['circle', [0.219], [0.591, 4.545]]
['circle', [0.303], [3.728, 3.662]]
['circle', [0.243], [4.948, 1.213]]
['circle', [0.226], [4.787, 4.877]]
['circle', [0.316], [3.494, 4.999]]
['circle', [0.322], [2.38, 4.761]]
num209
start:[4.757, 1.658]
terminal:[1.086, 1.037]
obs num:15
['circle', [0.22], [4.972, 3.581]]
['circle', [0.385], [3.719, 0.977]]
['circle', [0.346], [0.906, 2.526]]
['circle', [0.323], [0.216, 4.542]]
['circle', [0.294], [3.628, 2.209]]
['circle', [0.242], [0.136, 0.743]]
['circle', [0.329], [1.943, 4.831]]
['circle', [0.229], [0.974, 3.728]]
['circle', [0.315], [3.639, 4.443]]
['circle', [0.201], [2.022, 3.702]]
['circle', [0.292], [3.909, 3.209]]
['circle', [0.246], [2.163, 0.811]]
['circle', [0.221], [2.863, 2.737]]
['circle', [0.206], [2.201, 1.809]]
['circle', [0.344], [1.139, 0.312]]
num210
start:[2.73, 1.693]
terminal:[4.111, 2.587]
obs num:15
['circle', [0.328], [4.684, 1.751]]
['circle', [0.258], [3.367, 2.74]]
['circle', [0.259], [1.509, 1.342]]
['circle', [0.263], [3.457, 3.657]]
['circle', [0.335], [4.476, 4.577]]
['circle', [0.291], [3.105, 1.262]]
['circle', [0.252], [0.621, 1.931]]
['circle', [0.39], [1.525, 2.467]]
['circle', [0.225], [0.198, 0.024]]
['circle', [0.318], [2.224, 3.707]]
['circle', [0.288], [4.261, 0.189]]
['circle', [0.337], [2.519, 4.818]]
['circle', [0.205], [1.246, 4.776]]
['circle', [0.256], [2.585, 0.296]]
['circle', [0.309], [4.389, 3.254]]
num211
start:[2.211, 2.211]
terminal:[1.769, 2.449]
obs num:15
['circle', [0.229], [0.943, 3.806]]
['circle', [0.3], [4.697, 4.45]]
['circle', [0.292], [2.961, 4.226]]
['circle', [0.211], [1.209, 4.872]]
['circle', [0.289], [0.189, 0.82]]
['circle', [0.312], [2.581, 2.814]]
['circle', [0.321], [4.631, 1.832]]
['circle', [0.374], [4.412, 3.158]]
['circle', [0.246], [2.41, 0.91]]
['circle', [0.259], [2.333, 4.997]]
['circle', [0.235], [2.242, 0.038]]
['circle', [0.326], [0.066, 1.959]]
['circle', [0.344], [1.116, 2.501]]
['circle', [0.271], [3.158, 1.604]]
['circle', [0.217], [3.916, 0.874]]
num212
start:[1.001, 1.245]
terminal:[3.78, 0.823]
obs num:15
['circle', [0.287], [1.241, 0.734]]
['circle', [0.396], [4.886, 1.336]]
['circle', [0.335], [2.545, 1.802]]
['circle', [0.331], [2.217, 3.824]]
['circle', [0.286], [3.682, 3.255]]
['circle', [0.206], [0.932, 4.14]]
['circle', [0.239], [4.622, 3.028]]
['circle', [0.366], [0.122, 2.655]]
['circle', [0.371], [4.898, 4.391]]
['circle', [0.242], [0.257, 0.27]]
['circle', [0.203], [4.345, 0.135]]
['circle', [0.316], [2.787, 0.202]]
['circle', [0.368], [3.798, 4.785]]
['circle', [0.284], [1.264, 2.592]]
['circle', [0.285], [3.574, 2.212]]
num213
start:[4.179, 3.053]
terminal:[2.278, 1.809]
obs num:15
['circle', [0.218], [3.244, 1.096]]
['circle', [0.383], [2.0, 4.94]]
['circle', [0.242], [0.091, 1.217]]
['circle', [0.373], [1.597, 2.927]]
['circle', [0.33], [1.754, 1.685]]
['circle', [0.267], [4.314, 1.117]]
['circle', [0.3], [3.413, 2.004]]
['circle', [0.285], [4.869, 4.899]]
['circle', [0.342], [3.71, 4.943]]
['circle', [0.324], [0.216, 4.837]]
['circle', [0.253], [0.584, 0.161]]
['circle', [0.356], [3.708, 3.628]]
['circle', [0.251], [4.939, 2.51]]
['circle', [0.372], [3.267, 0.005]]
['circle', [0.358], [0.134, 2.273]]
num214
start:[1.911, 3.761]
terminal:[0.374, 1.309]
obs num:15
['circle', [0.397], [1.647, 0.404]]
['circle', [0.338], [3.389, 0.443]]
['circle', [0.348], [4.199, 1.346]]
['circle', [0.223], [3.835, 3.201]]
['circle', [0.398], [0.859, 2.381]]
['circle', [0.251], [0.744, 4.108]]
['circle', [0.267], [4.865, 0.213]]
['circle', [0.202], [2.75, 2.162]]
['circle', [0.266], [2.373, 4.879]]
['circle', [0.377], [4.328, 4.453]]
['circle', [0.302], [0.163, 0.351]]
['circle', [0.325], [2.115, 3.097]]
['circle', [0.217], [4.794, 2.926]]
['circle', [0.231], [1.802, 1.61]]
['circle', [0.225], [3.053, 3.704]]
num215
start:[2.48, 3.348]
terminal:[0.783, 2.367]
obs num:15
['circle', [0.385], [0.047, 3.292]]
['circle', [0.293], [2.546, 2.701]]
['circle', [0.204], [3.51, 2.588]]
['circle', [0.395], [1.491, 2.143]]
['circle', [0.387], [3.364, 3.875]]
['circle', [0.24], [4.728, 4.749]]
['circle', [0.206], [2.497, 4.768]]
['circle', [0.265], [1.732, 0.06]]
['circle', [0.33], [1.696, 3.481]]
['circle', [0.347], [4.627, 2.817]]
['circle', [0.247], [0.233, 1.868]]
['circle', [0.323], [3.725, 0.365]]
['circle', [0.209], [0.55, 0.698]]
['circle', [0.239], [3.14, 1.576]]
['circle', [0.285], [0.965, 4.642]]
num216
start:[2.087, 4.647]
terminal:[1.794, 1.87]
obs num:15
['circle', [0.302], [4.525, 1.632]]
['circle', [0.305], [2.361, 0.875]]
['circle', [0.386], [2.506, 2.31]]
['circle', [0.254], [0.106, 4.997]]
['circle', [0.291], [0.007, 2.876]]
['circle', [0.225], [4.11, 3.529]]
['circle', [0.285], [4.052, 4.993]]
['circle', [0.264], [3.82, 0.011]]
['circle', [0.244], [1.65, 3.238]]
['circle', [0.396], [0.501, 1.243]]
['circle', [0.206], [1.272, 4.906]]
['circle', [0.384], [1.032, 0.026]]
['circle', [0.383], [2.853, 4.466]]
['circle', [0.382], [4.9, 0.28]]
['circle', [0.273], [0.692, 3.884]]
num217
start:[4.654, 3.247]
terminal:[0.944, 2.251]
obs num:15
['circle', [0.245], [3.536, 1.116]]
['circle', [0.396], [1.964, 4.245]]
['circle', [0.315], [0.94, 0.279]]
['circle', [0.376], [1.499, 1.383]]
['circle', [0.234], [2.236, 2.228]]
['circle', [0.318], [3.307, 2.237]]
['circle', [0.374], [4.421, 2.375]]
['circle', [0.223], [2.239, 0.635]]
['circle', [0.37], [4.52, 4.683]]
['circle', [0.379], [0.027, 1.345]]
['circle', [0.291], [2.242, 3.174]]
['circle', [0.391], [0.736, 3.305]]
['circle', [0.229], [4.725, 0.315]]
['circle', [0.25], [0.512, 4.98]]
['circle', [0.243], [3.569, 3.506]]
num218
start:[2.493, 2.752]
terminal:[2.109, 2.099]
obs num:15
['circle', [0.382], [3.483, 0.008]]
['circle', [0.295], [0.877, 3.441]]
['circle', [0.292], [4.625, 4.778]]
['circle', [0.341], [2.297, 0.334]]
['circle', [0.339], [4.31, 1.815]]
['circle', [0.326], [1.682, 4.906]]
['circle', [0.265], [3.711, 4.009]]
['circle', [0.388], [1.058, 1.939]]
['circle', [0.281], [4.65, 3.341]]
['circle', [0.215], [2.934, 4.881]]
['circle', [0.265], [4.735, 0.51]]
['circle', [0.327], [2.836, 1.797]]
['circle', [0.26], [1.069, 0.551]]
['circle', [0.396], [2.757, 3.403]]
['circle', [0.301], [3.788, 2.79]]
num219
start:[4.559, 3.7]
terminal:[3.931, 3.903]
obs num:15
['circle', [0.331], [0.074, 4.219]]
['circle', [0.34], [3.067, 1.727]]
['circle', [0.326], [1.044, 0.998]]
['circle', [0.216], [1.9, 4.622]]
['circle', [0.229], [3.243, 4.106]]
['circle', [0.238], [1.672, 2.487]]
['circle', [0.237], [0.634, 2.814]]
['circle', [0.319], [4.444, 2.77]]
['circle', [0.32], [4.666, 1.65]]
['circle', [0.252], [4.176, 4.54]]
['circle', [0.203], [2.985, 0.413]]
['circle', [0.205], [1.045, 4.866]]
['circle', [0.308], [4.686, 0.279]]
['circle', [0.224], [1.85, 1.549]]
['circle', [0.315], [2.609, 3.051]]
num220
start:[4.678, 2.493]
terminal:[0.754, 1.074]
obs num:15
['circle', [0.252], [1.193, 3.522]]
['circle', [0.322], [0.857, 0.377]]
['circle', [0.273], [1.563, 1.564]]
['circle', [0.208], [4.195, 3.461]]
['circle', [0.232], [2.151, 3.05]]
['circle', [0.202], [3.579, 0.075]]
['circle', [0.326], [4.645, 1.294]]
['circle', [0.206], [3.487, 2.075]]
['circle', [0.242], [3.049, 4.654]]
['circle', [0.268], [4.638, 4.391]]
['circle', [0.251], [0.681, 2.373]]
['circle', [0.21], [3.305, 1.195]]
['circle', [0.231], [1.399, 4.531]]
['circle', [0.31], [0.217, 3.855]]
['circle', [0.321], [2.498, 0.634]]
num221
start:[1.717, 3.019]
terminal:[0.203, 3.977]
obs num:15
['circle', [0.354], [4.983, 2.526]]
['circle', [0.37], [3.3, 2.094]]
['circle', [0.236], [2.526, 0.313]]
['circle', [0.232], [4.941, 3.923]]
['circle', [0.207], [1.871, 2.593]]
['circle', [0.357], [3.143, 3.382]]
['circle', [0.276], [0.769, 3.275]]
['circle', [0.326], [1.934, 4.557]]
['circle', [0.276], [3.564, 0.992]]
['circle', [0.213], [0.841, 0.74]]
['circle', [0.212], [4.95, 4.874]]
['circle', [0.285], [3.404, 4.562]]
['circle', [0.244], [0.805, 4.808]]
['circle', [0.3], [0.16, 2.237]]
['circle', [0.216], [4.471, 0.591]]
num222
start:[3.687, 0.227]
terminal:[4.268, 0.391]
obs num:15
['circle', [0.31], [1.639, 1.322]]
['circle', [0.331], [1.902, 3.44]]
['circle', [0.308], [0.602, 1.842]]
['circle', [0.217], [2.186, 2.32]]
['circle', [0.327], [3.621, 3.582]]
['circle', [0.243], [4.793, 0.201]]
['circle', [0.23], [2.927, 2.771]]
['circle', [0.232], [3.506, 1.031]]
['circle', [0.358], [3.288, 4.891]]
['circle', [0.294], [2.114, 0.089]]
['circle', [0.252], [2.669, 1.442]]
['circle', [0.378], [4.549, 1.819]]
['circle', [0.213], [0.555, 0.069]]
['circle', [0.214], [0.774, 0.904]]
['circle', [0.253], [0.639, 4.776]]
num223
start:[4.536, 0.289]
terminal:[2.869, 1.285]
obs num:15
['circle', [0.216], [2.37, 4.339]]
['circle', [0.23], [3.899, 4.682]]
['circle', [0.243], [2.167, 2.845]]
['circle', [0.26], [0.654, 2.288]]
['circle', [0.243], [1.944, 1.485]]
['circle', [0.26], [3.636, 0.208]]
['circle', [0.389], [4.497, 2.688]]
['circle', [0.366], [0.467, 3.298]]
['circle', [0.395], [0.022, 0.737]]
['circle', [0.203], [0.956, 4.397]]
['circle', [0.232], [2.637, 0.541]]
['circle', [0.352], [1.699, 0.113]]
['circle', [0.365], [3.46, 1.495]]
['circle', [0.31], [4.918, 1.265]]
['circle', [0.201], [2.857, 3.42]]
num224
start:[3.406, 3.834]
terminal:[0.812, 2.104]
obs num:15
['circle', [0.312], [4.859, 4.223]]
['circle', [0.322], [3.27, 4.958]]
['circle', [0.373], [4.574, 2.266]]
['circle', [0.326], [1.47, 2.099]]
['circle', [0.313], [2.898, 2.377]]
['circle', [0.219], [2.535, 1.481]]
['circle', [0.371], [4.299, 0.7]]
['circle', [0.369], [1.981, 3.307]]
['circle', [0.319], [1.185, 0.777]]
['circle', [0.366], [2.765, 0.355]]
['circle', [0.297], [0.259, 3.848]]
['circle', [0.229], [0.227, 0.383]]
['circle', [0.304], [1.439, 4.572]]
['circle', [0.249], [3.623, 3.321]]
['circle', [0.314], [0.131, 2.525]]
num225
start:[0.531, 1.241]
terminal:[2.45, 1.374]
obs num:15
['circle', [0.253], [0.029, 4.932]]
['circle', [0.289], [2.889, 3.465]]
['circle', [0.342], [2.433, 2.201]]
['circle', [0.29], [3.476, 0.296]]
['circle', [0.231], [4.88, 0.218]]
['circle', [0.354], [3.959, 2.547]]
['circle', [0.302], [0.008, 1.018]]
['circle', [0.369], [1.485, 0.779]]
['circle', [0.316], [4.938, 1.382]]
['circle', [0.215], [1.829, 3.639]]
['circle', [0.213], [0.873, 1.642]]
['circle', [0.348], [3.498, 4.79]]
['circle', [0.393], [4.674, 4.305]]
['circle', [0.222], [2.971, 1.37]]
['circle', [0.392], [0.515, 0.004]]
num226
start:[0.294, 1.577]
terminal:[2.636, 2.038]
obs num:15
['circle', [0.268], [2.344, 4.752]]
['circle', [0.372], [0.274, 3.303]]
['circle', [0.351], [4.508, 0.766]]
['circle', [0.229], [1.206, 0.425]]
['circle', [0.373], [0.764, 4.9]]
['circle', [0.255], [0.941, 2.506]]
['circle', [0.372], [3.641, 1.977]]
['circle', [0.206], [3.679, 4.221]]
['circle', [0.281], [2.041, 2.71]]
['circle', [0.22], [3.182, 3.029]]
['circle', [0.279], [1.008, 1.551]]
['circle', [0.291], [4.664, 3.389]]
['circle', [0.268], [0.056, 0.492]]
['circle', [0.334], [3.293, 0.27]]
['circle', [0.271], [1.838, 3.933]]
num227
start:[0.316, 2.976]
terminal:[2.831, 4.414]
obs num:15
['circle', [0.251], [4.69, 2.366]]
['circle', [0.222], [3.723, 0.552]]
['circle', [0.368], [4.662, 4.319]]
['circle', [0.218], [0.529, 1.962]]
['circle', [0.388], [1.717, 1.176]]
['circle', [0.367], [1.681, 4.642]]
['circle', [0.383], [2.279, 3.427]]
['circle', [0.286], [3.483, 1.595]]
['circle', [0.295], [3.612, 3.695]]
['circle', [0.207], [4.508, 3.242]]
['circle', [0.201], [2.591, 2.138]]
['circle', [0.355], [4.877, 1.176]]
['circle', [0.255], [1.467, 0.053]]
['circle', [0.385], [2.716, 0.362]]
['circle', [0.329], [0.973, 2.829]]
num228
start:[1.639, 4.761]
terminal:[3.843, 3.432]
obs num:15
['circle', [0.209], [0.448, 4.211]]
['circle', [0.233], [2.304, 2.67]]
['circle', [0.201], [3.84, 4.163]]
['circle', [0.218], [4.584, 0.44]]
['circle', [0.226], [2.154, 1.645]]
['circle', [0.21], [3.048, 4.789]]
['circle', [0.303], [2.676, 0.673]]
['circle', [0.357], [0.248, 1.893]]
['circle', [0.375], [0.408, 0.396]]
['circle', [0.355], [4.741, 3.015]]
['circle', [0.352], [1.089, 2.867]]
['circle', [0.257], [1.521, 0.415]]
['circle', [0.252], [3.812, 2.002]]
['circle', [0.209], [1.885, 4.276]]
['circle', [0.356], [4.949, 1.492]]
num229
start:[0.944, 2.035]
terminal:[2.512, 4.842]
obs num:15
['circle', [0.212], [3.132, 3.276]]
['circle', [0.387], [2.519, 0.202]]
['circle', [0.269], [2.346, 1.524]]
['circle', [0.227], [0.413, 1.149]]
['circle', [0.341], [0.604, 4.371]]
['circle', [0.374], [4.187, 2.118]]
['circle', [0.322], [4.965, 4.461]]
['circle', [0.227], [0.764, 2.798]]
['circle', [0.287], [3.989, 3.969]]
['circle', [0.313], [1.286, 0.301]]
['circle', [0.255], [4.471, 0.115]]
['circle', [0.368], [1.93, 2.595]]
['circle', [0.251], [1.83, 3.91]]
['circle', [0.27], [3.706, 0.923]]
['circle', [0.209], [2.713, 4.352]]
num230
start:[2.889, 1.126]
terminal:[4.714, 0.835]
obs num:15
['circle', [0.335], [1.239, 1.656]]
['circle', [0.369], [4.353, 2.111]]
['circle', [0.219], [2.908, 3.471]]
['circle', [0.315], [3.545, 4.449]]
['circle', [0.365], [1.559, 3.789]]
['circle', [0.234], [3.657, 0.527]]
['circle', [0.223], [1.541, 0.662]]
['circle', [0.249], [2.634, 1.515]]
['circle', [0.2], [0.292, 4.531]]
['circle', [0.32], [0.608, 2.658]]
['circle', [0.327], [4.876, 4.06]]
['circle', [0.252], [3.001, 2.464]]
['circle', [0.223], [2.136, 2.704]]
['circle', [0.292], [1.757, 4.911]]
['circle', [0.265], [4.108, 3.209]]
num231
start:[3.505, 2.7]
terminal:[0.613, 3.83]
obs num:15
['circle', [0.35], [0.501, 0.176]]
['circle', [0.233], [2.241, 4.909]]
['circle', [0.288], [3.163, 0.693]]
['circle', [0.239], [2.108, 1.49]]
['circle', [0.303], [4.644, 1.008]]
['circle', [0.375], [2.385, 3.906]]
['circle', [0.222], [0.787, 2.217]]
['circle', [0.235], [4.569, 2.318]]
['circle', [0.37], [3.293, 4.674]]
['circle', [0.335], [0.235, 1.253]]
['circle', [0.258], [4.716, 3.875]]
['circle', [0.227], [0.396, 4.323]]
['circle', [0.262], [3.642, 1.895]]
['circle', [0.231], [3.216, 3.188]]
['circle', [0.33], [2.042, 0.327]]
num232
start:[0.389, 0.926]
terminal:[0.171, 3.906]
obs num:15
['circle', [0.248], [0.542, 3.377]]
['circle', [0.296], [1.985, 4.365]]
['circle', [0.267], [2.029, 0.323]]
['circle', [0.395], [0.608, 2.23]]
['circle', [0.35], [3.847, 2.831]]
['circle', [0.241], [3.382, 0.28]]
['circle', [0.393], [0.693, 4.815]]
['circle', [0.384], [3.12, 1.357]]
['circle', [0.265], [4.935, 0.753]]
['circle', [0.282], [3.752, 4.657]]
['circle', [0.261], [4.411, 1.811]]
['circle', [0.227], [4.423, 3.801]]
['circle', [0.334], [1.664, 2.638]]
['circle', [0.396], [0.571, 0.339]]
['circle', [0.237], [2.448, 3.477]]
num233
start:[1.967, 2.482]
terminal:[4.078, 4.605]
obs num:15
['circle', [0.226], [1.402, 0.975]]
['circle', [0.285], [4.465, 4.012]]
['circle', [0.258], [2.251, 3.39]]
['circle', [0.236], [2.327, 0.601]]
['circle', [0.326], [4.549, 1.323]]
['circle', [0.229], [3.617, 0.332]]
['circle', [0.246], [1.005, 0.055]]
['circle', [0.345], [0.513, 3.756]]
['circle', [0.396], [0.61, 4.96]]
['circle', [0.322], [3.744, 3.197]]
['circle', [0.241], [3.557, 4.761]]
['circle', [0.374], [2.293, 4.454]]
['circle', [0.265], [3.138, 1.618]]
['circle', [0.314], [0.08, 2.444]]
['circle', [0.279], [4.99, 3.1]]
num234
start:[2.665, 4.307]
terminal:[4.737, 1.387]
obs num:15
['circle', [0.218], [1.541, 2.48]]
['circle', [0.398], [1.993, 4.064]]
['circle', [0.249], [3.461, 2.377]]
['circle', [0.356], [1.742, 1.218]]
['circle', [0.388], [0.579, 0.942]]
['circle', [0.236], [4.056, 3.383]]
['circle', [0.24], [2.585, 3.125]]
['circle', [0.394], [4.968, 2.704]]
['circle', [0.236], [2.744, 4.896]]
['circle', [0.384], [3.254, 0.562]]
['circle', [0.229], [4.654, 4.873]]
['circle', [0.381], [0.358, 3.297]]
['circle', [0.212], [0.52, 4.695]]
['circle', [0.268], [4.687, 0.032]]
['circle', [0.256], [0.45, 1.999]]
num235
start:[2.953, 0.433]
terminal:[4.166, 4.697]
obs num:15
['circle', [0.383], [4.385, 1.432]]
['circle', [0.362], [3.828, 2.738]]
['circle', [0.267], [1.148, 4.235]]
['circle', [0.29], [2.804, 1.899]]
['circle', [0.373], [0.89, 0.688]]
['circle', [0.207], [2.03, 0.325]]
['circle', [0.305], [0.266, 3.163]]
['circle', [0.392], [2.433, 4.495]]
['circle', [0.325], [1.057, 2.317]]
['circle', [0.338], [3.634, 4.025]]
['circle', [0.211], [2.365, 3.358]]
['circle', [0.211], [3.515, 0.337]]
['circle', [0.264], [4.662, 4.801]]
['circle', [0.215], [0.092, 1.761]]
['circle', [0.258], [1.721, 1.459]]
num236
start:[4.826, 0.284]
terminal:[0.937, 0.851]
obs num:15
['circle', [0.392], [0.008, 4.802]]
['circle', [0.264], [1.287, 2.719]]
['circle', [0.363], [2.283, 0.835]]
['circle', [0.235], [3.364, 1.832]]
['circle', [0.257], [0.526, 3.48]]
['circle', [0.325], [4.111, 3.375]]
['circle', [0.222], [0.161, 0.69]]
['circle', [0.209], [3.16, 4.255]]
['circle', [0.331], [4.534, 0.905]]
['circle', [0.374], [1.431, 4.76]]
['circle', [0.351], [0.662, 1.738]]
['circle', [0.289], [2.748, 2.614]]
['circle', [0.221], [2.087, 1.915]]
['circle', [0.385], [3.585, 0.265]]
['circle', [0.303], [2.279, 3.556]]
num237
start:[2.792, 3.6]
terminal:[0.896, 2.076]
obs num:15
['circle', [0.301], [4.305, 4.409]]
['circle', [0.204], [4.16, 1.287]]
['circle', [0.241], [1.109, 1.274]]
['circle', [0.3], [2.329, 1.484]]
['circle', [0.369], [2.844, 0.542]]
['circle', [0.241], [0.732, 4.928]]
['circle', [0.341], [4.907, 0.05]]
['circle', [0.2], [0.311, 2.046]]
['circle', [0.365], [2.111, 3.228]]
['circle', [0.32], [0.056, 0.219]]
['circle', [0.389], [3.45, 2.358]]
['circle', [0.305], [0.368, 3.482]]
['circle', [0.316], [1.305, 0.082]]
['circle', [0.223], [4.604, 3.184]]
['circle', [0.356], [2.152, 4.652]]
num238
start:[3.211, 4.784]
terminal:[3.716, 3.602]
obs num:15
['circle', [0.212], [0.992, 2.715]]
['circle', [0.309], [4.866, 0.14]]
['circle', [0.338], [3.775, 1.529]]
['circle', [0.312], [3.21, 3.702]]
['circle', [0.295], [0.429, 3.925]]
['circle', [0.254], [1.483, 0.006]]
['circle', [0.252], [0.324, 1.819]]
['circle', [0.239], [2.757, 4.935]]
['circle', [0.279], [1.928, 2.719]]
['circle', [0.286], [4.314, 2.967]]
['circle', [0.371], [4.487, 4.096]]
['circle', [0.244], [2.975, 0.549]]
['circle', [0.222], [0.227, 0.226]]
['circle', [0.258], [2.994, 2.626]]
['circle', [0.265], [4.724, 1.185]]
num239
start:[4.838, 2.334]
terminal:[2.898, 2.757]
obs num:15
['circle', [0.359], [1.662, 1.701]]
['circle', [0.384], [4.781, 1.226]]
['circle', [0.223], [3.274, 3.051]]
['circle', [0.231], [3.222, 1.018]]
['circle', [0.235], [3.564, 4.117]]
['circle', [0.214], [1.051, 4.228]]
['circle', [0.318], [0.26, 0.379]]
['circle', [0.232], [2.537, 4.293]]
['circle', [0.375], [4.739, 3.579]]
['circle', [0.37], [4.23, 2.54]]
['circle', [0.395], [2.576, 0.018]]
['circle', [0.291], [0.248, 3.027]]
['circle', [0.398], [1.625, 2.9]]
['circle', [0.279], [0.178, 4.463]]
['circle', [0.265], [1.442, 0.05]]
num240
start:[3.303, 3.761]
terminal:[0.301, 4.187]
obs num:15
['circle', [0.279], [2.878, 2.028]]
['circle', [0.287], [4.353, 0.142]]
['circle', [0.284], [1.506, 0.723]]
['circle', [0.355], [1.871, 4.734]]
['circle', [0.238], [3.808, 2.968]]
['circle', [0.331], [4.544, 1.795]]
['circle', [0.388], [0.728, 3.3]]
['circle', [0.321], [2.29, 2.857]]
['circle', [0.3], [4.41, 4.317]]
['circle', [0.246], [3.234, 0.832]]
['circle', [0.286], [1.095, 2.126]]
['circle', [0.207], [3.275, 4.31]]
['circle', [0.211], [0.025, 1.8]]
['circle', [0.245], [0.611, 1.012]]
['circle', [0.236], [0.785, 4.448]]
num241
start:[0.419, 3.919]
terminal:[0.711, 3.227]
obs num:15
['circle', [0.228], [2.391, 3.849]]
['circle', [0.221], [1.368, 2.848]]
['circle', [0.297], [3.83, 1.706]]
['circle', [0.368], [4.186, 3.978]]
['circle', [0.377], [0.688, 1.654]]
['circle', [0.247], [1.943, 1.082]]
['circle', [0.224], [0.098, 0.46]]
['circle', [0.272], [3.11, 2.849]]
['circle', [0.314], [0.801, 4.285]]
['circle', [0.226], [4.14, 0.797]]
['circle', [0.259], [2.465, 2.043]]
['circle', [0.261], [3.334, 0.306]]
['circle', [0.243], [4.717, 2.966]]
['circle', [0.319], [1.908, 4.914]]
['circle', [0.247], [1.023, 0.516]]
num242
start:[1.247, 3.402]
terminal:[3.491, 4.722]
obs num:15
['circle', [0.24], [0.038, 3.698]]
['circle', [0.305], [2.716, 2.828]]
['circle', [0.286], [1.993, 0.138]]
['circle', [0.334], [3.689, 1.935]]
['circle', [0.357], [0.715, 0.675]]
['circle', [0.315], [0.236, 1.807]]
['circle', [0.225], [4.308, 1.009]]
['circle', [0.275], [4.774, 4.578]]
['circle', [0.254], [4.911, 0.025]]
['circle', [0.26], [3.381, 0.385]]
['circle', [0.262], [4.872, 2.799]]
['circle', [0.208], [3.558, 3.972]]
['circle', [0.376], [2.172, 1.508]]
['circle', [0.281], [1.453, 2.904]]
['circle', [0.302], [2.725, 4.957]]
num243
start:[1.024, 1.493]
terminal:[1.874, 4.689]
obs num:15
['circle', [0.276], [1.613, 3.863]]
['circle', [0.214], [4.326, 3.66]]
['circle', [0.321], [1.096, 4.719]]
['circle', [0.235], [1.654, 0.484]]
['circle', [0.301], [3.535, 0.314]]
['circle', [0.277], [0.454, 3.716]]
['circle', [0.21], [4.881, 0.091]]
['circle', [0.358], [2.831, 4.285]]
['circle', [0.208], [4.375, 0.979]]
['circle', [0.251], [0.772, 2.18]]
['circle', [0.314], [2.955, 1.265]]
['circle', [0.228], [1.603, 1.844]]
['circle', [0.328], [3.188, 2.718]]
['circle', [0.232], [4.969, 4.604]]
['circle', [0.202], [4.425, 1.895]]
num244
start:[3.836, 4.094]
terminal:[4.704, 2.637]
obs num:15
['circle', [0.22], [0.783, 0.648]]
['circle', [0.28], [0.996, 4.121]]
['circle', [0.351], [3.637, 0.453]]
['circle', [0.295], [1.243, 2.591]]
['circle', [0.3], [2.654, 2.246]]
['circle', [0.308], [2.924, 3.673]]
['circle', [0.317], [0.18, 4.796]]
['circle', [0.308], [4.322, 4.912]]
['circle', [0.319], [0.033, 3.465]]
['circle', [0.375], [3.639, 2.683]]
['circle', [0.266], [2.463, 0.265]]
['circle', [0.211], [4.556, 3.197]]
['circle', [0.357], [1.383, 1.429]]
['circle', [0.292], [4.527, 1.715]]
['circle', [0.203], [3.294, 4.762]]
num245
start:[4.232, 1.694]
terminal:[3.482, 4.429]
obs num:15
['circle', [0.328], [0.156, 2.342]]
['circle', [0.256], [2.409, 1.774]]
['circle', [0.226], [1.283, 0.468]]
['circle', [0.293], [2.198, 2.907]]
['circle', [0.323], [3.347, 1.083]]
['circle', [0.396], [4.655, 0.476]]
['circle', [0.271], [4.136, 4.558]]
['circle', [0.256], [2.931, 4.555]]
['circle', [0.251], [3.514, 3.181]]
['circle', [0.24], [4.889, 1.926]]
['circle', [0.354], [1.162, 3.145]]
['circle', [0.334], [1.217, 1.644]]
['circle', [0.233], [4.673, 3.064]]
['circle', [0.233], [0.55, 4.434]]
['circle', [0.203], [3.083, 2.337]]
num246
start:[2.094, 1.273]
terminal:[3.567, 4.424]
obs num:15
['circle', [0.286], [3.955, 2.132]]
['circle', [0.399], [4.568, 3.101]]
['circle', [0.329], [0.91, 0.94]]
['circle', [0.38], [2.6, 2.401]]
['circle', [0.206], [1.9, 0.017]]
['circle', [0.201], [2.207, 3.326]]
['circle', [0.24], [0.971, 1.945]]
['circle', [0.392], [4.886, 4.558]]
['circle', [0.278], [0.06, 4.885]]
['circle', [0.278], [2.67, 0.989]]
['circle', [0.258], [1.023, 4.503]]
['circle', [0.21], [3.003, 4.286]]
['circle', [0.231], [3.218, 3.354]]
['circle', [0.269], [4.759, 1.317]]
['circle', [0.331], [3.53, 0.16]]
num247
start:[2.115, 3.842]
terminal:[0.761, 0.65]
obs num:15
['circle', [0.347], [1.137, 3.301]]
['circle', [0.28], [2.577, 3.309]]
['circle', [0.398], [1.847, 0.509]]
['circle', [0.298], [1.793, 4.553]]
['circle', [0.329], [4.828, 4.926]]
['circle', [0.365], [0.186, 1.183]]
['circle', [0.292], [3.58, 2.785]]
['circle', [0.293], [4.901, 2.589]]
['circle', [0.216], [0.572, 4.249]]
['circle', [0.341], [4.021, 4.015]]
['circle', [0.257], [4.386, 0.833]]
['circle', [0.288], [2.136, 1.927]]
['circle', [0.286], [4.967, 0.08]]
['circle', [0.229], [2.966, 0.565]]
['circle', [0.267], [2.89, 4.534]]
num248
start:[4.738, 3.576]
terminal:[4.095, 2.724]
obs num:15
['circle', [0.202], [4.982, 1.56]]
['circle', [0.209], [1.68, 4.525]]
['circle', [0.215], [2.243, 0.414]]
['circle', [0.309], [4.043, 4.154]]
['circle', [0.2], [2.99, 2.702]]
['circle', [0.288], [2.911, 3.688]]
['circle', [0.211], [0.591, 0.563]]
['circle', [0.241], [0.833, 3.089]]
['circle', [0.236], [0.583, 1.487]]
['circle', [0.218], [3.707, 1.241]]
['circle', [0.377], [4.9, 2.586]]
['circle', [0.376], [4.128, 0.049]]
['circle', [0.333], [0.304, 4.709]]
['circle', [0.202], [2.745, 1.657]]
['circle', [0.241], [4.782, 4.961]]
num249
start:[4.703, 0.814]
terminal:[4.003, 2.145]
obs num:15
['circle', [0.244], [1.64, 1.177]]
['circle', [0.233], [4.789, 4.994]]
['circle', [0.287], [0.758, 2.828]]
['circle', [0.275], [4.882, 3.618]]
['circle', [0.329], [3.251, 2.57]]
['circle', [0.355], [1.177, 4.152]]
['circle', [0.328], [0.153, 1.452]]
['circle', [0.206], [3.054, 4.855]]
['circle', [0.249], [4.466, 1.776]]
['circle', [0.324], [4.067, 0.617]]
['circle', [0.25], [3.766, 4.262]]
['circle', [0.341], [2.871, 1.397]]
['circle', [0.297], [2.989, 3.687]]
['circle', [0.214], [0.682, 0.449]]
['circle', [0.374], [1.622, 0.071]]
num250
start:[0.661, 2.988]
terminal:[2.389, 4.617]
obs num:15
['circle', [0.347], [1.777, 3.191]]
['circle', [0.319], [1.363, 0.278]]
['circle', [0.201], [4.708, 3.594]]
['circle', [0.243], [0.629, 3.638]]
['circle', [0.312], [0.458, 1.922]]
['circle', [0.293], [4.851, 1.044]]
['circle', [0.293], [3.629, 1.438]]
['circle', [0.224], [4.801, 4.713]]
['circle', [0.32], [3.092, 3.696]]
['circle', [0.242], [3.399, 2.515]]
['circle', [0.244], [2.957, 0.509]]
['circle', [0.359], [2.547, 1.982]]
['circle', [0.219], [2.123, 0.89]]
['circle', [0.249], [4.358, 2.117]]
['circle', [0.239], [3.825, 0.304]]
num251
start:[3.725, 1.921]
terminal:[0.951, 3.385]
obs num:15
['circle', [0.201], [3.959, 4.485]]
['circle', [0.374], [0.533, 1.989]]
['circle', [0.346], [4.769, 2.396]]
['circle', [0.327], [2.532, 4.335]]
['circle', [0.212], [2.228, 1.682]]
['circle', [0.301], [0.366, 0.711]]
['circle', [0.381], [0.313, 3.729]]
['circle', [0.385], [4.423, 0.547]]
['circle', [0.328], [2.753, 0.093]]
['circle', [0.315], [1.709, 2.55]]
['circle', [0.374], [4.96, 4.222]]
['circle', [0.355], [1.66, 0.876]]
['circle', [0.279], [3.052, 3.269]]
['circle', [0.315], [3.362, 1.45]]
['circle', [0.288], [1.442, 4.524]]
num252
start:[4.458, 4.383]
terminal:[1.991, 0.725]
obs num:15
['circle', [0.342], [0.394, 4.941]]
['circle', [0.275], [0.078, 0.779]]
['circle', [0.334], [3.783, 4.392]]
['circle', [0.352], [3.412, 1.877]]
['circle', [0.292], [1.095, 0.976]]
['circle', [0.335], [4.111, 0.136]]
['circle', [0.205], [0.726, 3.569]]
['circle', [0.352], [2.33, 4.403]]
['circle', [0.359], [0.41, 2.16]]
['circle', [0.299], [4.963, 3.49]]
['circle', [0.243], [1.937, 3.141]]
['circle', [0.213], [2.732, 1.021]]
['circle', [0.283], [1.849, 0.098]]
['circle', [0.345], [4.978, 0.831]]
['circle', [0.294], [3.938, 3.292]]
num253
start:[4.638, 3.967]
terminal:[2.383, 0.943]
obs num:15
['circle', [0.262], [4.704, 2.291]]
['circle', [0.331], [1.666, 0.939]]
['circle', [0.373], [3.384, 0.74]]
['circle', [0.355], [3.004, 2.865]]
['circle', [0.271], [3.158, 4.645]]
['circle', [0.301], [0.567, 4.836]]
['circle', [0.253], [2.613, 1.579]]
['circle', [0.38], [1.983, 4.933]]
['circle', [0.303], [4.275, 4.815]]
['circle', [0.353], [0.137, 3.239]]
['circle', [0.365], [1.648, 3.803]]
['circle', [0.268], [1.629, 2.721]]
['circle', [0.289], [4.997, 3.253]]
['circle', [0.231], [0.246, 1.042]]
['circle', [0.225], [0.123, 2.096]]
num254
start:[0.206, 4.381]
terminal:[3.924, 0.778]
obs num:15
['circle', [0.267], [4.378, 1.279]]
['circle', [0.234], [4.839, 2.739]]
['circle', [0.317], [0.961, 4.041]]
['circle', [0.343], [0.044, 2.624]]
['circle', [0.291], [4.237, 4.285]]
['circle', [0.355], [3.054, 0.413]]
['circle', [0.386], [3.161, 3.955]]
['circle', [0.353], [2.038, 4.887]]
['circle', [0.216], [1.747, 2.951]]
['circle', [0.316], [2.824, 2.103]]
['circle', [0.336], [0.141, 0.987]]
['circle', [0.271], [3.878, 2.455]]
['circle', [0.38], [2.066, 1.147]]
['circle', [0.209], [1.253, 0.244]]
['circle', [0.263], [1.348, 2.054]]
num255
start:[3.589, 4.418]
terminal:[4.807, 1.178]
obs num:15
['circle', [0.285], [0.107, 4.769]]
['circle', [0.328], [2.2, 0.311]]
['circle', [0.267], [3.768, 2.386]]
['circle', [0.231], [1.878, 2.292]]
['circle', [0.264], [2.697, 1.595]]
['circle', [0.284], [4.887, 2.724]]
['circle', [0.396], [2.57, 3.7]]
['circle', [0.298], [4.238, 0.086]]
['circle', [0.37], [0.71, 2.931]]
['circle', [0.331], [2.342, 4.862]]
['circle', [0.355], [0.895, 0.071]]
['circle', [0.365], [4.774, 4.062]]
['circle', [0.376], [0.116, 1.269]]
['circle', [0.263], [3.288, 0.543]]
['circle', [0.272], [1.305, 4.105]]
num256
start:[0.422, 0.228]
terminal:[1.93, 1.03]
obs num:15
['circle', [0.241], [4.474, 1.301]]
['circle', [0.261], [3.093, 1.768]]
['circle', [0.229], [2.152, 4.672]]
['circle', [0.274], [4.427, 3.569]]
['circle', [0.251], [1.943, 1.533]]
['circle', [0.222], [0.808, 1.882]]
['circle', [0.293], [3.606, 4.328]]
['circle', [0.333], [1.002, 2.927]]
['circle', [0.231], [3.385, 3.213]]
['circle', [0.318], [4.896, 2.571]]
['circle', [0.39], [0.484, 4.726]]
['circle', [0.229], [3.229, 0.631]]
['circle', [0.214], [1.656, 3.735]]
['circle', [0.235], [2.021, 2.445]]
['circle', [0.28], [1.749, 0.189]]
num257
start:[4.083, 0.25]
terminal:[2.371, 3.442]
obs num:15
['circle', [0.245], [4.869, 4.429]]
['circle', [0.288], [1.228, 3.861]]
['circle', [0.365], [3.552, 4.847]]
['circle', [0.25], [2.437, 1.994]]
['circle', [0.284], [0.421, 1.719]]
['circle', [0.354], [3.536, 3.17]]
['circle', [0.218], [4.995, 0.309]]
['circle', [0.323], [0.003, 4.7]]
['circle', [0.306], [3.491, 1.355]]
['circle', [0.283], [4.78, 3.115]]
['circle', [0.277], [2.137, 2.999]]
['circle', [0.212], [0.105, 0.51]]
['circle', [0.24], [2.333, 4.896]]
['circle', [0.385], [2.248, 0.926]]
['circle', [0.218], [0.661, 2.7]]
num258
start:[4.559, 2.061]
terminal:[1.744, 4.136]
obs num:15
['circle', [0.239], [1.186, 0.596]]
['circle', [0.341], [4.528, 3.254]]
['circle', [0.394], [3.646, 4.851]]
['circle', [0.294], [2.922, 3.607]]
['circle', [0.22], [2.454, 4.688]]
['circle', [0.331], [0.264, 1.377]]
['circle', [0.253], [1.998, 2.19]]
['circle', [0.354], [2.374, 0.173]]
['circle', [0.231], [4.262, 1.418]]
['circle', [0.261], [0.696, 2.689]]
['circle', [0.395], [0.297, 4.832]]
['circle', [0.315], [3.285, 2.481]]
['circle', [0.244], [1.268, 3.574]]
['circle', [0.372], [4.878, 0.061]]
['circle', [0.22], [3.316, 0.495]]
num259
start:[0.898, 2.98]
terminal:[2.07, 3.684]
obs num:15
['circle', [0.225], [4.959, 4.996]]
['circle', [0.388], [3.031, 4.302]]
['circle', [0.297], [1.77, 0.337]]
['circle', [0.305], [0.005, 1.649]]
['circle', [0.329], [2.858, 1.864]]
['circle', [0.274], [3.272, 2.988]]
['circle', [0.244], [0.091, 0.477]]
['circle', [0.24], [0.003, 3.828]]
['circle', [0.374], [4.99, 3.789]]
['circle', [0.227], [2.875, 0.332]]
['circle', [0.344], [3.871, 0.594]]
['circle', [0.328], [1.751, 2.624]]
['circle', [0.216], [4.846, 1.879]]
['circle', [0.373], [1.226, 4.124]]
['circle', [0.201], [4.876, 2.803]]
num260
start:[1.115, 0.612]
terminal:[4.624, 4.544]
obs num:15
['circle', [0.211], [0.532, 2.716]]
['circle', [0.314], [1.254, 3.987]]
['circle', [0.218], [2.059, 2.716]]
['circle', [0.339], [3.617, 4.08]]
['circle', [0.39], [4.925, 0.199]]
['circle', [0.364], [4.232, 1.613]]
['circle', [0.294], [2.552, 0.275]]
['circle', [0.307], [0.534, 1.57]]
['circle', [0.201], [3.625, 0.615]]
['circle', [0.396], [4.101, 2.949]]
['circle', [0.283], [2.062, 4.74]]
['circle', [0.335], [2.474, 1.328]]
['circle', [0.334], [0.103, 4.908]]
['circle', [0.205], [0.333, 0.289]]
['circle', [0.215], [1.074, 4.979]]
num261
start:[0.338, 1.245]
terminal:[0.209, 3.721]
obs num:15
['circle', [0.392], [4.664, 4.846]]
['circle', [0.396], [0.74, 3.085]]
['circle', [0.234], [0.229, 2.084]]
['circle', [0.2], [3.125, 1.713]]
['circle', [0.363], [1.981, 3.066]]
['circle', [0.355], [4.112, 3.012]]
['circle', [0.343], [1.56, 0.225]]
['circle', [0.316], [2.543, 4.172]]
['circle', [0.251], [2.329, 0.911]]
['circle', [0.244], [0.35, 0.418]]
['circle', [0.274], [4.871, 0.207]]
['circle', [0.234], [3.675, 4.324]]
['circle', [0.396], [1.205, 1.655]]
['circle', [0.363], [4.165, 1.294]]
['circle', [0.282], [0.795, 4.283]]
num262
start:[4.763, 4.13]
terminal:[2.374, 4.248]
obs num:15
['circle', [0.229], [4.746, 2.188]]
['circle', [0.222], [4.4, 3.457]]
['circle', [0.361], [2.431, 1.232]]
['circle', [0.334], [2.369, 3.349]]
['circle', [0.204], [4.464, 0.453]]
['circle', [0.269], [1.319, 2.308]]
['circle', [0.259], [0.208, 1.032]]
['circle', [0.27], [1.343, 4.372]]
['circle', [0.293], [0.333, 2.735]]
['circle', [0.336], [3.479, 2.636]]
['circle', [0.296], [3.795, 4.2]]
['circle', [0.343], [0.232, 3.86]]
['circle', [0.247], [3.743, 1.545]]
['circle', [0.209], [1.284, 1.323]]
['circle', [0.346], [4.822, 4.976]]
num263
start:[0.287, 2.769]
terminal:[2.656, 0.951]
obs num:15
['circle', [0.397], [1.269, 0.229]]
['circle', [0.272], [2.286, 4.169]]
['circle', [0.311], [0.061, 1.399]]
['circle', [0.37], [4.118, 0.519]]
['circle', [0.346], [3.442, 2.865]]
['circle', [0.245], [1.979, 2.919]]
['circle', [0.291], [4.755, 2.015]]
['circle', [0.305], [3.334, 3.938]]
['circle', [0.337], [4.581, 3.961]]
['circle', [0.311], [1.51, 1.409]]
['circle', [0.229], [2.801, 0.011]]
['circle', [0.246], [0.472, 4.927]]
['circle', [0.371], [2.942, 1.524]]
['circle', [0.385], [0.074, 3.763]]
['circle', [0.334], [1.217, 4.054]]
num264
start:[1.304, 2.855]
terminal:[0.957, 2.881]
obs num:15
['circle', [0.277], [3.321, 4.989]]
['circle', [0.246], [2.98, 2.7]]
['circle', [0.351], [2.571, 4.076]]
['circle', [0.261], [1.359, 3.854]]
['circle', [0.235], [4.085, 0.922]]
['circle', [0.259], [0.94, 1.444]]
['circle', [0.357], [4.835, 2.17]]
['circle', [0.352], [2.995, 0.031]]
['circle', [0.24], [2.041, 1.744]]
['circle', [0.238], [4.95, 3.562]]
['circle', [0.206], [3.439, 1.758]]
['circle', [0.287], [0.306, 2.853]]
['circle', [0.291], [0.952, 0.423]]
['circle', [0.396], [0.004, 4.996]]
['circle', [0.263], [3.957, 3.658]]
num265
start:[1.606, 3.143]
terminal:[4.129, 1.962]
obs num:15
['circle', [0.257], [2.085, 2.952]]
['circle', [0.238], [1.29, 0.007]]
['circle', [0.202], [1.205, 1.261]]
['circle', [0.356], [1.256, 3.731]]
['circle', [0.215], [2.854, 0.668]]
['circle', [0.373], [3.923, 0.102]]
['circle', [0.306], [2.747, 2.029]]
['circle', [0.345], [3.676, 4.263]]
['circle', [0.386], [0.036, 2.325]]
['circle', [0.346], [0.392, 4.56]]
['circle', [0.28], [3.614, 2.905]]
['circle', [0.228], [2.133, 1.301]]
['circle', [0.297], [4.948, 3.346]]
['circle', [0.372], [0.351, 0.679]]
['circle', [0.284], [1.121, 2.181]]
num266
start:[2.541, 2.046]
terminal:[0.679, 0.347]
obs num:15
['circle', [0.367], [4.839, 2.274]]
['circle', [0.221], [4.899, 4.152]]
['circle', [0.214], [0.777, 4.418]]
['circle', [0.235], [0.009, 4.952]]
['circle', [0.345], [2.728, 2.971]]
['circle', [0.318], [1.204, 0.09]]
['circle', [0.362], [4.448, 0.874]]
['circle', [0.298], [1.13, 2.503]]
['circle', [0.355], [0.089, 2.943]]
['circle', [0.204], [3.489, 4.695]]
['circle', [0.283], [3.161, 1.304]]
['circle', [0.287], [2.177, 4.307]]
['circle', [0.324], [0.061, 0.288]]
['circle', [0.297], [1.899, 1.414]]
['circle', [0.228], [2.46, 0.214]]
num267
start:[1.12, 0.972]
terminal:[1.58, 2.424]
obs num:15
['circle', [0.359], [3.889, 3.245]]
['circle', [0.326], [4.035, 1.353]]
['circle', [0.338], [2.709, 2.255]]
['circle', [0.253], [0.445, 3.82]]
['circle', [0.264], [1.361, 0.469]]
['circle', [0.283], [1.645, 4.375]]
['circle', [0.294], [4.154, 4.5]]
['circle', [0.365], [2.394, 0.928]]
['circle', [0.323], [0.068, 4.786]]
['circle', [0.354], [1.311, 1.646]]
['circle', [0.351], [1.712, 3.232]]
['circle', [0.203], [4.978, 3.648]]
['circle', [0.376], [0.128, 0.69]]
['circle', [0.349], [2.787, 3.858]]
['circle', [0.248], [4.908, 2.384]]
num268
start:[1.364, 2.224]
terminal:[0.457, 1.161]
obs num:15
['circle', [0.3], [3.254, 0.067]]
['circle', [0.379], [4.513, 4.729]]
['circle', [0.21], [1.621, 4.096]]
['circle', [0.355], [0.632, 0.59]]
['circle', [0.336], [0.477, 4.904]]
['circle', [0.373], [4.46, 2.344]]
['circle', [0.333], [2.581, 1.328]]
['circle', [0.32], [4.027, 1.307]]
['circle', [0.302], [2.792, 2.479]]
['circle', [0.293], [3.778, 3.828]]
['circle', [0.28], [4.866, 0.552]]
['circle', [0.313], [0.742, 2.702]]
['circle', [0.269], [2.574, 3.592]]
['circle', [0.251], [3.03, 4.71]]
['circle', [0.305], [4.874, 3.42]]
num269
start:[1.012, 2.167]
terminal:[2.907, 2.097]
obs num:15
['circle', [0.255], [1.796, 2.875]]
['circle', [0.359], [4.065, 3.631]]
['circle', [0.284], [1.755, 1.85]]
['circle', [0.283], [0.48, 2.409]]
['circle', [0.397], [3.589, 0.799]]
['circle', [0.325], [4.455, 0.029]]
['circle', [0.254], [1.328, 0.413]]
['circle', [0.37], [4.67, 1.901]]
['circle', [0.319], [1.486, 4.399]]
['circle', [0.313], [3.064, 2.688]]
['circle', [0.329], [0.092, 3.794]]
['circle', [0.246], [2.787, 4.889]]
['circle', [0.215], [0.57, 4.933]]
['circle', [0.218], [2.535, 0.885]]
['circle', [0.382], [0.113, 0.997]]
num270
start:[3.453, 4.495]
terminal:[3.783, 3.52]
obs num:15
['circle', [0.217], [2.272, 3.883]]
['circle', [0.35], [3.114, 1.57]]
['circle', [0.386], [0.425, 1.75]]
['circle', [0.204], [3.412, 3.117]]
['circle', [0.362], [1.412, 0.675]]
['circle', [0.287], [4.883, 3.288]]
['circle', [0.386], [0.728, 4.313]]
['circle', [0.207], [3.032, 0.188]]
['circle', [0.203], [4.835, 1.741]]
['circle', [0.295], [2.025, 2.574]]
['circle', [0.326], [0.131, 0.045]]
['circle', [0.211], [4.234, 4.775]]
['circle', [0.222], [1.346, 3.199]]
['circle', [0.303], [4.117, 0.458]]
['circle', [0.29], [4.292, 2.46]]
num271
start:[0.471, 0.884]
terminal:[2.339, 1.831]
obs num:15
['circle', [0.225], [2.909, 4.852]]
['circle', [0.356], [2.06, 0.146]]
['circle', [0.267], [3.297, 3.609]]
['circle', [0.247], [0.737, 3.291]]
['circle', [0.275], [1.903, 4.221]]
['circle', [0.21], [4.094, 3.231]]
['circle', [0.23], [0.848, 0.001]]
['circle', [0.261], [1.732, 1.683]]
['circle', [0.222], [0.123, 4.001]]
['circle', [0.37], [2.19, 2.733]]
['circle', [0.285], [3.717, 0.594]]
['circle', [0.356], [4.685, 4.577]]
['circle', [0.267], [0.652, 1.536]]
['circle', [0.381], [4.824, 0.024]]
['circle', [0.379], [4.942, 2.455]]
num272
start:[1.004, 0.641]
terminal:[3.834, 4.36]
obs num:15
['circle', [0.217], [1.114, 2.329]]
['circle', [0.327], [2.74, 2.172]]
['circle', [0.393], [3.287, 0.637]]
['circle', [0.34], [1.201, 4.538]]
['circle', [0.36], [4.216, 1.585]]
['circle', [0.239], [4.4, 2.827]]
['circle', [0.215], [3.562, 3.81]]
['circle', [0.338], [2.138, 1.268]]
['circle', [0.279], [4.615, 4.617]]
['circle', [0.258], [0.207, 2.635]]
['circle', [0.226], [0.607, 1.244]]
['circle', [0.211], [0.629, 0.28]]
['circle', [0.329], [1.778, 0.138]]
['circle', [0.274], [2.115, 3.01]]
['circle', [0.296], [3.26, 4.722]]
num273
start:[1.1, 2.25]
terminal:[3.042, 3.622]
obs num:15
['circle', [0.251], [0.848, 3.32]]
['circle', [0.21], [3.417, 4.342]]
['circle', [0.276], [0.194, 1.981]]
['circle', [0.246], [2.889, 0.467]]
['circle', [0.271], [3.845, 1.615]]
['circle', [0.388], [0.972, 4.5]]
['circle', [0.241], [4.859, 0.406]]
['circle', [0.237], [1.513, 1.658]]
['circle', [0.201], [3.849, 3.241]]
['circle', [0.365], [2.175, 3.016]]
['circle', [0.324], [4.859, 1.798]]
['circle', [0.25], [4.923, 2.815]]
['circle', [0.242], [4.428, 4.67]]
['circle', [0.393], [2.227, 4.499]]
['circle', [0.339], [0.959, 0.479]]
num274
start:[2.935, 0.819]
terminal:[2.574, 4.716]
obs num:15
['circle', [0.203], [3.273, 2.327]]
['circle', [0.213], [4.763, 3.318]]
['circle', [0.381], [2.049, 1.885]]
['circle', [0.298], [0.977, 3.534]]
['circle', [0.39], [1.098, 0.945]]
['circle', [0.2], [4.072, 4.676]]
['circle', [0.262], [3.434, 3.408]]
['circle', [0.391], [2.097, 3.801]]
['circle', [0.384], [4.478, 0.404]]
['circle', [0.263], [0.795, 4.836]]
['circle', [0.228], [0.255, 1.9]]
['circle', [0.247], [4.173, 2.285]]
['circle', [0.227], [2.046, 0.401]]
['circle', [0.262], [3.152, 1.303]]
['circle', [0.362], [3.127, 4.872]]
num275
start:[3.097, 4.681]
terminal:[3.264, 1.136]
obs num:15
['circle', [0.268], [0.025, 2.904]]
['circle', [0.379], [4.481, 4.1]]
['circle', [0.281], [4.127, 2.553]]
['circle', [0.368], [1.683, 4.495]]
['circle', [0.202], [1.822, 0.872]]
['circle', [0.218], [2.422, 3.174]]
['circle', [0.21], [4.528, 0.061]]
['circle', [0.301], [3.044, 1.857]]
['circle', [0.26], [0.412, 4.311]]
['circle', [0.289], [3.019, 4.102]]
['circle', [0.223], [0.221, 0.477]]
['circle', [0.225], [1.825, 1.877]]
['circle', [0.256], [0.406, 1.522]]
['circle', [0.25], [4.917, 1.03]]
['circle', [0.285], [0.995, 2.665]]
num276
start:[4.459, 2.109]
terminal:[2.164, 0.24]
obs num:15
['circle', [0.302], [3.609, 0.947]]
['circle', [0.222], [1.636, 4.73]]
['circle', [0.31], [1.497, 2.399]]
['circle', [0.286], [2.346, 2.966]]
['circle', [0.324], [2.464, 1.503]]
['circle', [0.208], [2.974, 4.425]]
['circle', [0.318], [3.858, 3.764]]
['circle', [0.354], [0.835, 3.808]]
['circle', [0.36], [4.539, 4.884]]
['circle', [0.397], [3.84, 2.151]]
['circle', [0.305], [1.621, 0.553]]
['circle', [0.215], [4.989, 3.566]]
['circle', [0.362], [4.971, 0.008]]
['circle', [0.364], [0.111, 0.667]]
['circle', [0.246], [0.403, 4.82]]
num277
start:[4.402, 1.682]
terminal:[4.737, 2.845]
obs num:15
['circle', [0.2], [1.299, 1.483]]
['circle', [0.322], [0.375, 0.106]]
['circle', [0.219], [3.072, 0.521]]
['circle', [0.243], [3.705, 2.283]]
['circle', [0.225], [2.186, 3.762]]
['circle', [0.277], [0.844, 3.423]]
['circle', [0.279], [1.76, 2.794]]
['circle', [0.386], [0.661, 4.826]]
['circle', [0.321], [4.584, 4.807]]
['circle', [0.34], [0.208, 2.193]]
['circle', [0.286], [4.208, 3.8]]
['circle', [0.213], [3.263, 4.667]]
['circle', [0.234], [4.158, 1.073]]
['circle', [0.216], [2.717, 1.662]]
['circle', [0.254], [2.085, 0.583]]
num278
start:[1.785, 2.082]
terminal:[4.708, 3.749]
obs num:15
['circle', [0.226], [4.821, 3.095]]
['circle', [0.231], [1.069, 3.174]]
['circle', [0.237], [1.242, 4.521]]
['circle', [0.349], [2.292, 1.187]]
['circle', [0.222], [4.387, 1.272]]
['circle', [0.363], [3.694, 2.592]]
['circle', [0.344], [0.55, 2.264]]
['circle', [0.319], [2.939, 4.713]]
['circle', [0.315], [4.335, 4.18]]
['circle', [0.279], [4.877, 0.307]]
['circle', [0.204], [2.75, 3.103]]
['circle', [0.207], [3.485, 1.144]]
['circle', [0.341], [0.52, 0.881]]
['circle', [0.345], [3.219, 0.131]]
['circle', [0.203], [0.062, 4.079]]
num279
start:[3.637, 0.443]
terminal:[0.624, 2.015]
obs num:15
['circle', [0.249], [1.643, 0.176]]
['circle', [0.293], [4.944, 4.894]]
['circle', [0.341], [4.555, 2.508]]
['circle', [0.305], [1.88, 1.107]]
['circle', [0.319], [3.377, 1.177]]
['circle', [0.275], [2.346, 2.232]]
['circle', [0.385], [2.875, 4.268]]
['circle', [0.353], [0.086, 2.921]]
['circle', [0.25], [3.635, 3.377]]
['circle', [0.232], [1.033, 3.677]]
['circle', [0.247], [4.552, 0.587]]
['circle', [0.292], [0.245, 4.97]]
['circle', [0.255], [1.901, 3.212]]
['circle', [0.29], [1.331, 2.173]]
['circle', [0.36], [0.829, 0.804]]
num280
start:[4.106, 4.35]
terminal:[2.133, 1.754]
obs num:15
['circle', [0.343], [1.844, 4.992]]
['circle', [0.218], [0.759, 1.861]]
['circle', [0.233], [3.051, 0.885]]
['circle', [0.347], [3.109, 3.889]]
['circle', [0.342], [0.718, 3.885]]
['circle', [0.234], [1.9, 3.702]]
['circle', [0.306], [4.87, 3.867]]
['circle', [0.29], [0.1, 0.232]]
['circle', [0.23], [1.381, 0.736]]
['circle', [0.331], [4.031, 0.234]]
['circle', [0.255], [3.743, 2.429]]
['circle', [0.255], [4.937, 2.307]]
['circle', [0.246], [1.073, 2.929]]
['circle', [0.378], [2.617, 2.491]]
['circle', [0.326], [4.266, 1.452]]
num281
start:[1.259, 2.71]
terminal:[0.438, 4.767]
obs num:15
['circle', [0.259], [4.186, 4.7]]
['circle', [0.392], [4.185, 0.147]]
['circle', [0.212], [1.274, 3.629]]
['circle', [0.297], [3.09, 0.102]]
['circle', [0.362], [1.159, 1.25]]
['circle', [0.236], [2.753, 1.591]]
['circle', [0.352], [2.085, 2.74]]
['circle', [0.207], [3.322, 4.049]]
['circle', [0.347], [4.578, 2.637]]
['circle', [0.25], [0.167, 0.123]]
['circle', [0.252], [1.478, 4.868]]
['circle', [0.205], [3.892, 1.856]]
['circle', [0.237], [0.221, 3.809]]
['circle', [0.354], [0.012, 1.921]]
['circle', [0.277], [2.107, 0.704]]
num282
start:[1.038, 3.303]
terminal:[2.357, 1.75]
obs num:15
['circle', [0.209], [2.011, 4.09]]
['circle', [0.203], [0.801, 4.899]]
['circle', [0.219], [3.026, 4.007]]
['circle', [0.223], [4.054, 3.034]]
['circle', [0.296], [0.903, 0.02]]
['circle', [0.344], [3.131, 2.296]]
['circle', [0.358], [1.611, 2.684]]
['circle', [0.311], [2.895, 0.99]]
['circle', [0.211], [4.582, 1.53]]
['circle', [0.312], [1.834, 1.29]]
['circle', [0.306], [4.232, 0.142]]
['circle', [0.377], [0.515, 3.619]]
['circle', [0.359], [4.64, 4.276]]
['circle', [0.316], [0.747, 1.213]]
['circle', [0.209], [4.931, 3.297]]
num283
start:[3.379, 3.847]
terminal:[1.936, 4.395]
obs num:15
['circle', [0.326], [0.08, 2.545]]
['circle', [0.355], [3.293, 2.728]]
['circle', [0.216], [2.791, 1.288]]
['circle', [0.207], [0.714, 1.625]]
['circle', [0.282], [1.765, 3.014]]
['circle', [0.243], [1.933, 1.175]]
['circle', [0.376], [4.456, 1.792]]
['circle', [0.309], [0.638, 0.189]]
['circle', [0.228], [0.047, 3.673]]
['circle', [0.281], [4.245, 0.458]]
['circle', [0.236], [1.757, 0.085]]
['circle', [0.327], [2.964, 4.281]]
['circle', [0.364], [4.025, 4.891]]
['circle', [0.293], [2.322, 2.083]]
['circle', [0.256], [1.275, 4.537]]
num284
start:[4.466, 1.292]
terminal:[2.167, 4.582]
obs num:15
['circle', [0.295], [4.876, 3.115]]
['circle', [0.356], [4.541, 4.74]]
['circle', [0.349], [3.864, 1.139]]
['circle', [0.347], [2.373, 3.457]]
['circle', [0.309], [3.888, 3.577]]
['circle', [0.227], [0.701, 2.811]]
['circle', [0.288], [1.858, 1.1]]
['circle', [0.351], [1.166, 4.267]]
['circle', [0.262], [0.974, 0.197]]
['circle', [0.255], [0.785, 1.907]]
['circle', [0.226], [4.497, 2.092]]
['circle', [0.329], [2.627, 4.869]]
['circle', [0.21], [0.193, 3.681]]
['circle', [0.275], [2.382, 2.2]]
['circle', [0.227], [4.986, 0.051]]
num285
start:[2.495, 3.009]
terminal:[2.924, 3.13]
obs num:15
['circle', [0.234], [3.637, 2.591]]
['circle', [0.266], [4.678, 1.77]]
['circle', [0.303], [0.137, 2.416]]
['circle', [0.254], [2.345, 0.35]]
['circle', [0.24], [0.86, 1.267]]
['circle', [0.224], [1.744, 1.844]]
['circle', [0.241], [3.379, 1.513]]
['circle', [0.369], [1.938, 3.287]]
['circle', [0.35], [0.236, 0.215]]
['circle', [0.372], [4.091, 0.189]]
['circle', [0.261], [4.859, 3.916]]
['circle', [0.202], [2.757, 2.679]]
['circle', [0.27], [3.27, 4.033]]
['circle', [0.32], [0.001, 4.894]]
['circle', [0.267], [0.512, 3.994]]
num286
start:[1.551, 0.379]
terminal:[0.472, 4.514]
obs num:15
['circle', [0.322], [2.4, 4.754]]
['circle', [0.35], [3.319, 0.664]]
['circle', [0.249], [0.978, 3.601]]
['circle', [0.37], [0.333, 2.544]]
['circle', [0.27], [4.742, 4.806]]
['circle', [0.201], [4.965, 1.12]]
['circle', [0.389], [2.502, 3.423]]
['circle', [0.376], [4.781, 2.596]]
['circle', [0.31], [3.774, 4.985]]
['circle', [0.325], [1.044, 1.242]]
['circle', [0.24], [2.378, 1.355]]
['circle', [0.295], [3.773, 3.818]]
['circle', [0.217], [3.476, 1.805]]
['circle', [0.271], [1.127, 4.623]]
['circle', [0.201], [1.331, 2.302]]
num287
start:[1.761, 4.132]
terminal:[2.312, 1.676]
obs num:15
['circle', [0.372], [4.376, 0.155]]
['circle', [0.309], [0.827, 3.899]]
['circle', [0.263], [1.558, 4.901]]
['circle', [0.273], [3.257, 0.936]]
['circle', [0.372], [1.39, 1.418]]
['circle', [0.248], [2.94, 3.493]]
['circle', [0.262], [1.31, 2.972]]
['circle', [0.285], [0.565, 0.443]]
['circle', [0.319], [2.936, 1.929]]
['circle', [0.323], [4.802, 3.293]]
['circle', [0.265], [1.732, 0.276]]
['circle', [0.365], [4.522, 4.738]]
['circle', [0.219], [4.596, 2.326]]
['circle', [0.297], [2.702, 4.836]]
['circle', [0.203], [0.366, 2.144]]
num288
start:[0.35, 3.322]
terminal:[4.081, 1.748]
obs num:15
['circle', [0.204], [4.155, 1.149]]
['circle', [0.27], [0.352, 1.778]]
['circle', [0.293], [2.322, 1.613]]
['circle', [0.25], [4.561, 3.001]]
['circle', [0.23], [4.357, 0.328]]
['circle', [0.344], [1.987, 4.633]]
['circle', [0.255], [4.175, 4.934]]
['circle', [0.224], [2.672, 3.136]]
['circle', [0.233], [4.943, 3.813]]
['circle', [0.387], [0.817, 4.501]]
['circle', [0.344], [1.2, 0.371]]
['circle', [0.313], [3.183, 0.436]]
['circle', [0.275], [3.671, 2.743]]
['circle', [0.241], [0.767, 3.118]]
['circle', [0.295], [3.169, 4.379]]
num289
start:[2.598, 2.719]
terminal:[4.598, 2.94]
obs num:15
['circle', [0.334], [0.086, 0.713]]
['circle', [0.221], [3.411, 3.098]]
['circle', [0.252], [0.092, 2.489]]
['circle', [0.376], [3.807, 0.237]]
['circle', [0.293], [2.106, 3.757]]
['circle', [0.33], [3.285, 4.6]]
['circle', [0.208], [2.261, 1.54]]
['circle', [0.378], [1.332, 2.876]]
['circle', [0.211], [0.561, 4.298]]
['circle', [0.337], [4.751, 4.877]]
['circle', [0.285], [2.041, 4.857]]
['circle', [0.281], [2.594, 0.005]]
['circle', [0.367], [0.944, 1.794]]
['circle', [0.219], [4.987, 1.16]]
['circle', [0.351], [3.537, 1.708]]
num290
start:[3.627, 1.794]
terminal:[1.482, 2.885]
obs num:15
['circle', [0.228], [1.383, 0.767]]
['circle', [0.33], [2.961, 0.237]]
['circle', [0.221], [1.706, 4.431]]
['circle', [0.398], [3.669, 4.738]]
['circle', [0.293], [4.877, 4.885]]
['circle', [0.32], [2.761, 1.769]]
['circle', [0.275], [4.567, 3.94]]
['circle', [0.368], [4.389, 0.921]]
['circle', [0.348], [0.237, 2.783]]
['circle', [0.258], [0.894, 1.851]]
['circle', [0.213], [3.789, 2.915]]
['circle', [0.276], [2.557, 3.162]]
['circle', [0.23], [4.987, 2.368]]
['circle', [0.25], [0.624, 4.746]]
['circle', [0.229], [0.014, 0.851]]
num291
start:[4.247, 1.693]
terminal:[2.39, 3.996]
obs num:15
['circle', [0.212], [1.903, 2.399]]
['circle', [0.357], [3.365, 2.292]]
['circle', [0.321], [3.119, 0.603]]
['circle', [0.388], [0.704, 2.843]]
['circle', [0.27], [2.479, 3.336]]
['circle', [0.23], [4.798, 3.842]]
['circle', [0.386], [3.446, 4.839]]
['circle', [0.394], [0.807, 0.122]]
['circle', [0.237], [4.93, 1.138]]
['circle', [0.259], [4.899, 0.232]]
['circle', [0.229], [4.561, 4.926]]
['circle', [0.358], [2.083, 1.36]]
['circle', [0.246], [4.876, 2.138]]
['circle', [0.37], [1.137, 3.919]]
['circle', [0.336], [3.809, 3.619]]
num292
start:[3.539, 4.005]
terminal:[3.84, 4.512]
obs num:15
['circle', [0.233], [0.468, 1.848]]
['circle', [0.275], [2.147, 4.84]]
['circle', [0.258], [3.69, 0.278]]
['circle', [0.332], [4.8, 4.053]]
['circle', [0.3], [1.144, 3.53]]
['circle', [0.319], [1.235, 0.869]]
['circle', [0.219], [2.846, 3.971]]
['circle', [0.378], [1.695, 1.911]]
['circle', [0.234], [4.7, 2.291]]
['circle', [0.4], [2.604, 0.815]]
['circle', [0.335], [4.886, 1.329]]
['circle', [0.284], [3.219, 2.359]]
['circle', [0.359], [0.282, 4.695]]
['circle', [0.272], [3.452, 4.926]]
['circle', [0.252], [4.168, 3.143]]
num293
start:[3.513, 0.516]
terminal:[3.633, 0.426]
obs num:15
['circle', [0.219], [4.563, 0.129]]
['circle', [0.343], [3.873, 4.533]]
['circle', [0.283], [1.034, 1.069]]
['circle', [0.397], [3.697, 1.997]]
['circle', [0.349], [1.553, 3.525]]
['circle', [0.266], [2.611, 1.831]]
['circle', [0.328], [0.278, 3.031]]
['circle', [0.326], [4.066, 3.21]]
['circle', [0.228], [2.89, 3.763]]
['circle', [0.271], [0.923, 4.353]]
['circle', [0.247], [2.627, 0.835]]
['circle', [0.23], [4.821, 1.519]]
['circle', [0.265], [1.595, 0.166]]
['circle', [0.37], [2.159, 4.899]]
['circle', [0.203], [2.783, 2.766]]
num294
start:[4.496, 3.869]
terminal:[0.887, 4.434]
obs num:15
['circle', [0.338], [0.195, 1.875]]
['circle', [0.277], [4.678, 2.175]]
['circle', [0.332], [1.334, 0.185]]
['circle', [0.257], [4.084, 3.522]]
['circle', [0.336], [1.058, 3.161]]
['circle', [0.335], [4.488, 0.736]]
['circle', [0.214], [2.608, 3.001]]
['circle', [0.279], [1.263, 1.272]]
['circle', [0.324], [4.704, 4.706]]
['circle', [0.306], [3.181, 0.298]]
['circle', [0.223], [1.37, 2.171]]
['circle', [0.333], [0.113, 4.783]]
['circle', [0.213], [4.981, 3.793]]
['circle', [0.326], [3.057, 1.939]]
['circle', [0.239], [3.187, 4.017]]
num295
start:[4.209, 1.921]
terminal:[4.457, 4.708]
obs num:15
['circle', [0.333], [1.876, 4.251]]
['circle', [0.246], [2.19, 1.665]]
['circle', [0.334], [4.098, 3.359]]
['circle', [0.293], [3.732, 2.151]]
['circle', [0.371], [0.746, 3.483]]
['circle', [0.217], [1.11, 1.467]]
['circle', [0.207], [0.295, 0.635]]
['circle', [0.279], [3.234, 4.702]]
['circle', [0.247], [2.005, 0.098]]
['circle', [0.219], [2.782, 0.687]]
['circle', [0.299], [2.829, 2.819]]
['circle', [0.272], [4.845, 1.844]]
['circle', [0.227], [3.672, 0.703]]
['circle', [0.354], [0.338, 4.7]]
['circle', [0.236], [4.957, 0.327]]
num296
start:[4.043, 3.419]
terminal:[2.68, 0.176]
obs num:15
['circle', [0.289], [4.848, 4.478]]
['circle', [0.227], [4.055, 0.33]]
['circle', [0.314], [3.338, 3.608]]
['circle', [0.375], [0.065, 1.489]]
['circle', [0.225], [0.202, 4.539]]
['circle', [0.37], [2.466, 0.973]]
['circle', [0.271], [4.302, 2.705]]
['circle', [0.235], [3.777, 1.72]]
['circle', [0.32], [3.83, 4.993]]
['circle', [0.296], [4.791, 0.99]]
['circle', [0.391], [2.197, 3.323]]
['circle', [0.272], [1.504, 0.355]]
['circle', [0.211], [2.552, 4.701]]
['circle', [0.374], [1.358, 1.929]]
['circle', [0.324], [3.057, 2.408]]
num297
start:[0.821, 3.016]
terminal:[3.111, 2.803]
obs num:15
['circle', [0.352], [1.466, 4.387]]
['circle', [0.303], [0.639, 0.083]]
['circle', [0.312], [4.858, 0.329]]
['circle', [0.291], [1.383, 3.211]]
['circle', [0.375], [2.724, 3.836]]
['circle', [0.375], [2.169, 1.186]]
['circle', [0.355], [0.842, 1.727]]
['circle', [0.336], [4.323, 4.056]]
['circle', [0.393], [3.616, 2.171]]
['circle', [0.251], [0.071, 4.147]]
['circle', [0.32], [3.196, 0.015]]
['circle', [0.276], [4.842, 2.854]]
['circle', [0.291], [2.275, 2.74]]
['circle', [0.2], [3.229, 4.925]]
['circle', [0.201], [4.836, 1.781]]
num298
start:[1.908, 1.694]
terminal:[2.275, 1.832]
obs num:15
['circle', [0.213], [3.212, 1.223]]
['circle', [0.298], [0.31, 2.082]]
['circle', [0.35], [1.976, 2.962]]
['circle', [0.314], [3.612, 3.919]]
['circle', [0.212], [1.941, 0.989]]
['circle', [0.226], [0.69, 4.281]]
['circle', [0.349], [4.779, 2.535]]
['circle', [0.292], [0.965, 3.292]]
['circle', [0.202], [3.307, 2.063]]
['circle', [0.329], [4.837, 0.188]]
['circle', [0.333], [2.072, 4.491]]
['circle', [0.343], [0.386, 0.715]]
['circle', [0.238], [1.32, 2.005]]
['circle', [0.298], [1.616, 0.047]]
['circle', [0.292], [4.902, 4.282]]
num299
start:[3.897, 4.077]
terminal:[2.683, 3.358]
obs num:15
['circle', [0.219], [4.247, 1.435]]
['circle', [0.303], [0.152, 2.208]]
['circle', [0.36], [2.804, 1.71]]
['circle', [0.381], [2.323, 2.861]]
['circle', [0.295], [0.286, 4.611]]
['circle', [0.254], [3.994, 3.476]]
['circle', [0.332], [2.093, 0.174]]
['circle', [0.304], [1.285, 1.773]]
['circle', [0.393], [2.425, 4.197]]
['circle', [0.262], [4.494, 4.421]]
['circle', [0.265], [4.946, 0.16]]
['circle', [0.212], [0.836, 0.53]]
['circle', [0.266], [0.248, 1.238]]
['circle', [0.302], [1.379, 4.865]]
['circle', [0.388], [3.859, 0.055]]
num300
start:[4.112, 0.919]
terminal:[0.168, 1.4]
obs num:15
['circle', [0.366], [0.958, 3.7]]
['circle', [0.366], [2.688, 2.6]]
['circle', [0.309], [4.205, 2.234]]
['circle', [0.338], [4.496, 4.415]]
['circle', [0.244], [0.482, 0.311]]
['circle', [0.297], [0.106, 2.109]]
['circle', [0.341], [1.656, 2.194]]
['circle', [0.285], [3.205, 4.017]]
['circle', [0.287], [3.682, 0.01]]
['circle', [0.394], [2.389, 4.931]]
['circle', [0.329], [4.683, 0.967]]
['circle', [0.346], [0.03, 4.723]]
['circle', [0.246], [1.422, 0.589]]
['circle', [0.273], [2.395, 1.277]]
['circle', [0.331], [2.4, 0.262]]
num301
start:[1.92, 1.67]
terminal:[0.552, 0.24]
obs num:15
['circle', [0.305], [0.831, 1.346]]
['circle', [0.241], [4.596, 3.896]]
['circle', [0.303], [3.528, 2.939]]
['circle', [0.245], [3.805, 0.9]]
['circle', [0.379], [2.193, 3.416]]
['circle', [0.348], [0.705, 4.7]]
['circle', [0.24], [4.199, 4.919]]
['circle', [0.292], [2.432, 4.925]]
['circle', [0.247], [0.68, 3.224]]
['circle', [0.227], [2.361, 0.109]]
['circle', [0.213], [4.553, 2.376]]
['circle', [0.287], [4.969, 0.2]]
['circle', [0.221], [3.29, 4.185]]
['circle', [0.305], [2.063, 1.106]]
['circle', [0.219], [1.783, 2.402]]
num302
start:[2.72, 0.702]
terminal:[3.356, 1.078]
obs num:15
['circle', [0.268], [0.32, 0.057]]
['circle', [0.263], [2.084, 2.828]]
['circle', [0.374], [3.636, 4.052]]
['circle', [0.37], [4.902, 1.295]]
['circle', [0.374], [4.902, 2.526]]
['circle', [0.395], [1.062, 4.078]]
['circle', [0.219], [3.058, 2.303]]
['circle', [0.354], [4.924, 4.374]]
['circle', [0.264], [0.609, 2.2]]
['circle', [0.323], [3.706, 0.234]]
['circle', [0.233], [0.02, 3.945]]
['circle', [0.269], [1.891, 0.684]]
['circle', [0.307], [2.247, 4.743]]
['circle', [0.307], [2.298, 1.7]]
['circle', [0.321], [0.925, 1.192]]
num303
start:[3.152, 1.475]
terminal:[2.362, 1.675]
obs num:15
['circle', [0.278], [3.825, 1.448]]
['circle', [0.36], [0.679, 2.393]]
['circle', [0.358], [2.679, 4.019]]
['circle', [0.251], [4.482, 3.562]]
['circle', [0.255], [1.207, 3.395]]
['circle', [0.25], [1.282, 1.567]]
['circle', [0.257], [3.282, 2.771]]
['circle', [0.209], [1.03, 0.213]]
['circle', [0.218], [1.808, 0.505]]
['circle', [0.247], [1.348, 4.52]]
['circle', [0.229], [4.505, 2.572]]
['circle', [0.333], [4.149, 4.903]]
['circle', [0.223], [0.024, 0.142]]
['circle', [0.247], [2.041, 2.104]]
['circle', [0.213], [2.348, 2.96]]
num304
start:[0.887, 2.902]
terminal:[1.559, 1.588]
obs num:15
['circle', [0.3], [4.606, 0.42]]
['circle', [0.229], [2.611, 1.421]]
['circle', [0.28], [1.602, 4.313]]
['circle', [0.372], [4.173, 1.817]]
['circle', [0.383], [0.045, 2.031]]
['circle', [0.312], [2.111, 0.535]]
['circle', [0.388], [4.333, 3.778]]
['circle', [0.353], [0.647, 3.563]]
['circle', [0.242], [3.187, 2.454]]
['circle', [0.389], [3.258, 0.362]]
['circle', [0.347], [0.004, 0.318]]
['circle', [0.294], [1.677, 3.033]]
['circle', [0.213], [0.22, 4.57]]
['circle', [0.269], [3.219, 4.533]]
['circle', [0.319], [2.72, 3.55]]
num305
start:[1.017, 1.729]
terminal:[1.622, 1.141]
obs num:15
['circle', [0.248], [1.023, 0.911]]
['circle', [0.376], [4.079, 3.163]]
['circle', [0.257], [0.973, 4.183]]
['circle', [0.279], [2.648, 2.854]]
['circle', [0.244], [3.055, 0.011]]
['circle', [0.234], [4.888, 0.627]]
['circle', [0.323], [0.996, 2.553]]
['circle', [0.282], [2.952, 1.764]]
['circle', [0.362], [2.79, 4.477]]
['circle', [0.283], [1.883, 3.65]]
['circle', [0.337], [3.999, 4.466]]
['circle', [0.229], [3.864, 2.037]]
['circle', [0.301], [4.864, 1.563]]
['circle', [0.222], [3.931, 0.487]]
['circle', [0.237], [2.105, 0.668]]
num306
start:[2.366, 3.914]
terminal:[1.309, 4.312]
obs num:15
['circle', [0.216], [0.082, 3.116]]
['circle', [0.338], [4.38, 3.873]]
['circle', [0.302], [4.659, 2.535]]
['circle', [0.236], [1.781, 2.903]]
['circle', [0.243], [1.248, 0.202]]
['circle', [0.323], [3.415, 3.062]]
['circle', [0.301], [1.575, 1.733]]
['circle', [0.204], [0.698, 4.96]]
['circle', [0.2], [2.951, 3.957]]
['circle', [0.252], [4.228, 0.874]]
['circle', [0.287], [3.711, 4.67]]
['circle', [0.208], [0.103, 1.055]]
['circle', [0.318], [2.958, 1.05]]
['circle', [0.244], [2.673, 2.121]]
['circle', [0.253], [0.946, 2.546]]
num307
start:[1.459, 3.521]
terminal:[0.545, 2.619]
obs num:15
['circle', [0.329], [1.789, 4.03]]
['circle', [0.238], [4.923, 0.916]]
['circle', [0.327], [3.476, 1.858]]
['circle', [0.205], [3.991, 3.722]]
['circle', [0.291], [2.263, 2.865]]
['circle', [0.228], [0.04, 3.458]]
['circle', [0.209], [2.88, 3.828]]
['circle', [0.38], [1.688, 0.748]]
['circle', [0.276], [0.261, 0.735]]
['circle', [0.394], [4.436, 2.523]]
['circle', [0.241], [3.148, 0.635]]
['circle', [0.242], [4.816, 4.493]]
['circle', [0.237], [3.486, 4.803]]
['circle', [0.299], [2.403, 1.749]]
['circle', [0.281], [0.137, 4.39]]
num308
start:[0.504, 0.615]
terminal:[4.054, 4.547]
obs num:15
['circle', [0.242], [1.11, 2.92]]
['circle', [0.252], [1.441, 1.161]]
['circle', [0.339], [2.568, 1.728]]
['circle', [0.356], [1.393, 4.9]]
['circle', [0.233], [3.925, 2.736]]
['circle', [0.381], [4.746, 0.201]]
['circle', [0.366], [2.769, 0.512]]
['circle', [0.268], [0.824, 3.956]]
['circle', [0.25], [2.153, 2.652]]
['circle', [0.311], [4.681, 3.845]]
['circle', [0.239], [3.43, 3.671]]
['circle', [0.204], [0.107, 0.309]]
['circle', [0.211], [0.624, 1.531]]
['circle', [0.285], [4.3, 1.796]]
['circle', [0.343], [0.091, 4.832]]
num309
start:[4.71, 1.731]
terminal:[1.323, 4.315]
obs num:15
['circle', [0.289], [1.589, 0.037]]
['circle', [0.358], [4.557, 3.133]]
['circle', [0.313], [0.627, 4.444]]
['circle', [0.385], [2.467, 4.22]]
['circle', [0.309], [4.309, 1.322]]
['circle', [0.294], [0.208, 1.642]]
['circle', [0.223], [2.608, 1.5]]
['circle', [0.333], [3.798, 4.025]]
['circle', [0.373], [3.166, 0.114]]
['circle', [0.303], [1.809, 3.316]]
['circle', [0.263], [0.684, 3.354]]
['circle', [0.399], [1.58, 1.502]]
['circle', [0.32], [3.565, 2.128]]
['circle', [0.231], [0.072, 0.41]]
['circle', [0.316], [4.544, 4.9]]
num310
start:[1.225, 3.318]
terminal:[3.789, 4.61]
obs num:15
['circle', [0.221], [4.974, 1.994]]
['circle', [0.252], [1.887, 0.336]]
['circle', [0.284], [0.617, 4.381]]
['circle', [0.332], [2.176, 3.82]]
['circle', [0.248], [4.724, 3.869]]
['circle', [0.333], [2.888, 0.333]]
['circle', [0.234], [3.006, 4.721]]
['circle', [0.276], [0.561, 2.182]]
['circle', [0.242], [3.689, 2.563]]
['circle', [0.357], [3.931, 1.269]]
['circle', [0.216], [2.539, 2.155]]
['circle', [0.261], [3.844, 3.524]]
['circle', [0.252], [0.071, 0.027]]
['circle', [0.229], [0.656, 1.035]]
['circle', [0.225], [1.871, 1.496]]
num311
start:[2.326, 0.603]
terminal:[1.783, 3.185]
obs num:15
['circle', [0.22], [0.237, 3.312]]
['circle', [0.305], [3.786, 5.0]]
['circle', [0.391], [4.979, 3.101]]
['circle', [0.261], [0.045, 2.194]]
['circle', [0.374], [1.714, 1.112]]
['circle', [0.237], [2.325, 1.926]]
['circle', [0.276], [2.129, 4.961]]
['circle', [0.344], [3.129, 3.768]]
['circle', [0.399], [3.654, 2.536]]
['circle', [0.292], [4.709, 1.794]]
['circle', [0.267], [0.604, 0.078]]
['circle', [0.326], [3.106, 1.303]]
['circle', [0.267], [4.983, 0.115]]
['circle', [0.279], [1.181, 4.336]]
['circle', [0.223], [0.078, 1.114]]
num312
start:[1.894, 0.315]
terminal:[0.385, 2.426]
obs num:15
['circle', [0.312], [1.941, 3.592]]
['circle', [0.293], [1.139, 4.224]]
['circle', [0.203], [2.544, 4.307]]
['circle', [0.258], [4.294, 3.789]]
['circle', [0.354], [4.974, 0.009]]
['circle', [0.266], [1.409, 1.428]]
['circle', [0.284], [0.032, 3.821]]
['circle', [0.283], [2.448, 0.301]]
['circle', [0.325], [0.605, 0.328]]
['circle', [0.317], [4.091, 1.507]]
['circle', [0.385], [1.251, 2.731]]
['circle', [0.383], [4.739, 2.609]]
['circle', [0.324], [0.372, 4.917]]
['circle', [0.243], [2.605, 2.896]]
['circle', [0.23], [0.362, 1.856]]
num313
start:[0.637, 3.713]
terminal:[4.545, 3.934]
obs num:15
['circle', [0.256], [3.44, 3.337]]
['circle', [0.352], [3.857, 1.598]]
['circle', [0.255], [2.243, 4.36]]
['circle', [0.361], [2.023, 2.973]]
['circle', [0.203], [1.058, 1.695]]
['circle', [0.278], [0.941, 4.871]]
['circle', [0.206], [4.389, 2.97]]
['circle', [0.247], [2.927, 0.424]]
['circle', [0.215], [0.947, 2.791]]
['circle', [0.255], [4.926, 4.977]]
['circle', [0.35], [2.348, 1.873]]
['circle', [0.314], [4.311, 0.406]]
['circle', [0.377], [1.709, 0.33]]
['circle', [0.364], [4.953, 1.996]]
['circle', [0.242], [0.104, 1.954]]
num314
start:[2.905, 4.678]
terminal:[3.688, 1.087]
obs num:15
['circle', [0.301], [0.368, 0.275]]
['circle', [0.25], [1.243, 4.559]]
['circle', [0.352], [3.244, 2.446]]
['circle', [0.273], [0.869, 1.835]]
['circle', [0.253], [4.631, 0.355]]
['circle', [0.376], [4.858, 4.742]]
['circle', [0.3], [1.828, 2.696]]
['circle', [0.377], [4.085, 3.691]]
['circle', [0.342], [3.022, 1.348]]
['circle', [0.245], [2.179, 3.718]]
['circle', [0.301], [2.093, 0.743]]
['circle', [0.252], [0.849, 2.88]]
['circle', [0.24], [2.074, 1.75]]
['circle', [0.208], [4.303, 1.168]]
['circle', [0.222], [3.277, 0.151]]
num315
start:[1.586, 4.649]
terminal:[3.415, 1.29]
obs num:15
['circle', [0.228], [0.631, 3.911]]
['circle', [0.395], [1.454, 0.112]]
['circle', [0.396], [4.069, 1.318]]
['circle', [0.254], [3.473, 0.274]]
['circle', [0.319], [0.392, 2.558]]
['circle', [0.25], [2.894, 1.841]]
['circle', [0.24], [0.038, 0.311]]
['circle', [0.31], [1.795, 3.769]]
['circle', [0.387], [4.792, 0.134]]
['circle', [0.266], [2.94, 3.054]]
['circle', [0.348], [4.546, 3.11]]
['circle', [0.351], [1.155, 1.584]]
['circle', [0.352], [2.498, 0.879]]
['circle', [0.287], [3.444, 4.363]]
['circle', [0.308], [4.905, 4.484]]
num316
start:[3.368, 2.087]
terminal:[2.405, 1.845]
obs num:15
['circle', [0.201], [4.688, 2.111]]
['circle', [0.321], [0.772, 0.545]]
['circle', [0.209], [1.741, 3.692]]
['circle', [0.272], [4.765, 4.875]]
['circle', [0.207], [3.099, 4.618]]
['circle', [0.373], [4.674, 0.72]]
['circle', [0.248], [0.046, 4.276]]
['circle', [0.281], [0.885, 2.475]]
['circle', [0.249], [3.782, 3.657]]
['circle', [0.219], [2.385, 2.541]]
['circle', [0.218], [3.918, 1.392]]
['circle', [0.289], [0.243, 1.503]]
['circle', [0.31], [2.983, 1.178]]
['circle', [0.295], [2.261, 0.238]]
['circle', [0.231], [0.234, 3.372]]
num317
start:[4.419, 3.672]
terminal:[3.183, 3.458]
obs num:15
['circle', [0.233], [2.837, 3.795]]
['circle', [0.357], [3.926, 4.598]]
['circle', [0.207], [1.198, 4.438]]
['circle', [0.208], [1.907, 1.922]]
['circle', [0.335], [0.942, 2.466]]
['circle', [0.364], [3.352, 1.122]]
['circle', [0.246], [4.92, 3.856]]
['circle', [0.281], [2.036, 0.592]]
['circle', [0.298], [0.947, 0.997]]
['circle', [0.309], [4.719, 1.122]]
['circle', [0.278], [3.931, 3.049]]
['circle', [0.253], [0.315, 3.979]]
['circle', [0.343], [2.146, 4.668]]
['circle', [0.227], [2.042, 3.264]]
['circle', [0.246], [3.787, 2.122]]
num318
start:[3.357, 2.374]
terminal:[4.846, 0.77]
obs num:15
['circle', [0.292], [4.526, 0.1]]
['circle', [0.313], [0.243, 4.056]]
['circle', [0.37], [4.263, 2.918]]
['circle', [0.394], [0.154, 1.45]]
['circle', [0.329], [3.277, 0.269]]
['circle', [0.272], [1.822, 0.529]]
['circle', [0.315], [3.93, 4.935]]
['circle', [0.2], [0.192, 0.246]]
['circle', [0.334], [2.762, 4.463]]
['circle', [0.378], [1.877, 2.055]]
['circle', [0.332], [2.297, 3.178]]
['circle', [0.284], [3.195, 1.893]]
['circle', [0.268], [0.486, 2.955]]
['circle', [0.246], [4.439, 1.767]]
['circle', [0.205], [1.754, 4.187]]
num319
start:[0.415, 0.929]
terminal:[0.289, 1.54]
obs num:15
['circle', [0.237], [3.953, 0.98]]
['circle', [0.263], [2.005, 0.153]]
['circle', [0.374], [0.184, 4.672]]
['circle', [0.238], [4.876, 2.406]]
['circle', [0.377], [1.709, 2.254]]
['circle', [0.368], [1.46, 3.936]]
['circle', [0.291], [0.244, 3.422]]
['circle', [0.327], [0.352, 0.174]]
['circle', [0.27], [2.707, 4.147]]
['circle', [0.216], [3.403, 2.959]]
['circle', [0.27], [4.66, 3.618]]
['circle', [0.245], [3.957, 1.945]]
['circle', [0.222], [0.733, 1.376]]
['circle', [0.241], [1.746, 1.148]]
['circle', [0.322], [2.001, 4.884]]
num320
start:[3.6, 2.188]
terminal:[3.675, 3.53]
obs num:15
['circle', [0.326], [2.77, 1.62]]
['circle', [0.355], [3.56, 0.083]]
['circle', [0.365], [1.527, 4.559]]
['circle', [0.352], [1.647, 2.703]]
['circle', [0.279], [4.904, 2.699]]
['circle', [0.3], [3.311, 4.255]]
['circle', [0.211], [4.947, 1.747]]
['circle', [0.399], [2.808, 2.886]]
['circle', [0.238], [0.233, 2.463]]
['circle', [0.356], [0.382, 0.635]]
['circle', [0.292], [1.217, 1.57]]
['circle', [0.344], [4.69, 4.727]]
['circle', [0.284], [1.456, 0.026]]
['circle', [0.346], [4.695, 0.587]]
['circle', [0.384], [0.473, 3.481]]
num321
start:[3.209, 1.625]
terminal:[4.229, 2.073]
obs num:15
['circle', [0.255], [2.489, 0.013]]
['circle', [0.249], [0.705, 3.402]]
['circle', [0.303], [3.31, 3.655]]
['circle', [0.306], [3.195, 4.833]]
['circle', [0.367], [1.705, 1.625]]
['circle', [0.208], [4.422, 3.23]]
['circle', [0.235], [4.961, 0.426]]
['circle', [0.284], [0.622, 1.985]]
['circle', [0.331], [3.903, 0.929]]
['circle', [0.241], [0.339, 4.895]]
['circle', [0.276], [2.439, 3.006]]
['circle', [0.309], [3.509, 2.522]]
['circle', [0.308], [0.585, 0.41]]
['circle', [0.26], [4.55, 4.65]]
['circle', [0.277], [1.29, 4.666]]
num322
start:[3.644, 1.01]
terminal:[1.344, 3.469]
obs num:15
['circle', [0.259], [4.274, 1.922]]
['circle', [0.261], [3.952, 3.032]]
['circle', [0.344], [2.256, 1.256]]
['circle', [0.262], [1.449, 2.337]]
['circle', [0.27], [0.288, 3.174]]
['circle', [0.277], [4.896, 3.887]]
['circle', [0.244], [2.954, 2.842]]
['circle', [0.337], [0.464, 4.615]]
['circle', [0.302], [0.357, 0.833]]
['circle', [0.312], [1.455, 0.281]]
['circle', [0.247], [2.227, 4.496]]
['circle', [0.203], [3.213, 0.695]]
['circle', [0.268], [2.856, 3.762]]
['circle', [0.215], [4.461, 4.976]]
['circle', [0.365], [4.646, 0.564]]
num323
start:[4.126, 4.321]
terminal:[3.164, 2.763]
obs num:15
['circle', [0.202], [1.39, 4.879]]
['circle', [0.223], [2.544, 0.828]]
['circle', [0.216], [4.604, 4.129]]
['circle', [0.239], [1.966, 4.252]]
['circle', [0.279], [0.451, 4.137]]
['circle', [0.282], [0.057, 2.199]]
['circle', [0.299], [4.648, 0.642]]
['circle', [0.29], [3.22, 1.765]]
['circle', [0.229], [1.72, 0.522]]
['circle', [0.311], [2.923, 3.668]]
['circle', [0.201], [1.495, 3.497]]
['circle', [0.236], [0.841, 1.247]]
['circle', [0.205], [3.645, 2.842]]
['circle', [0.293], [2.23, 2.006]]
['circle', [0.27], [3.811, 4.744]]
num324
start:[4.306, 4.763]
terminal:[2.64, 3.924]
obs num:15
['circle', [0.339], [0.489, 0.05]]
['circle', [0.301], [0.426, 1.943]]
['circle', [0.373], [2.665, 4.92]]
['circle', [0.207], [3.559, 3.18]]
['circle', [0.286], [2.943, 0.799]]
['circle', [0.29], [4.772, 1.699]]
['circle', [0.399], [2.685, 2.544]]
['circle', [0.274], [4.765, 3.358]]
['circle', [0.364], [0.268, 3.576]]
['circle', [0.28], [1.747, 0.562]]
['circle', [0.35], [3.977, 0.287]]
['circle', [0.315], [1.437, 4.46]]
['circle', [0.238], [1.858, 3.422]]
['circle', [0.246], [3.694, 1.86]]
['circle', [0.241], [4.313, 4.296]]
num325
start:[1.057, 1.993]
terminal:[4.338, 3.381]
obs num:15
['circle', [0.288], [0.052, 4.86]]
['circle', [0.211], [0.335, 1.981]]
['circle', [0.351], [4.125, 0.815]]
['circle', [0.233], [1.554, 1.329]]
['circle', [0.238], [2.308, 4.097]]
['circle', [0.345], [4.995, 4.588]]
['circle', [0.318], [3.376, 4.842]]
['circle', [0.394], [3.098, 0.212]]
['circle', [0.351], [1.826, 3.128]]
['circle', [0.251], [2.506, 1.5]]
['circle', [0.236], [4.999, 2.3]]
['circle', [0.334], [0.293, 3.659]]
['circle', [0.28], [3.802, 2.778]]
['circle', [0.201], [3.141, 3.882]]
['circle', [0.297], [1.101, 4.606]]
num326
start:[3.02, 1.609]
terminal:[3.57, 2.631]
obs num:15
['circle', [0.353], [4.163, 3.77]]
['circle', [0.227], [0.482, 0.857]]
['circle', [0.301], [4.974, 1.455]]
['circle', [0.266], [0.737, 2.479]]
['circle', [0.24], [1.686, 1.511]]
['circle', [0.3], [1.608, 0.259]]
['circle', [0.297], [3.394, 0.722]]
['circle', [0.386], [2.262, 3.191]]
['circle', [0.23], [4.828, 0.047]]
['circle', [0.265], [1.291, 4.363]]
['circle', [0.287], [4.712, 2.634]]
['circle', [0.263], [0.347, 4.585]]
['circle', [0.211], [0.027, 3.377]]
['circle', [0.337], [2.624, 4.343]]
['circle', [0.348], [3.555, 4.937]]
num327
start:[4.405, 0.273]
terminal:[1.206, 1.252]
obs num:15
['circle', [0.243], [4.999, 4.598]]
['circle', [0.234], [4.925, 0.933]]
['circle', [0.221], [3.943, 3.533]]
['circle', [0.378], [2.415, 4.27]]
['circle', [0.232], [0.406, 1.573]]
['circle', [0.24], [0.269, 4.938]]
['circle', [0.392], [2.678, 1.715]]
['circle', [0.399], [1.57, 3.359]]
['circle', [0.334], [4.796, 2.508]]
['circle', [0.305], [3.183, 0.468]]
['circle', [0.312], [1.719, 1.106]]
['circle', [0.235], [3.428, 2.447]]
['circle', [0.363], [3.332, 4.979]]
['circle', [0.235], [1.443, 4.616]]
['circle', [0.258], [0.186, 2.846]]
num328
start:[1.832, 3.841]
terminal:[0.158, 1.945]
obs num:15
['circle', [0.209], [0.25, 0.71]]
['circle', [0.328], [4.334, 1.446]]
['circle', [0.25], [3.627, 0.225]]
['circle', [0.333], [3.862, 3.832]]
['circle', [0.218], [2.335, 4.869]]
['circle', [0.241], [1.18, 3.642]]
['circle', [0.271], [1.234, 1.577]]
['circle', [0.332], [0.058, 3.674]]
['circle', [0.337], [1.369, 0.542]]
['circle', [0.286], [4.761, 2.595]]
['circle', [0.219], [1.206, 4.565]]
['circle', [0.208], [3.197, 2.256]]
['circle', [0.264], [4.523, 0.032]]
['circle', [0.27], [2.392, 0.355]]
['circle', [0.371], [4.826, 4.701]]
num329
start:[4.847, 4.529]
terminal:[1.252, 3.154]
obs num:15
['circle', [0.29], [1.893, 2.719]]
['circle', [0.366], [2.635, 4.603]]
['circle', [0.383], [4.015, 4.716]]
['circle', [0.308], [3.574, 0.165]]
['circle', [0.202], [2.349, 0.538]]
['circle', [0.352], [0.461, 1.279]]
['circle', [0.22], [1.933, 3.756]]
['circle', [0.331], [0.065, 2.981]]
['circle', [0.236], [0.15, 4.015]]
['circle', [0.342], [3.909, 1.844]]
['circle', [0.223], [2.257, 1.575]]
['circle', [0.228], [1.524, 1.101]]
['circle', [0.204], [4.495, 0.166]]
['circle', [0.225], [1.511, 4.948]]
['circle', [0.251], [4.736, 1.159]]
num330
start:[1.081, 2.323]
terminal:[4.489, 4.014]
obs num:15
['circle', [0.23], [3.58, 3.005]]
['circle', [0.279], [0.448, 0.366]]
['circle', [0.225], [3.194, 1.434]]
['circle', [0.314], [2.635, 4.418]]
['circle', [0.313], [4.379, 4.953]]
['circle', [0.395], [4.251, 1.071]]
['circle', [0.268], [1.879, 0.306]]
['circle', [0.354], [2.388, 3.202]]
['circle', [0.35], [0.118, 4.655]]
['circle', [0.298], [4.484, 2.699]]
['circle', [0.201], [0.349, 3.32]]
['circle', [0.246], [1.394, 4.104]]
['circle', [0.209], [0.145, 1.773]]
['circle', [0.275], [1.351, 1.82]]
['circle', [0.206], [2.22, 1.998]]
num331
start:[0.922, 2.915]
terminal:[4.365, 4.582]
obs num:15
['circle', [0.212], [4.777, 4.047]]
['circle', [0.206], [1.639, 4.259]]
['circle', [0.272], [4.907, 0.65]]
['circle', [0.203], [0.028, 3.604]]
['circle', [0.393], [2.77, 2.53]]
['circle', [0.335], [2.029, 1.559]]
['circle', [0.373], [3.888, 1.333]]
['circle', [0.383], [4.656, 2.937]]
['circle', [0.221], [3.117, 4.105]]
['circle', [0.312], [4.979, 1.784]]
['circle', [0.218], [0.506, 0.466]]
['circle', [0.326], [1.893, 0.101]]
['circle', [0.313], [3.527, 0.034]]
['circle', [0.27], [0.207, 1.546]]
['circle', [0.3], [0.083, 4.948]]
num332
start:[3.648, 3.435]
terminal:[0.794, 0.759]
obs num:15
['circle', [0.243], [1.562, 3.031]]
['circle', [0.363], [0.179, 2.611]]
['circle', [0.211], [0.629, 3.91]]
['circle', [0.272], [1.04, 4.977]]
['circle', [0.234], [4.821, 2.466]]
['circle', [0.293], [2.116, 1.95]]
['circle', [0.297], [3.826, 2.205]]
['circle', [0.331], [4.887, 1.308]]
['circle', [0.225], [4.685, 3.793]]
['circle', [0.223], [2.972, 3.217]]
['circle', [0.227], [0.443, 0.201]]
['circle', [0.338], [4.229, 0.041]]
['circle', [0.391], [2.273, 4.535]]
['circle', [0.368], [2.178, 0.846]]
['circle', [0.248], [4.687, 4.92]]
num333
start:[3.855, 3.075]
terminal:[3.211, 4.057]
obs num:15
['circle', [0.261], [3.067, 1.426]]
['circle', [0.391], [1.079, 3.527]]
['circle', [0.215], [3.901, 4.669]]
['circle', [0.318], [2.837, 3.183]]
['circle', [0.229], [4.329, 0.654]]
['circle', [0.379], [2.185, 4.873]]
['circle', [0.268], [0.734, 2.286]]
['circle', [0.256], [3.716, 2.296]]
['circle', [0.308], [1.628, 0.442]]
['circle', [0.2], [3.191, 0.058]]
['circle', [0.316], [1.608, 1.769]]
['circle', [0.366], [4.606, 3.533]]
['circle', [0.249], [0.539, 1.332]]
['circle', [0.21], [4.918, 2.548]]
['circle', [0.327], [0.035, 4.583]]
num334
start:[2.218, 2.162]
terminal:[1.202, 1.017]
obs num:15
['circle', [0.316], [0.148, 0.379]]
['circle', [0.344], [4.636, 2.444]]
['circle', [0.354], [3.666, 3.024]]
['circle', [0.33], [1.558, 0.512]]
['circle', [0.266], [4.301, 3.984]]
['circle', [0.223], [4.053, 0.516]]
['circle', [0.247], [2.991, 3.992]]
['circle', [0.227], [0.937, 3.173]]
['circle', [0.277], [0.352, 1.44]]
['circle', [0.21], [1.337, 2.123]]
['circle', [0.231], [4.945, 0.757]]
['circle', [0.233], [0.701, 4.928]]
['circle', [0.206], [2.685, 2.833]]
['circle', [0.376], [2.203, 1.518]]
['circle', [0.364], [3.806, 1.653]]
num335
start:[2.19, 3.63]
terminal:[2.213, 4.594]
obs num:15
['circle', [0.22], [3.227, 0.695]]
['circle', [0.315], [1.225, 3.758]]
['circle', [0.206], [3.715, 3.214]]
['circle', [0.398], [1.909, 1.635]]
['circle', [0.356], [0.666, 0.875]]
['circle', [0.334], [3.319, 4.501]]
['circle', [0.305], [4.676, 4.7]]
['circle', [0.304], [2.661, 3.144]]
['circle', [0.283], [2.187, 0.176]]
['circle', [0.23], [4.605, 2.725]]
['circle', [0.332], [0.23, 2.594]]
['circle', [0.223], [4.192, 0.706]]
['circle', [0.34], [3.499, 1.937]]
['circle', [0.27], [0.292, 4.926]]
['circle', [0.364], [1.445, 4.822]]
num336
start:[4.702, 3.34]
terminal:[2.482, 2.965]
obs num:15
['circle', [0.207], [4.878, 0.099]]
['circle', [0.363], [3.271, 1.644]]
['circle', [0.344], [1.614, 1.462]]
['circle', [0.203], [0.432, 0.679]]
['circle', [0.354], [1.297, 3.561]]
['circle', [0.25], [1.687, 0.125]]
['circle', [0.354], [3.544, 4.392]]
['circle', [0.248], [3.655, 3.189]]
['circle', [0.281], [3.832, 0.557]]
['circle', [0.243], [2.548, 2.439]]
['circle', [0.211], [0.17, 2.159]]
['circle', [0.351], [1.081, 4.678]]
['circle', [0.236], [4.496, 1.84]]
['circle', [0.319], [0.151, 4.127]]
['circle', [0.243], [2.238, 4.025]]
num337
start:[4.752, 2.898]
terminal:[2.788, 4.372]
obs num:15
['circle', [0.281], [4.884, 3.799]]
['circle', [0.388], [2.408, 3.345]]
['circle', [0.232], [3.88, 3.293]]
['circle', [0.398], [1.095, 4.892]]
['circle', [0.234], [4.585, 1.785]]
['circle', [0.331], [3.583, 4.229]]
['circle', [0.294], [1.237, 1.338]]
['circle', [0.306], [0.198, 0.14]]
['circle', [0.239], [3.89, 2.344]]
['circle', [0.318], [2.811, 1.63]]
['circle', [0.334], [2.302, 0.055]]
['circle', [0.334], [0.051, 1.594]]
['circle', [0.356], [2.353, 4.944]]
['circle', [0.262], [1.188, 3.354]]
['circle', [0.205], [4.051, 0.242]]
num338
start:[2.028, 2.703]
terminal:[3.759, 2.383]
obs num:15
['circle', [0.23], [1.306, 2.399]]
['circle', [0.317], [3.169, 0.652]]
['circle', [0.268], [0.708, 1.029]]
['circle', [0.304], [0.437, 2.974]]
['circle', [0.304], [1.663, 1.387]]
['circle', [0.201], [4.563, 2.313]]
['circle', [0.23], [4.293, 0.674]]
['circle', [0.302], [2.903, 3.104]]
['circle', [0.316], [0.259, 0.05]]
['circle', [0.202], [4.002, 3.606]]
['circle', [0.387], [2.905, 1.965]]
['circle', [0.281], [4.257, 4.818]]
['circle', [0.286], [1.09, 4.456]]
['circle', [0.291], [2.559, 4.07]]
['circle', [0.218], [4.99, 4.134]]
num339
start:[3.162, 4.681]
terminal:[3.293, 1.791]
obs num:15
['circle', [0.309], [1.777, 3.29]]
['circle', [0.305], [1.352, 1.156]]
['circle', [0.208], [2.969, 3.196]]
['circle', [0.396], [4.605, 4.317]]
['circle', [0.236], [4.722, 2.941]]
['circle', [0.385], [3.606, 0.628]]
['circle', [0.338], [4.952, 0.101]]
['circle', [0.295], [0.706, 3.142]]
['circle', [0.259], [2.815, 2.334]]
['circle', [0.2], [1.42, 2.338]]
['circle', [0.263], [4.813, 1.324]]
['circle', [0.218], [2.534, 0.583]]
['circle', [0.22], [0.101, 2.39]]
['circle', [0.384], [0.68, 4.826]]
['circle', [0.268], [2.613, 4.382]]
num340
start:[3.281, 4.554]
terminal:[1.473, 0.362]
obs num:15
['circle', [0.372], [3.967, 2.1]]
['circle', [0.392], [1.398, 2.627]]
['circle', [0.277], [1.992, 4.444]]
['circle', [0.387], [3.742, 0.522]]
['circle', [0.314], [0.786, 4.325]]
['circle', [0.316], [2.523, 0.55]]
['circle', [0.368], [4.694, 3.021]]
['circle', [0.268], [1.618, 1.063]]
['circle', [0.207], [4.736, 4.268]]
['circle', [0.226], [0.167, 3.357]]
['circle', [0.341], [2.785, 3.532]]
['circle', [0.298], [0.51, 0.101]]
['circle', [0.239], [0.289, 2.093]]
['circle', [0.23], [4.833, 1.156]]
['circle', [0.316], [3.707, 4.978]]
num341
start:[1.128, 0.282]
terminal:[1.438, 2.076]
obs num:15
['circle', [0.356], [2.587, 2.185]]
['circle', [0.24], [3.013, 0.739]]
['circle', [0.297], [4.508, 2.776]]
['circle', [0.331], [4.003, 1.408]]
['circle', [0.268], [1.549, 0.959]]
['circle', [0.362], [0.259, 4.167]]
['circle', [0.248], [2.476, 3.793]]
['circle', [0.26], [0.533, 0.455]]
['circle', [0.236], [1.663, 4.331]]
['circle', [0.279], [1.122, 2.867]]
['circle', [0.374], [3.992, 4.172]]
['circle', [0.327], [3.018, 4.692]]
['circle', [0.2], [4.318, 0.437]]
['circle', [0.271], [0.256, 1.764]]
['circle', [0.234], [3.446, 3.007]]
num342
start:[0.524, 0.205]
terminal:[3.439, 2.667]
obs num:15
['circle', [0.31], [2.318, 0.088]]
['circle', [0.359], [1.139, 1.588]]
['circle', [0.293], [2.495, 3.968]]
['circle', [0.258], [4.369, 1.904]]
['circle', [0.329], [0.067, 2.096]]
['circle', [0.306], [0.761, 4.494]]
['circle', [0.344], [4.772, 0.95]]
['circle', [0.306], [2.242, 1.829]]
['circle', [0.287], [4.015, 3.235]]
['circle', [0.387], [3.593, 0.53]]
['circle', [0.311], [0.279, 0.822]]
['circle', [0.306], [3.223, 4.826]]
['circle', [0.246], [3.272, 1.934]]
['circle', [0.221], [1.558, 3.682]]
['circle', [0.277], [4.586, 4.144]]
num343
start:[1.627, 4.536]
terminal:[2.778, 4.692]
obs num:15
['circle', [0.238], [0.455, 3.458]]
['circle', [0.232], [2.459, 3.259]]
['circle', [0.363], [4.4, 1.52]]
['circle', [0.328], [3.91, 3.97]]
['circle', [0.31], [3.676, 2.631]]
['circle', [0.354], [0.581, 0.236]]
['circle', [0.352], [1.194, 2.444]]
['circle', [0.375], [1.836, 0.01]]
['circle', [0.297], [1.613, 1.439]]
['circle', [0.22], [3.424, 1.265]]
['circle', [0.371], [0.525, 4.501]]
['circle', [0.271], [0.172, 1.705]]
['circle', [0.204], [1.329, 3.457]]
['circle', [0.347], [4.724, 0.255]]
['circle', [0.208], [3.154, 0.087]]
num344
start:[0.289, 3.054]
terminal:[4.741, 0.946]
obs num:15
['circle', [0.214], [1.542, 4.624]]
['circle', [0.208], [0.812, 0.782]]
['circle', [0.299], [0.604, 4.864]]
['circle', [0.388], [4.828, 3.297]]
['circle', [0.316], [4.624, 4.683]]
['circle', [0.372], [3.009, 3.583]]
['circle', [0.239], [0.315, 1.946]]
['circle', [0.207], [2.465, 1.539]]
['circle', [0.202], [0.436, 3.492]]
['circle', [0.205], [3.057, 0.889]]
['circle', [0.338], [3.932, 2.202]]
['circle', [0.207], [1.029, 2.629]]
['circle', [0.358], [1.943, 0.095]]
['circle', [0.248], [2.992, 4.656]]
['circle', [0.332], [4.27, 0.392]]
num345
start:[1.148, 0.249]
terminal:[3.705, 0.888]
obs num:15
['circle', [0.281], [1.929, 2.632]]
['circle', [0.267], [4.363, 4.584]]
['circle', [0.348], [3.016, 2.394]]
['circle', [0.38], [0.08, 3.483]]
['circle', [0.319], [4.809, 2.25]]
['circle', [0.274], [1.176, 0.894]]
['circle', [0.254], [4.569, 3.517]]
['circle', [0.309], [0.182, 0.408]]
['circle', [0.284], [3.064, 3.824]]
['circle', [0.305], [1.673, 4.161]]
['circle', [0.307], [0.534, 4.792]]
['circle', [0.288], [2.709, 1.136]]
['circle', [0.356], [2.981, 4.929]]
['circle', [0.288], [4.781, 0.413]]
['circle', [0.346], [0.234, 1.882]]
num346
start:[1.1, 4.344]
terminal:[1.086, 1.195]
obs num:15
['circle', [0.349], [3.829, 0.974]]
['circle', [0.355], [4.262, 4.803]]
['circle', [0.28], [0.4, 1.82]]
['circle', [0.248], [2.578, 4.55]]
['circle', [0.356], [4.742, 1.994]]
['circle', [0.354], [0.515, 3.285]]
['circle', [0.247], [1.865, 3.747]]
['circle', [0.27], [1.69, 0.341]]
['circle', [0.285], [0.068, 0.54]]
['circle', [0.236], [4.836, 0.962]]
['circle', [0.208], [2.444, 1.064]]
['circle', [0.384], [3.202, 3.346]]
['circle', [0.222], [2.776, 2.052]]
['circle', [0.304], [0.585, 4.674]]
['circle', [0.215], [1.543, 4.746]]
num347
start:[0.967, 0.206]
terminal:[3.338, 0.495]
obs num:15
['circle', [0.202], [4.509, 3.205]]
['circle', [0.36], [2.877, 4.936]]
['circle', [0.31], [2.649, 1.007]]
['circle', [0.344], [3.876, 4.163]]
['circle', [0.332], [1.553, 2.152]]
['circle', [0.22], [1.106, 4.969]]
['circle', [0.214], [0.17, 0.308]]
['circle', [0.225], [0.505, 4.229]]
['circle', [0.284], [4.563, 1.826]]
['circle', [0.359], [3.99, 0.592]]
['circle', [0.318], [1.568, 0.178]]
['circle', [0.35], [1.359, 3.741]]
['circle', [0.225], [0.165, 2.415]]
['circle', [0.251], [3.007, 2.825]]
['circle', [0.213], [0.088, 3.263]]
num348
start:[0.42, 3.031]
terminal:[0.161, 4.796]
obs num:15
['circle', [0.379], [0.507, 1.315]]
['circle', [0.327], [4.599, 4.417]]
['circle', [0.362], [4.987, 1.311]]
['circle', [0.229], [1.833, 0.785]]
['circle', [0.265], [3.66, 2.078]]
['circle', [0.252], [4.12, 2.945]]
['circle', [0.264], [0.973, 4.737]]
['circle', [0.24], [2.705, 4.573]]
['circle', [0.226], [2.301, 2.855]]
['circle', [0.225], [1.449, 3.564]]
['circle', [0.232], [3.917, 0.217]]
['circle', [0.231], [0.442, 3.743]]
['circle', [0.224], [1.648, 2.243]]
['circle', [0.362], [3.109, 1.13]]
['circle', [0.204], [0.228, 2.361]]
num349
start:[0.217, 3.886]
terminal:[2.772, 3.634]
obs num:15
['circle', [0.266], [4.912, 2.351]]
['circle', [0.354], [4.371, 3.397]]
['circle', [0.377], [4.675, 0.544]]
['circle', [0.231], [2.006, 2.253]]
['circle', [0.384], [2.62, 0.119]]
['circle', [0.214], [0.786, 4.984]]
['circle', [0.267], [1.497, 1.183]]
['circle', [0.263], [4.767, 4.379]]
['circle', [0.214], [0.521, 3.454]]
['circle', [0.364], [2.168, 4.246]]
['circle', [0.31], [3.434, 2.584]]
['circle', [0.302], [1.256, 0.177]]
['circle', [0.221], [1.745, 3.337]]
['circle', [0.208], [0.649, 2.243]]
['circle', [0.355], [2.824, 1.567]]
num350
start:[1.473, 0.651]
terminal:[2.854, 4.339]
obs num:15
['circle', [0.269], [3.617, 4.709]]
['circle', [0.347], [0.652, 1.523]]
['circle', [0.242], [1.777, 3.647]]
['circle', [0.212], [2.76, 3.886]]
['circle', [0.391], [2.838, 0.101]]
['circle', [0.24], [0.481, 0.477]]
['circle', [0.22], [4.539, 4.947]]
['circle', [0.396], [0.293, 2.699]]
['circle', [0.222], [4.221, 0.867]]
['circle', [0.232], [4.455, 2.187]]
['circle', [0.304], [2.839, 2.408]]
['circle', [0.201], [4.549, 3.364]]
['circle', [0.272], [1.85, 2.279]]
['circle', [0.289], [2.931, 1.372]]
['circle', [0.399], [1.257, 4.705]]
num351
start:[1.942, 1.323]
terminal:[2.079, 4.781]
obs num:15
['circle', [0.296], [0.251, 4.198]]
['circle', [0.295], [0.717, 0.662]]
['circle', [0.295], [2.923, 0.02]]
['circle', [0.313], [4.008, 1.099]]
['circle', [0.264], [0.861, 2.643]]
['circle', [0.297], [2.467, 3.274]]
['circle', [0.334], [4.745, 2.75]]
['circle', [0.224], [2.64, 4.256]]
['circle', [0.289], [1.775, 0.74]]
['circle', [0.307], [2.065, 2.118]]
['circle', [0.252], [3.116, 2.25]]
['circle', [0.256], [4.421, 0.101]]
['circle', [0.205], [1.705, 4.117]]
['circle', [0.296], [4.01, 4.228]]
['circle', [0.292], [1.132, 4.826]]
num352
start:[1.539, 0.541]
terminal:[3.185, 0.208]
obs num:15
['circle', [0.281], [3.453, 3.27]]
['circle', [0.352], [4.609, 4.59]]
['circle', [0.386], [0.978, 4.81]]
['circle', [0.397], [4.884, 1.352]]
['circle', [0.235], [4.412, 2.582]]
['circle', [0.206], [0.787, 1.674]]
['circle', [0.274], [2.43, 4.857]]
['circle', [0.367], [2.54, 0.467]]
['circle', [0.273], [2.187, 2.066]]
['circle', [0.236], [4.37, 0.145]]
['circle', [0.357], [0.897, 3.424]]
['circle', [0.21], [1.512, 1.089]]
['circle', [0.235], [4.972, 3.478]]
['circle', [0.377], [0.03, 2.462]]
['circle', [0.223], [2.268, 3.184]]
num353
start:[3.014, 1.156]
terminal:[4.311, 1.139]
obs num:15
['circle', [0.287], [3.632, 1.375]]
['circle', [0.254], [0.846, 1.497]]
['circle', [0.341], [1.915, 4.666]]
['circle', [0.214], [2.079, 3.562]]
['circle', [0.379], [2.324, 1.158]]
['circle', [0.328], [0.277, 2.977]]
['circle', [0.364], [4.008, 0.153]]
['circle', [0.233], [4.023, 3.18]]
['circle', [0.257], [3.106, 4.011]]
['circle', [0.264], [4.066, 4.128]]
['circle', [0.342], [0.739, 0.145]]
['circle', [0.306], [2.303, 2.659]]
['circle', [0.219], [1.269, 2.844]]
['circle', [0.254], [4.988, 1.503]]
['circle', [0.336], [4.988, 3.327]]
num354
start:[4.846, 1.553]
terminal:[4.2, 4.02]
obs num:15
['circle', [0.325], [0.692, 4.236]]
['circle', [0.296], [4.792, 3.968]]
['circle', [0.217], [1.119, 1.18]]
['circle', [0.246], [2.547, 1.03]]
['circle', [0.222], [3.439, 2.416]]
['circle', [0.207], [2.089, 3.284]]
['circle', [0.285], [4.19, 0.594]]
['circle', [0.324], [3.782, 3.614]]
['circle', [0.308], [2.17, 2.27]]
['circle', [0.35], [4.351, 1.87]]
['circle', [0.29], [0.169, 1.261]]
['circle', [0.314], [4.769, 4.99]]
['circle', [0.321], [2.039, 4.662]]
['circle', [0.374], [0.907, 2.225]]
['circle', [0.22], [2.362, 0.163]]
num355
start:[0.315, 2.628]
terminal:[2.478, 1.953]
obs num:15
['circle', [0.277], [3.323, 4.827]]
['circle', [0.265], [4.535, 0.299]]
['circle', [0.372], [4.857, 5.0]]
['circle', [0.304], [2.579, 0.341]]
['circle', [0.301], [3.668, 1.622]]
['circle', [0.346], [0.64, 0.498]]
['circle', [0.286], [4.24, 3.098]]
['circle', [0.297], [1.269, 4.925]]
['circle', [0.209], [1.523, 3.848]]
['circle', [0.256], [2.668, 3.241]]
['circle', [0.281], [1.832, 1.741]]
['circle', [0.362], [0.34, 1.927]]
['circle', [0.356], [0.565, 3.436]]
['circle', [0.236], [0.081, 4.767]]
['circle', [0.337], [4.643, 2.132]]
num356
start:[3.282, 0.19]
terminal:[2.914, 1.963]
obs num:15
['circle', [0.219], [3.652, 0.403]]
['circle', [0.253], [1.1, 0.366]]
['circle', [0.335], [1.78, 1.789]]
['circle', [0.362], [0.959, 4.25]]
['circle', [0.219], [1.079, 2.783]]
['circle', [0.252], [2.325, 4.39]]
['circle', [0.289], [4.971, 3.875]]
['circle', [0.229], [0.108, 2.726]]
['circle', [0.255], [3.559, 4.142]]
['circle', [0.293], [2.274, 0.88]]
['circle', [0.27], [4.855, 1.664]]
['circle', [0.328], [2.801, 2.487]]
['circle', [0.219], [3.53, 1.353]]
['circle', [0.262], [0.004, 1.622]]
['circle', [0.266], [4.124, 3.072]]
num357
start:[2.622, 3.794]
terminal:[0.87, 4.578]
obs num:15
['circle', [0.345], [4.951, 4.949]]
['circle', [0.234], [2.691, 4.275]]
['circle', [0.235], [0.2, 0.302]]
['circle', [0.228], [0.515, 1.667]]
['circle', [0.291], [1.278, 3.238]]
['circle', [0.237], [3.718, 0.39]]
['circle', [0.229], [4.443, 2.843]]
['circle', [0.378], [0.1, 3.011]]
['circle', [0.277], [3.996, 1.535]]
['circle', [0.209], [1.349, 4.452]]
['circle', [0.343], [2.942, 2.356]]
['circle', [0.316], [4.628, 3.785]]
['circle', [0.375], [4.802, 0.318]]
['circle', [0.349], [1.493, 0.452]]
['circle', [0.26], [2.141, 1.623]]
num358
start:[4.177, 3.321]
terminal:[1.369, 1.992]
obs num:15
['circle', [0.275], [3.029, 1.295]]
['circle', [0.315], [1.381, 1.14]]
['circle', [0.314], [4.201, 0.977]]
['circle', [0.368], [2.66, 0.027]]
['circle', [0.332], [3.112, 3.249]]
['circle', [0.314], [4.337, 2.763]]
['circle', [0.221], [4.608, 4.693]]
['circle', [0.294], [3.542, 4.958]]
['circle', [0.21], [1.369, 0.092]]
['circle', [0.202], [1.261, 3.241]]
['circle', [0.227], [0.642, 4.761]]
['circle', [0.25], [4.984, 1.571]]
['circle', [0.227], [4.943, 0.199]]
['circle', [0.319], [1.741, 4.962]]
['circle', [0.342], [2.656, 4.268]]
num359
start:[3.575, 1.715]
terminal:[3.812, 3.648]
obs num:15
['circle', [0.346], [0.332, 1.661]]
['circle', [0.325], [0.737, 3.692]]
['circle', [0.278], [4.007, 0.153]]
['circle', [0.374], [2.639, 4.36]]
['circle', [0.244], [4.326, 2.499]]
['circle', [0.374], [1.846, 1.848]]
['circle', [0.364], [3.191, 2.531]]
['circle', [0.304], [4.644, 3.669]]
['circle', [0.233], [4.985, 4.777]]
['circle', [0.392], [1.04, 0.062]]
['circle', [0.221], [1.708, 3.817]]
['circle', [0.381], [0.006, 2.749]]
['circle', [0.216], [2.631, 1.07]]
['circle', [0.347], [4.123, 1.238]]
['circle', [0.22], [3.812, 4.128]]
num360
start:[3.308, 0.682]
terminal:[2.135, 2.381]
obs num:15
['circle', [0.369], [2.488, 0.011]]
['circle', [0.251], [1.341, 4.904]]
['circle', [0.314], [1.032, 3.421]]
['circle', [0.302], [2.276, 3.222]]
['circle', [0.218], [4.091, 1.19]]
['circle', [0.303], [3.985, 2.743]]
['circle', [0.206], [2.773, 4.174]]
['circle', [0.23], [1.898, 0.854]]
['circle', [0.396], [0.84, 1.546]]
['circle', [0.337], [4.72, 0.179]]
['circle', [0.215], [3.207, 2.193]]
['circle', [0.309], [1.966, 1.887]]
['circle', [0.222], [0.329, 0.174]]
['circle', [0.344], [4.89, 1.972]]
['circle', [0.209], [0.068, 4.076]]
num361
start:[2.82, 0.311]
terminal:[1.553, 0.541]
obs num:15
['circle', [0.245], [4.636, 3.84]]
['circle', [0.238], [2.489, 2.793]]
['circle', [0.263], [1.203, 2.065]]
['circle', [0.219], [3.273, 2.105]]
['circle', [0.355], [4.665, 0.197]]
['circle', [0.323], [0.352, 1.001]]
['circle', [0.247], [3.531, 0.895]]
['circle', [0.249], [0.269, 2.306]]
['circle', [0.234], [0.097, 4.863]]
['circle', [0.292], [1.102, 4.836]]
['circle', [0.228], [3.84, 4.821]]
['circle', [0.269], [2.578, 1.519]]
['circle', [0.32], [4.156, 1.729]]
['circle', [0.354], [4.962, 2.875]]
['circle', [0.351], [1.199, 3.523]]
num362
start:[4.315, 4.506]
terminal:[2.29, 1.967]
obs num:15
['circle', [0.223], [3.5, 3.297]]
['circle', [0.255], [1.337, 3.287]]
['circle', [0.29], [4.071, 2.147]]
['circle', [0.269], [2.717, 2.365]]
['circle', [0.305], [4.065, 4.986]]
['circle', [0.295], [3.736, 0.814]]
['circle', [0.305], [1.031, 4.311]]
['circle', [0.289], [4.598, 1.289]]
['circle', [0.285], [0.112, 3.406]]
['circle', [0.365], [2.413, 0.534]]
['circle', [0.325], [2.487, 4.322]]
['circle', [0.219], [1.154, 0.522]]
['circle', [0.338], [4.388, 3.783]]
['circle', [0.209], [1.078, 2.24]]
['circle', [0.234], [4.378, 0.124]]
num363
start:[2.198, 2.999]
terminal:[2.868, 4.328]
obs num:15
['circle', [0.355], [0.022, 0.076]]
['circle', [0.278], [4.392, 2.943]]
['circle', [0.339], [2.012, 4.593]]
['circle', [0.392], [4.093, 0.014]]
['circle', [0.287], [0.227, 1.347]]
['circle', [0.277], [0.624, 2.775]]
['circle', [0.33], [2.787, 1.63]]
['circle', [0.301], [3.868, 4.925]]
['circle', [0.291], [0.109, 4.623]]
['circle', [0.265], [2.681, 3.827]]
['circle', [0.204], [4.679, 4.489]]
['circle', [0.263], [3.348, 2.832]]
['circle', [0.385], [1.36, 1.592]]
['circle', [0.298], [1.76, 3.31]]
['circle', [0.388], [4.279, 1.626]]
num364
start:[1.113, 2.469]
terminal:[2.84, 3.455]
obs num:15
['circle', [0.247], [2.881, 0.581]]
['circle', [0.276], [2.237, 2.965]]
['circle', [0.295], [1.888, 0.618]]
['circle', [0.347], [3.446, 3.264]]
['circle', [0.202], [3.481, 1.513]]
['circle', [0.298], [0.249, 2.775]]
['circle', [0.357], [1.327, 4.114]]
['circle', [0.248], [0.204, 3.839]]
['circle', [0.236], [4.139, 0.039]]
['circle', [0.353], [4.42, 1.097]]
['circle', [0.324], [0.768, 0.868]]
['circle', [0.331], [2.572, 4.477]]
['circle', [0.314], [4.965, 4.704]]
['circle', [0.252], [4.384, 2.798]]
['circle', [0.318], [1.772, 1.656]]
num365
start:[0.263, 3.855]
terminal:[4.433, 0.282]
obs num:15
['circle', [0.29], [3.801, 4.847]]
['circle', [0.29], [4.585, 0.777]]
['circle', [0.239], [2.182, 3.089]]
['circle', [0.266], [4.985, 1.996]]
['circle', [0.391], [3.354, 3.118]]
['circle', [0.336], [0.713, 1.001]]
['circle', [0.4], [3.09, 1.202]]
['circle', [0.287], [0.366, 2.968]]
['circle', [0.323], [1.825, 1.657]]
['circle', [0.38], [2.261, 4.917]]
['circle', [0.391], [4.77, 3.984]]
['circle', [0.24], [2.285, 0.333]]
['circle', [0.231], [0.56, 4.941]]
['circle', [0.316], [3.723, 0.119]]
['circle', [0.267], [0.072, 2.019]]
num366
start:[0.691, 0.563]
terminal:[2.526, 3.729]
obs num:15
['circle', [0.255], [1.796, 3.919]]
['circle', [0.224], [0.533, 2.467]]
['circle', [0.319], [4.238, 0.039]]
['circle', [0.2], [2.928, 2.262]]
['circle', [0.282], [3.376, 3.643]]
['circle', [0.332], [1.989, 0.5]]
['circle', [0.288], [2.713, 4.723]]
['circle', [0.239], [4.93, 4.692]]
['circle', [0.278], [3.783, 1.566]]
['circle', [0.284], [0.963, 4.904]]
['circle', [0.346], [4.517, 3.345]]
['circle', [0.218], [2.081, 1.736]]
['circle', [0.293], [3.041, 0.185]]
['circle', [0.236], [4.81, 1.833]]
['circle', [0.2], [0.043, 3.287]]
num367
start:[2.469, 1.879]
terminal:[0.453, 0.619]
obs num:15
['circle', [0.267], [0.064, 1.048]]
['circle', [0.253], [4.581, 0.674]]
['circle', [0.3], [3.178, 3.255]]
['circle', [0.212], [1.587, 3.716]]
['circle', [0.291], [1.134, 0.309]]
['circle', [0.298], [3.352, 1.214]]
['circle', [0.306], [2.41, 0.523]]
['circle', [0.205], [3.937, 4.086]]
['circle', [0.216], [1.692, 1.161]]
['circle', [0.384], [4.85, 3.289]]
['circle', [0.331], [1.659, 2.308]]
['circle', [0.242], [4.514, 1.737]]
['circle', [0.307], [0.761, 4.7]]
['circle', [0.292], [2.799, 4.571]]
['circle', [0.382], [0.143, 3.753]]
num368
start:[2.824, 3.712]
terminal:[3.949, 2.279]
obs num:15
['circle', [0.288], [4.621, 4.77]]
['circle', [0.262], [3.846, 3.164]]
['circle', [0.394], [3.484, 1.219]]
['circle', [0.28], [0.113, 4.547]]
['circle', [0.388], [0.908, 1.187]]
['circle', [0.276], [1.109, 2.766]]
['circle', [0.308], [0.583, 3.622]]
['circle', [0.21], [1.958, 3.765]]
['circle', [0.345], [4.974, 1.008]]
['circle', [0.392], [2.644, 2.422]]
['circle', [0.234], [0.188, 0.461]]
['circle', [0.349], [3.396, 4.667]]
['circle', [0.24], [4.91, 3.67]]
['circle', [0.332], [2.463, 0.528]]
['circle', [0.357], [0.005, 2.07]]
num369
start:[4.45, 2.383]
terminal:[0.471, 4.435]
obs num:15
['circle', [0.222], [4.135, 0.395]]
['circle', [0.222], [1.597, 0.645]]
['circle', [0.253], [3.594, 1.805]]
['circle', [0.295], [0.587, 3.771]]
['circle', [0.205], [0.11, 2.811]]
['circle', [0.221], [4.79, 4.685]]
['circle', [0.297], [2.52, 0.717]]
['circle', [0.366], [2.318, 4.802]]
['circle', [0.394], [1.825, 1.757]]
['circle', [0.216], [2.034, 3.563]]
['circle', [0.296], [0.036, 1.391]]
['circle', [0.389], [3.404, 3.383]]
['circle', [0.237], [3.835, 4.372]]
['circle', [0.226], [4.891, 1.604]]
['circle', [0.226], [4.896, 3.535]]
num370
start:[2.306, 3.89]
terminal:[1.874, 1.93]
obs num:15
['circle', [0.234], [4.439, 2.791]]
['circle', [0.201], [2.68, 4.718]]
['circle', [0.278], [4.663, 1.574]]
['circle', [0.252], [3.386, 1.681]]
['circle', [0.298], [1.767, 0.578]]
['circle', [0.219], [2.973, 3.597]]
['circle', [0.244], [0.333, 1.581]]
['circle', [0.218], [4.724, 0.089]]
['circle', [0.348], [0.931, 3.54]]
['circle', [0.236], [3.491, 4.333]]
['circle', [0.396], [4.898, 4.605]]
['circle', [0.38], [2.903, 0.591]]
['circle', [0.384], [1.258, 2.211]]
['circle', [0.24], [2.876, 2.645]]
['circle', [0.303], [0.194, 2.706]]
num371
start:[0.786, 2.522]
terminal:[3.91, 1.965]
obs num:15
['circle', [0.288], [0.178, 4.741]]
['circle', [0.354], [0.351, 1.784]]
['circle', [0.27], [4.979, 0.409]]
['circle', [0.338], [0.051, 0.535]]
['circle', [0.298], [3.573, 4.271]]
['circle', [0.206], [4.912, 2.7]]
['circle', [0.211], [3.084, 1.996]]
['circle', [0.311], [1.394, 2.23]]
['circle', [0.361], [1.422, 1.035]]
['circle', [0.267], [4.432, 4.795]]
['circle', [0.322], [1.822, 3.936]]
['circle', [0.228], [2.76, 3.687]]
['circle', [0.344], [3.805, 0.632]]
['circle', [0.395], [0.072, 3.511]]
['circle', [0.252], [2.583, 0.697]]
num372
start:[4.632, 2.883]
terminal:[1.434, 1.7]
obs num:15
['circle', [0.262], [2.67, 4.773]]
['circle', [0.326], [4.59, 1.248]]
['circle', [0.326], [4.406, 3.893]]
['circle', [0.228], [0.813, 3.949]]
['circle', [0.352], [1.366, 2.395]]
['circle', [0.223], [3.206, 2.746]]
['circle', [0.265], [0.024, 1.514]]
['circle', [0.222], [2.444, 0.753]]
['circle', [0.297], [2.604, 1.906]]
['circle', [0.255], [1.359, 1.182]]
['circle', [0.278], [0.988, 4.934]]
['circle', [0.335], [2.121, 3.875]]
['circle', [0.291], [4.201, 0.205]]
['circle', [0.293], [0.541, 0.623]]
['circle', [0.377], [0.057, 2.725]]
num373
start:[2.489, 0.96]
terminal:[0.971, 3.941]
obs num:15
['circle', [0.224], [0.101, 4.662]]
['circle', [0.315], [0.9, 0.333]]
['circle', [0.277], [4.783, 1.789]]
['circle', [0.204], [4.09, 3.343]]
['circle', [0.351], [3.402, 0.205]]
['circle', [0.364], [0.083, 1.659]]
['circle', [0.217], [4.969, 0.557]]
['circle', [0.332], [3.651, 4.376]]
['circle', [0.357], [3.249, 2.643]]
['circle', [0.358], [1.413, 3.497]]
['circle', [0.277], [1.352, 2.205]]
['circle', [0.226], [4.704, 4.127]]
['circle', [0.22], [4.012, 1.005]]
['circle', [0.21], [0.226, 3.689]]
['circle', [0.263], [1.207, 1.268]]
num374
start:[1.419, 2.015]
terminal:[4.139, 4.526]
obs num:15
['circle', [0.273], [1.961, 4.882]]
['circle', [0.274], [4.108, 0.054]]
['circle', [0.213], [0.07, 2.406]]
['circle', [0.354], [3.884, 2.74]]
['circle', [0.322], [4.201, 3.913]]
['circle', [0.297], [1.195, 1.09]]
['circle', [0.22], [1.672, 3.313]]
['circle', [0.291], [0.36, 4.527]]
['circle', [0.245], [2.495, 2.988]]
['circle', [0.22], [2.136, 0.737]]
['circle', [0.322], [4.95, 4.888]]
['circle', [0.384], [4.937, 1.351]]
['circle', [0.26], [3.008, 1.168]]
['circle', [0.223], [1.0, 2.169]]
['circle', [0.381], [0.425, 3.345]]
num375
start:[3.853, 3.86]
terminal:[3.461, 3.286]
obs num:15
['circle', [0.249], [1.929, 1.736]]
['circle', [0.332], [4.508, 2.769]]
['circle', [0.377], [1.667, 3.359]]
['circle', [0.39], [0.401, 1.733]]
['circle', [0.296], [0.675, 4.251]]
['circle', [0.269], [3.288, 2.52]]
['circle', [0.385], [2.793, 3.796]]
['circle', [0.242], [4.789, 0.039]]
['circle', [0.213], [4.706, 4.726]]
['circle', [0.292], [2.899, 0.886]]
['circle', [0.254], [3.731, 0.244]]
['circle', [0.211], [2.232, 0.151]]
['circle', [0.274], [2.683, 4.857]]
['circle', [0.247], [1.348, 0.337]]
['circle', [0.239], [4.52, 1.589]]
num376
start:[1.68, 0.767]
terminal:[1.138, 2.806]
obs num:15
['circle', [0.346], [4.012, 3.899]]
['circle', [0.34], [0.12, 0.235]]
['circle', [0.385], [3.092, 4.857]]
['circle', [0.346], [4.668, 1.712]]
['circle', [0.356], [2.513, 0.771]]
['circle', [0.218], [4.875, 0.042]]
['circle', [0.329], [0.718, 1.206]]
['circle', [0.277], [0.816, 3.77]]
['circle', [0.362], [2.525, 2.444]]
['circle', [0.325], [1.976, 4.963]]
['circle', [0.358], [3.859, 2.494]]
['circle', [0.315], [3.799, 0.158]]
['circle', [0.319], [3.452, 1.39]]
['circle', [0.251], [4.817, 4.888]]
['circle', [0.222], [0.247, 2.876]]
num377
start:[2.768, 1.23]
terminal:[4.727, 1.287]
obs num:15
['circle', [0.275], [2.092, 3.758]]
['circle', [0.259], [3.627, 4.944]]
['circle', [0.228], [1.135, 3.801]]
['circle', [0.266], [4.073, 2.179]]
['circle', [0.225], [3.658, 3.221]]
['circle', [0.231], [0.539, 1.773]]
['circle', [0.372], [2.179, 1.59]]
['circle', [0.257], [3.517, 0.24]]
['circle', [0.312], [0.225, 4.42]]
['circle', [0.3], [4.707, 0.56]]
['circle', [0.264], [0.795, 0.035]]
['circle', [0.297], [4.99, 4.421]]
['circle', [0.225], [3.845, 1.242]]
['circle', [0.288], [0.103, 3.152]]
['circle', [0.312], [2.765, 2.631]]
num378
start:[1.969, 0.236]
terminal:[3.338, 1.117]
obs num:15
['circle', [0.201], [2.368, 4.626]]
['circle', [0.225], [2.403, 3.763]]
['circle', [0.284], [1.456, 1.876]]
['circle', [0.271], [0.754, 4.952]]
['circle', [0.212], [4.001, 4.699]]
['circle', [0.209], [4.753, 0.68]]
['circle', [0.263], [0.747, 0.381]]
['circle', [0.21], [0.165, 1.976]]
['circle', [0.322], [1.469, 3.941]]
['circle', [0.283], [4.639, 1.903]]
['circle', [0.219], [4.8, 3.241]]
['circle', [0.356], [2.25, 1.097]]
['circle', [0.274], [3.981, 2.795]]
['circle', [0.293], [3.462, 3.906]]
['circle', [0.297], [0.019, 3.802]]
num379
start:[3.778, 3.277]
terminal:[4.456, 3.737]
obs num:15
['circle', [0.387], [2.778, 2.444]]
['circle', [0.269], [2.104, 0.802]]
['circle', [0.265], [2.355, 3.466]]
['circle', [0.297], [4.793, 2.214]]
['circle', [0.396], [0.54, 1.501]]
['circle', [0.209], [3.392, 4.484]]
['circle', [0.301], [1.819, 4.889]]
['circle', [0.357], [0.077, 3.269]]
['circle', [0.384], [1.073, 0.388]]
['circle', [0.327], [3.98, 1.292]]
['circle', [0.258], [3.849, 0.211]]
['circle', [0.207], [4.159, 3.08]]
['circle', [0.334], [4.381, 4.659]]
['circle', [0.303], [1.447, 2.391]]
['circle', [0.369], [0.694, 4.819]]
num380
start:[4.796, 0.928]
terminal:[2.781, 3.805]
obs num:15
['circle', [0.332], [4.915, 3.652]]
['circle', [0.321], [2.168, 1.926]]
['circle', [0.322], [3.708, 1.59]]
['circle', [0.225], [1.143, 1.427]]
['circle', [0.355], [2.223, 3.882]]
['circle', [0.262], [3.069, 2.439]]
['circle', [0.284], [3.731, 0.058]]
['circle', [0.366], [0.313, 0.857]]
['circle', [0.221], [4.748, 1.801]]
['circle', [0.265], [3.398, 4.642]]
['circle', [0.37], [0.038, 3.44]]
['circle', [0.215], [2.757, 0.171]]
['circle', [0.267], [4.465, 4.77]]
['circle', [0.347], [0.698, 4.79]]
['circle', [0.208], [1.714, 4.731]]
num381
start:[3.108, 1.036]
terminal:[2.003, 2.254]
obs num:15
['circle', [0.321], [1.766, 0.029]]
['circle', [0.31], [3.106, 4.816]]
['circle', [0.353], [1.775, 1.522]]
['circle', [0.368], [3.192, 0.424]]
['circle', [0.319], [0.213, 0.036]]
['circle', [0.319], [4.119, 1.096]]
['circle', [0.391], [3.764, 3.439]]
['circle', [0.261], [3.83, 2.133]]
['circle', [0.396], [1.58, 4.061]]
['circle', [0.237], [2.497, 3.459]]
['circle', [0.28], [0.184, 4.131]]
['circle', [0.281], [0.096, 2.519]]
['circle', [0.286], [4.813, 2.57]]
['circle', [0.247], [1.607, 2.591]]
['circle', [0.253], [4.48, 4.279]]
num382
start:[2.071, 0.98]
terminal:[3.106, 1.344]
obs num:15
['circle', [0.239], [0.483, 0.978]]
['circle', [0.228], [3.251, 1.769]]
['circle', [0.384], [2.295, 3.402]]
['circle', [0.277], [2.41, 0.289]]
['circle', [0.202], [4.455, 2.425]]
['circle', [0.248], [3.857, 3.73]]
['circle', [0.232], [0.971, 3.591]]
['circle', [0.27], [1.76, 4.463]]
['circle', [0.206], [0.269, 2.84]]
['circle', [0.394], [4.138, 0.065]]
['circle', [0.236], [3.585, 4.94]]
['circle', [0.349], [0.296, 4.54]]
['circle', [0.343], [1.497, 2.042]]
['circle', [0.219], [3.34, 2.696]]
['circle', [0.246], [4.877, 3.911]]
num383
start:[1.39, 3.937]
terminal:[0.392, 1.0]
obs num:15
['circle', [0.323], [4.353, 1.474]]
['circle', [0.208], [0.743, 1.235]]
['circle', [0.387], [1.093, 2.313]]
['circle', [0.261], [3.839, 4.25]]
['circle', [0.398], [0.711, 4.542]]
['circle', [0.26], [1.861, 4.701]]
['circle', [0.23], [2.283, 2.723]]
['circle', [0.327], [4.219, 0.14]]
['circle', [0.238], [4.971, 2.879]]
['circle', [0.225], [3.512, 2.23]]
['circle', [0.377], [0.016, 2.959]]
['circle', [0.347], [2.74, 0.997]]
['circle', [0.205], [2.931, 4.085]]
['circle', [0.325], [0.545, 0.166]]
['circle', [0.225], [1.495, 0.11]]
num384
start:[2.362, 4.184]
terminal:[3.847, 2.73]
obs num:15
['circle', [0.228], [3.482, 3.22]]
['circle', [0.262], [1.795, 2.637]]
['circle', [0.23], [0.298, 3.763]]
['circle', [0.365], [2.826, 4.571]]
['circle', [0.304], [1.119, 0.97]]
['circle', [0.355], [2.933, 1.114]]
['circle', [0.333], [4.348, 4.489]]
['circle', [0.276], [1.302, 4.621]]
['circle', [0.247], [4.004, 1.644]]
['circle', [0.317], [2.399, 0.183]]
['circle', [0.339], [4.312, 0.512]]
['circle', [0.292], [0.702, 2.747]]
['circle', [0.345], [0.04, 4.889]]
['circle', [0.349], [4.911, 3.471]]
['circle', [0.259], [0.184, 1.527]]
num385
start:[1.902, 0.452]
terminal:[1.337, 2.191]
obs num:15
['circle', [0.32], [0.7, 0.021]]
['circle', [0.237], [0.983, 2.633]]
['circle', [0.246], [4.948, 1.715]]
['circle', [0.225], [4.827, 0.572]]
['circle', [0.387], [3.682, 0.544]]
['circle', [0.381], [2.3, 4.83]]
['circle', [0.371], [0.232, 4.56]]
['circle', [0.348], [2.49, 2.552]]
['circle', [0.375], [1.358, 0.955]]
['circle', [0.372], [4.681, 2.888]]
['circle', [0.217], [4.758, 4.034]]
['circle', [0.348], [0.202, 3.236]]
['circle', [0.394], [3.579, 3.372]]
['circle', [0.321], [2.229, 3.596]]
['circle', [0.266], [3.015, 1.639]]
num386
start:[4.379, 0.351]
terminal:[0.512, 0.328]
obs num:15
['circle', [0.239], [4.027, 1.542]]
['circle', [0.295], [3.32, 3.462]]
['circle', [0.262], [1.771, 2.975]]
['circle', [0.229], [1.114, 0.754]]
['circle', [0.209], [2.634, 4.532]]
['circle', [0.39], [0.785, 2.435]]
['circle', [0.304], [1.336, 4.878]]
['circle', [0.365], [2.29, 1.742]]
['circle', [0.362], [3.116, 0.365]]
['circle', [0.315], [0.859, 3.59]]
['circle', [0.276], [4.916, 0.768]]
['circle', [0.274], [4.172, 4.314]]
['circle', [0.289], [4.949, 1.768]]
['circle', [0.293], [3.447, 2.39]]
['circle', [0.36], [4.715, 2.859]]
num387
start:[2.102, 3.291]
terminal:[3.259, 0.193]
obs num:15
['circle', [0.256], [1.932, 0.078]]
['circle', [0.318], [1.798, 4.131]]
['circle', [0.271], [3.71, 3.98]]
['circle', [0.271], [0.548, 1.191]]
['circle', [0.264], [2.176, 1.671]]
['circle', [0.397], [1.089, 2.499]]
['circle', [0.345], [4.958, 2.486]]
['circle', [0.341], [3.581, 0.78]]
['circle', [0.212], [4.065, 2.918]]
['circle', [0.342], [4.622, 1.118]]
['circle', [0.27], [3.418, 2.104]]
['circle', [0.222], [0.021, 0.239]]
['circle', [0.237], [2.965, 3.014]]
['circle', [0.258], [4.492, 0.124]]
['circle', [0.283], [2.846, 4.923]]
num388
start:[2.992, 1.917]
terminal:[2.143, 4.68]
obs num:15
['circle', [0.307], [0.401, 3.721]]
['circle', [0.303], [4.165, 1.681]]
['circle', [0.256], [2.549, 1.766]]
['circle', [0.306], [1.895, 4.045]]
['circle', [0.378], [1.684, 0.891]]
['circle', [0.353], [2.824, 0.047]]
['circle', [0.381], [0.015, 0.881]]
['circle', [0.384], [3.292, 2.925]]
['circle', [0.398], [4.763, 2.949]]
['circle', [0.203], [3.222, 4.5]]
['circle', [0.218], [1.883, 3.082]]
['circle', [0.253], [4.097, 0.335]]
['circle', [0.244], [1.59, 2.126]]
['circle', [0.272], [4.327, 4.809]]
['circle', [0.274], [0.45, 4.947]]
num389
start:[1.223, 4.029]
terminal:[2.701, 3.679]
obs num:15
['circle', [0.307], [0.608, 2.32]]
['circle', [0.219], [3.897, 4.171]]
['circle', [0.235], [3.181, 0.49]]
['circle', [0.317], [4.944, 4.26]]
['circle', [0.323], [0.051, 0.227]]
['circle', [0.251], [1.999, 1.016]]
['circle', [0.212], [1.802, 4.841]]
['circle', [0.247], [4.787, 3.168]]
['circle', [0.212], [3.401, 3.314]]
['circle', [0.336], [4.775, 0.148]]
['circle', [0.203], [1.7, 2.105]]
['circle', [0.346], [4.168, 1.771]]
['circle', [0.222], [2.169, 3.182]]
['circle', [0.351], [0.159, 3.68]]
['circle', [0.224], [0.708, 1.178]]
num390
start:[4.706, 3.75]
terminal:[2.361, 2.482]
obs num:15
['circle', [0.335], [3.094, 1.927]]
['circle', [0.327], [2.751, 4.235]]
['circle', [0.307], [0.871, 2.398]]
['circle', [0.237], [1.838, 0.417]]
['circle', [0.346], [4.05, 3.241]]
['circle', [0.271], [1.179, 4.348]]
['circle', [0.377], [4.252, 0.025]]
['circle', [0.356], [4.958, 1.372]]
['circle', [0.219], [1.947, 1.57]]
['circle', [0.341], [0.411, 3.549]]
['circle', [0.298], [4.442, 4.386]]
['circle', [0.277], [3.078, 0.775]]
['circle', [0.236], [1.465, 3.299]]
['circle', [0.304], [0.466, 0.725]]
['circle', [0.246], [1.998, 4.871]]
num391
start:[4.631, 0.637]
terminal:[1.275, 1.285]
obs num:15
['circle', [0.251], [0.091, 4.838]]
['circle', [0.366], [4.654, 2.224]]
['circle', [0.317], [0.432, 2.16]]
['circle', [0.222], [0.245, 3.482]]
['circle', [0.35], [1.943, 3.892]]
['circle', [0.234], [1.975, 0.306]]
['circle', [0.244], [3.129, 2.009]]
['circle', [0.248], [1.279, 2.938]]
['circle', [0.338], [1.945, 1.514]]
['circle', [0.28], [3.063, 3.279]]
['circle', [0.259], [3.926, 1.219]]
['circle', [0.376], [4.215, 3.297]]
['circle', [0.37], [0.709, 0.757]]
['circle', [0.233], [0.929, 4.076]]
['circle', [0.272], [2.536, 4.764]]
num392
start:[1.261, 3.041]
terminal:[1.055, 1.33]
obs num:15
['circle', [0.38], [4.748, 4.876]]
['circle', [0.358], [2.857, 2.236]]
['circle', [0.207], [1.941, 1.289]]
['circle', [0.209], [1.538, 4.986]]
['circle', [0.366], [4.481, 2.031]]
['circle', [0.314], [0.18, 0.263]]
['circle', [0.221], [3.893, 0.61]]
['circle', [0.282], [1.202, 4.106]]
['circle', [0.268], [3.212, 3.911]]
['circle', [0.263], [0.022, 4.396]]
['circle', [0.267], [2.421, 4.704]]
['circle', [0.312], [4.61, 3.296]]
['circle', [0.269], [3.675, 4.776]]
['circle', [0.216], [2.752, 1.052]]
['circle', [0.209], [0.534, 1.722]]
num393
start:[2.595, 0.183]
terminal:[3.19, 4.708]
obs num:15
['circle', [0.331], [1.85, 0.33]]
['circle', [0.223], [4.247, 1.314]]
['circle', [0.399], [2.322, 3.89]]
['circle', [0.338], [2.705, 1.384]]
['circle', [0.328], [4.494, 4.227]]
['circle', [0.311], [0.447, 2.71]]
['circle', [0.225], [2.773, 4.884]]
['circle', [0.373], [3.696, 2.828]]
['circle', [0.211], [1.367, 2.793]]
['circle', [0.23], [4.055, 0.397]]
['circle', [0.384], [0.498, 4.813]]
['circle', [0.296], [0.004, 0.305]]
['circle', [0.241], [3.148, 0.109]]
['circle', [0.376], [1.424, 1.688]]
['circle', [0.248], [2.365, 2.574]]
num394
start:[4.543, 0.6]
terminal:[3.128, 1.89]
obs num:15
['circle', [0.24], [1.549, 4.981]]
['circle', [0.38], [2.228, 2.79]]
['circle', [0.316], [0.942, 1.142]]
['circle', [0.321], [1.069, 4.058]]
['circle', [0.382], [3.949, 1.7]]
['circle', [0.232], [0.26, 3.542]]
['circle', [0.224], [3.606, 0.441]]
['circle', [0.307], [4.073, 3.057]]
['circle', [0.27], [3.17, 4.225]]
['circle', [0.273], [2.772, 1.392]]
['circle', [0.359], [4.761, 4.576]]
['circle', [0.222], [0.41, 2.496]]
['circle', [0.329], [1.952, 0.561]]
['circle', [0.28], [0.311, 4.917]]
['circle', [0.241], [0.975, 0.079]]
num395
start:[3.82, 2.874]
terminal:[2.149, 0.72]
obs num:15
['circle', [0.332], [2.122, 4.13]]
['circle', [0.259], [2.641, 0.833]]
['circle', [0.272], [2.765, 2.047]]
['circle', [0.3], [1.396, 2.467]]
['circle', [0.239], [0.05, 0.501]]
['circle', [0.276], [2.363, 2.936]]
['circle', [0.295], [4.85, 4.595]]
['circle', [0.228], [3.504, 3.446]]
['circle', [0.376], [4.559, 2.184]]
['circle', [0.289], [0.745, 1.721]]
['circle', [0.332], [3.541, 4.959]]
['circle', [0.386], [4.302, 0.66]]
['circle', [0.241], [2.235, 0.026]]
['circle', [0.212], [0.228, 4.401]]
['circle', [0.341], [0.421, 3.332]]
num396
start:[1.653, 4.302]
terminal:[4.55, 1.922]
obs num:15
['circle', [0.268], [4.451, 3.263]]
['circle', [0.261], [3.737, 0.548]]
['circle', [0.326], [1.815, 3.376]]
['circle', [0.229], [2.06, 4.526]]
['circle', [0.283], [3.233, 2.754]]
['circle', [0.244], [2.228, 0.717]]
['circle', [0.335], [3.061, 4.144]]
['circle', [0.375], [0.38, 3.07]]
['circle', [0.397], [0.579, 1.688]]
['circle', [0.337], [4.849, 0.718]]
['circle', [0.216], [1.209, 4.823]]
['circle', [0.395], [4.492, 4.766]]
['circle', [0.344], [3.949, 1.658]]
['circle', [0.331], [2.424, 2.015]]
['circle', [0.202], [0.738, 4.032]]
num397
start:[1.809, 4.515]
terminal:[4.626, 4.753]
obs num:15
['circle', [0.243], [1.082, 0.092]]
['circle', [0.343], [0.263, 4.114]]
['circle', [0.277], [0.834, 1.356]]
['circle', [0.314], [3.793, 2.351]]
['circle', [0.317], [2.718, 2.781]]
['circle', [0.364], [3.981, 0.419]]
['circle', [0.34], [0.009, 2.421]]
['circle', [0.36], [2.384, 1.216]]
['circle', [0.299], [4.073, 4.248]]
['circle', [0.213], [2.852, 3.834]]
['circle', [0.331], [1.558, 3.948]]
['circle', [0.319], [4.725, 3.309]]
['circle', [0.351], [4.84, 1.211]]
['circle', [0.36], [2.748, 4.95]]
['circle', [0.353], [1.288, 2.802]]
num398
start:[0.684, 3.035]
terminal:[2.351, 1.032]
obs num:15
['circle', [0.238], [2.046, 0.046]]
['circle', [0.256], [3.916, 2.989]]
['circle', [0.297], [4.716, 4.973]]
['circle', [0.399], [4.914, 1.989]]
['circle', [0.353], [0.966, 2.261]]
['circle', [0.204], [2.31, 1.999]]
['circle', [0.272], [2.365, 3.772]]
['circle', [0.343], [0.202, 4.431]]
['circle', [0.265], [4.647, 0.663]]
['circle', [0.21], [1.255, 4.561]]
['circle', [0.229], [3.632, 4.619]]
['circle', [0.295], [4.641, 3.783]]
['circle', [0.228], [0.527, 0.93]]
['circle', [0.221], [3.075, 0.076]]
['circle', [0.375], [3.583, 1.684]]
num399
start:[0.784, 3.507]
terminal:[2.334, 2.187]
obs num:15
['circle', [0.204], [3.326, 3.786]]
['circle', [0.241], [0.511, 2.37]]
['circle', [0.326], [4.039, 3.147]]
['circle', [0.257], [2.326, 0.166]]
['circle', [0.332], [4.792, 4.339]]
['circle', [0.243], [3.518, 0.613]]
['circle', [0.32], [1.111, 4.013]]
['circle', [0.24], [0.001, 1.443]]
['circle', [0.203], [2.23, 3.957]]
['circle', [0.397], [4.689, 1.171]]
['circle', [0.374], [1.13, 0.69]]
['circle', [0.287], [3.304, 4.816]]
['circle', [0.271], [3.429, 1.554]]
['circle', [0.334], [4.952, 2.544]]
['circle', [0.348], [0.098, 4.993]]
num400
start:[4.701, 3.253]
terminal:[0.31, 1.303]
obs num:15
['circle', [0.201], [0.128, 0.268]]
['circle', [0.22], [1.247, 0.874]]
['circle', [0.391], [0.231, 3.393]]
['circle', [0.278], [2.244, 4.584]]
['circle', [0.208], [4.74, 3.876]]
['circle', [0.265], [4.091, 3.257]]
['circle', [0.344], [3.208, 1.773]]
['circle', [0.395], [0.417, 4.579]]
['circle', [0.202], [4.086, 4.504]]
['circle', [0.233], [0.777, 2.424]]
['circle', [0.324], [2.152, 2.377]]
['circle', [0.374], [4.661, 1.763]]
['circle', [0.311], [3.048, 3.001]]
['circle', [0.261], [3.262, 0.253]]
['circle', [0.234], [3.359, 4.041]]
num401
start:[2.499, 2.444]
terminal:[2.287, 3.498]
obs num:15
['circle', [0.382], [2.272, 0.622]]
['circle', [0.381], [4.109, 2.236]]
['circle', [0.384], [0.261, 0.136]]
['circle', [0.203], [4.356, 0.511]]
['circle', [0.253], [4.419, 4.966]]
['circle', [0.366], [0.044, 1.342]]
['circle', [0.368], [1.09, 3.597]]
['circle', [0.283], [1.392, 2.001]]
['circle', [0.21], [1.982, 4.415]]
['circle', [0.299], [0.143, 2.712]]
['circle', [0.389], [4.041, 3.786]]
['circle', [0.205], [3.125, 2.498]]
['circle', [0.229], [3.141, 1.56]]
['circle', [0.224], [4.931, 1.241]]
['circle', [0.372], [0.96, 4.9]]
num402
start:[0.2, 4.602]
terminal:[4.148, 2.863]
obs num:15
['circle', [0.226], [2.972, 4.215]]
['circle', [0.268], [4.856, 2.163]]
['circle', [0.333], [1.876, 3.46]]
['circle', [0.207], [0.285, 0.362]]
['circle', [0.261], [4.465, 0.874]]
['circle', [0.218], [2.363, 1.929]]
['circle', [0.332], [3.768, 3.242]]
['circle', [0.223], [0.208, 3.341]]
['circle', [0.227], [3.289, 0.948]]
['circle', [0.291], [1.964, 0.571]]
['circle', [0.332], [0.399, 1.625]]
['circle', [0.231], [3.551, 1.796]]
['circle', [0.398], [3.924, 4.894]]
['circle', [0.326], [0.747, 4.792]]
['circle', [0.298], [4.856, 4.13]]
num403
start:[3.381, 3.931]
terminal:[3.806, 2.056]
obs num:15
['circle', [0.351], [2.021, 4.622]]
['circle', [0.309], [3.865, 0.862]]
['circle', [0.34], [0.847, 4.979]]
['circle', [0.297], [2.259, 0.401]]
['circle', [0.353], [0.891, 1.422]]
['circle', [0.237], [2.758, 2.882]]
['circle', [0.269], [1.38, 3.628]]
['circle', [0.329], [4.799, 4.35]]
['circle', [0.304], [0.297, 0.121]]
['circle', [0.323], [2.946, 1.509]]
['circle', [0.368], [4.874, 0.149]]
['circle', [0.263], [3.764, 4.632]]
['circle', [0.343], [0.382, 3.263]]
['circle', [0.215], [1.959, 2.223]]
['circle', [0.289], [4.788, 1.815]]
num404
start:[2.975, 0.298]
terminal:[4.256, 1.107]
obs num:15
['circle', [0.249], [3.964, 3.269]]
['circle', [0.355], [2.042, 2.82]]
['circle', [0.298], [2.345, 4.559]]
['circle', [0.247], [0.679, 3.213]]
['circle', [0.361], [1.345, 1.468]]
['circle', [0.338], [2.303, 0.861]]
['circle', [0.208], [0.251, 1.739]]
['circle', [0.364], [4.049, 4.396]]
['circle', [0.221], [1.11, 0.343]]
['circle', [0.337], [4.077, 0.284]]
['circle', [0.394], [3.782, 1.71]]
['circle', [0.2], [1.371, 4.702]]
['circle', [0.353], [4.913, 2.214]]
['circle', [0.223], [0.141, 0.449]]
['circle', [0.224], [0.029, 2.61]]
num405
start:[0.153, 3.344]
terminal:[4.249, 0.313]
obs num:15
['circle', [0.218], [3.119, 3.571]]
['circle', [0.366], [1.703, 0.117]]
['circle', [0.305], [2.064, 2.22]]
['circle', [0.376], [4.854, 4.955]]
['circle', [0.386], [2.094, 4.807]]
['circle', [0.235], [3.471, 0.885]]
['circle', [0.385], [0.649, 2.667]]
['circle', [0.32], [0.377, 4.318]]
['circle', [0.299], [4.841, 1.654]]
['circle', [0.302], [3.782, 1.81]]
['circle', [0.353], [0.713, 0.885]]
['circle', [0.206], [4.746, 3.831]]
['circle', [0.373], [4.906, 0.337]]
['circle', [0.333], [4.019, 2.945]]
['circle', [0.221], [2.614, 0.921]]
num406
start:[0.701, 2.609]
terminal:[0.819, 4.198]
obs num:15
['circle', [0.207], [3.752, 4.722]]
['circle', [0.39], [3.22, 1.674]]
['circle', [0.326], [1.533, 0.153]]
['circle', [0.226], [0.929, 1.452]]
['circle', [0.253], [3.93, 3.223]]
['circle', [0.237], [2.061, 1.248]]
['circle', [0.373], [2.459, 4.251]]
['circle', [0.282], [1.92, 3.013]]
['circle', [0.336], [0.015, 0.168]]
['circle', [0.299], [4.121, 0.882]]
['circle', [0.334], [4.815, 4.189]]
['circle', [0.375], [4.691, 2.012]]
['circle', [0.294], [0.133, 3.574]]
['circle', [0.249], [2.718, 0.065]]
['circle', [0.285], [0.255, 4.958]]
num407
start:[4.277, 0.459]
terminal:[3.165, 1.431]
obs num:15
['circle', [0.251], [0.105, 1.821]]
['circle', [0.218], [3.953, 4.529]]
['circle', [0.2], [0.908, 2.937]]
['circle', [0.292], [0.104, 3.496]]
['circle', [0.236], [3.81, 3.392]]
['circle', [0.335], [2.21, 4.811]]
['circle', [0.295], [3.729, 1.775]]
['circle', [0.236], [0.738, 4.754]]
['circle', [0.236], [4.847, 4.391]]
['circle', [0.255], [2.669, 0.218]]
['circle', [0.373], [2.696, 3.066]]
['circle', [0.209], [4.619, 1.152]]
['circle', [0.239], [0.796, 1.258]]
['circle', [0.38], [1.857, 1.368]]
['circle', [0.368], [0.035, 0.541]]
num408
start:[4.667, 2.421]
terminal:[0.517, 3.645]
obs num:15
['circle', [0.203], [1.5, 3.761]]
['circle', [0.255], [1.614, 0.093]]
['circle', [0.369], [4.708, 4.894]]
['circle', [0.373], [3.893, 1.814]]
['circle', [0.221], [2.394, 4.847]]
['circle', [0.294], [3.536, 4.121]]
['circle', [0.253], [0.205, 1.039]]
['circle', [0.362], [2.448, 0.803]]
['circle', [0.233], [2.332, 3.326]]
['circle', [0.364], [0.206, 4.305]]
['circle', [0.316], [2.516, 1.908]]
['circle', [0.368], [4.283, 0.39]]
['circle', [0.22], [0.128, 2.034]]
['circle', [0.31], [1.052, 2.314]]
['circle', [0.218], [1.266, 1.096]]
num409
start:[3.339, 3.383]
terminal:[0.819, 0.985]
obs num:15
['circle', [0.243], [1.431, 4.985]]
['circle', [0.235], [3.788, 1.532]]
['circle', [0.334], [4.4, 4.115]]
['circle', [0.303], [3.148, 3.87]]
['circle', [0.367], [0.338, 3.766]]
['circle', [0.316], [1.619, 2.391]]
['circle', [0.313], [1.131, 0.099]]
['circle', [0.379], [3.224, 0.673]]
['circle', [0.359], [4.963, 0.06]]
['circle', [0.236], [0.099, 0.703]]
['circle', [0.298], [0.66, 1.522]]
['circle', [0.27], [1.745, 1.148]]
['circle', [0.363], [3.441, 2.784]]
['circle', [0.378], [4.812, 2.526]]
['circle', [0.234], [2.619, 1.989]]
num410
start:[0.547, 2.495]
terminal:[4.277, 2.075]
obs num:15
['circle', [0.203], [2.344, 4.484]]
['circle', [0.257], [2.654, 2.992]]
['circle', [0.287], [4.85, 4.908]]
['circle', [0.261], [1.574, 3.535]]
['circle', [0.368], [3.877, 4.329]]
['circle', [0.351], [3.453, 0.295]]
['circle', [0.368], [0.267, 4.38]]
['circle', [0.221], [0.281, 1.896]]
['circle', [0.257], [3.452, 1.593]]
['circle', [0.208], [0.614, 3.214]]
['circle', [0.242], [0.55, 0.232]]
['circle', [0.272], [1.436, 4.699]]
['circle', [0.355], [2.004, 1.025]]
['circle', [0.245], [1.175, 1.727]]
['circle', [0.358], [4.71, 2.849]]
num411
start:[2.602, 1.665]
terminal:[2.543, 4.361]
obs num:15
['circle', [0.317], [4.859, 1.332]]
['circle', [0.341], [0.497, 1.655]]
['circle', [0.356], [3.041, 3.329]]
['circle', [0.215], [2.272, 2.347]]
['circle', [0.393], [4.598, 2.704]]
['circle', [0.264], [0.971, 4.064]]
['circle', [0.305], [4.407, 0.065]]
['circle', [0.299], [3.509, 4.683]]
['circle', [0.276], [3.056, 0.487]]
['circle', [0.293], [1.901, 0.782]]
['circle', [0.232], [3.94, 1.767]]
['circle', [0.287], [0.772, 0.034]]
['circle', [0.26], [1.425, 2.864]]
['circle', [0.311], [4.757, 4.138]]
['circle', [0.204], [1.352, 4.944]]
num412
start:[0.869, 3.969]
terminal:[0.302, 1.432]
obs num:15
['circle', [0.236], [0.444, 2.985]]
['circle', [0.297], [1.558, 4.415]]
['circle', [0.394], [4.37, 3.195]]
['circle', [0.274], [1.636, 2.065]]
['circle', [0.221], [2.4, 4.799]]
['circle', [0.341], [4.347, 1.915]]
['circle', [0.363], [3.464, 4.523]]
['circle', [0.225], [1.776, 0.628]]
['circle', [0.33], [3.288, 0.363]]
['circle', [0.246], [2.318, 3.303]]
['circle', [0.322], [4.75, 0.149]]
['circle', [0.209], [0.147, 4.752]]
['circle', [0.218], [3.386, 2.821]]
['circle', [0.235], [3.108, 1.482]]
['circle', [0.32], [0.499, 0.35]]
num413
start:[4.26, 1.136]
terminal:[3.2, 4.56]
obs num:15
['circle', [0.332], [4.908, 4.861]]
['circle', [0.207], [4.525, 0.014]]
['circle', [0.237], [2.214, 2.815]]
['circle', [0.215], [3.469, 4.154]]
['circle', [0.325], [2.954, 1.971]]
['circle', [0.388], [2.087, 0.869]]
['circle', [0.221], [1.157, 4.408]]
['circle', [0.371], [4.673, 3.552]]
['circle', [0.327], [3.477, 3.069]]
['circle', [0.298], [3.591, 0.532]]
['circle', [0.21], [1.21, 3.259]]
['circle', [0.297], [0.354, 2.888]]
['circle', [0.216], [0.671, 1.332]]
['circle', [0.384], [4.931, 1.305]]
['circle', [0.245], [0.79, 0.136]]
num414
start:[2.228, 1.427]
terminal:[4.197, 2.668]
obs num:15
['circle', [0.279], [0.011, 4.904]]
['circle', [0.211], [0.672, 1.961]]
['circle', [0.259], [1.25, 3.963]]
['circle', [0.212], [1.221, 3.017]]
['circle', [0.386], [1.347, 0.73]]
['circle', [0.397], [2.967, 4.188]]
['circle', [0.232], [4.011, 3.522]]
['circle', [0.261], [1.609, 2.145]]
['circle', [0.226], [4.485, 2.002]]
['circle', [0.348], [2.882, 2.144]]
['circle', [0.383], [2.395, 0.013]]
['circle', [0.334], [3.614, 0.707]]
['circle', [0.209], [2.106, 3.55]]
['circle', [0.201], [0.447, 3.62]]
['circle', [0.354], [1.625, 4.904]]
num415
start:[0.922, 2.136]
terminal:[3.275, 3.274]
obs num:15
['circle', [0.267], [0.037, 0.424]]
['circle', [0.347], [3.842, 1.697]]
['circle', [0.397], [0.466, 4.775]]
['circle', [0.363], [1.691, 1.717]]
['circle', [0.347], [2.264, 4.186]]
['circle', [0.249], [1.446, 0.507]]
['circle', [0.328], [4.183, 3.451]]
['circle', [0.376], [3.737, 4.638]]
['circle', [0.234], [3.847, 0.28]]
['circle', [0.282], [2.56, 0.129]]
['circle', [0.287], [1.264, 3.337]]
['circle', [0.299], [0.518, 1.614]]
['circle', [0.224], [4.998, 1.331]]
['circle', [0.212], [2.595, 3.158]]
['circle', [0.302], [0.298, 2.822]]
num416
start:[3.821, 1.558]
terminal:[1.311, 2.031]
obs num:15
['circle', [0.317], [2.787, 1.945]]
['circle', [0.397], [0.507, 1.558]]
['circle', [0.255], [3.827, 2.319]]
['circle', [0.367], [1.521, 4.229]]
['circle', [0.376], [0.314, 3.72]]
['circle', [0.371], [0.474, 0.382]]
['circle', [0.254], [3.27, 0.853]]
['circle', [0.207], [3.36, 4.299]]
['circle', [0.388], [4.807, 3.879]]
['circle', [0.241], [1.169, 2.512]]
['circle', [0.271], [1.987, 0.637]]
['circle', [0.388], [4.552, 0.921]]
['circle', [0.211], [2.424, 3.15]]
['circle', [0.387], [4.976, 2.505]]
['circle', [0.324], [3.383, 3.197]]
num417
start:[1.346, 0.584]
terminal:[1.454, 2.532]
obs num:15
['circle', [0.215], [4.218, 4.885]]
['circle', [0.359], [0.99, 1.725]]
['circle', [0.397], [2.797, 0.181]]
['circle', [0.323], [4.939, 0.37]]
['circle', [0.37], [0.216, 4.239]]
['circle', [0.391], [4.246, 2.2]]
['circle', [0.395], [2.274, 4.51]]
['circle', [0.318], [2.147, 3.366]]
['circle', [0.297], [3.612, 3.389]]
['circle', [0.326], [4.753, 3.249]]
['circle', [0.233], [4.937, 4.364]]
['circle', [0.389], [0.474, 0.145]]
['circle', [0.301], [0.108, 2.687]]
['circle', [0.26], [2.325, 1.865]]
['circle', [0.277], [3.443, 1.394]]
num418
start:[2.899, 4.357]
terminal:[2.611, 3.339]
obs num:15
['circle', [0.249], [1.709, 0.579]]
['circle', [0.203], [4.862, 3.722]]
['circle', [0.278], [3.762, 1.353]]
['circle', [0.332], [0.593, 0.325]]
['circle', [0.338], [2.495, 2.327]]
['circle', [0.27], [3.216, 0.425]]
['circle', [0.241], [0.596, 1.373]]
['circle', [0.276], [1.713, 3.138]]
['circle', [0.35], [0.37, 4.777]]
['circle', [0.353], [3.388, 4.651]]
['circle', [0.253], [4.448, 0.212]]
['circle', [0.244], [1.988, 4.89]]
['circle', [0.292], [0.4, 3.165]]
['circle', [0.209], [0.273, 2.189]]
['circle', [0.278], [3.4, 3.014]]
num419
start:[2.519, 4.84]
terminal:[3.393, 0.582]
obs num:15
['circle', [0.268], [1.447, 2.098]]
['circle', [0.255], [2.404, 3.18]]
['circle', [0.203], [4.056, 3.048]]
['circle', [0.255], [4.825, 0.782]]
['circle', [0.385], [0.528, 1.42]]
['circle', [0.3], [4.94, 3.59]]
['circle', [0.335], [0.301, 2.656]]
['circle', [0.231], [0.21, 4.68]]
['circle', [0.251], [3.219, 4.344]]
['circle', [0.265], [4.326, 2.151]]
['circle', [0.383], [4.232, 4.689]]
['circle', [0.22], [2.167, 0.864]]
['circle', [0.343], [1.359, 4.409]]
['circle', [0.24], [3.43, 1.621]]
['circle', [0.315], [3.201, 2.593]]
num420
start:[2.594, 2.359]
terminal:[3.817, 1.011]
obs num:15
['circle', [0.237], [3.691, 0.027]]
['circle', [0.234], [0.937, 1.187]]
['circle', [0.361], [1.118, 0.075]]
['circle', [0.304], [0.971, 4.098]]
['circle', [0.209], [4.557, 0.191]]
['circle', [0.202], [3.914, 2.848]]
['circle', [0.343], [4.258, 4.95]]
['circle', [0.233], [1.591, 2.791]]
['circle', [0.25], [0.157, 2.318]]
['circle', [0.209], [4.684, 2.474]]
['circle', [0.308], [3.881, 1.839]]
['circle', [0.228], [4.963, 1.488]]
['circle', [0.222], [2.156, 0.643]]
['circle', [0.345], [2.773, 3.32]]
['circle', [0.384], [4.846, 3.702]]
num421
start:[0.281, 2.751]
terminal:[3.099, 2.609]
obs num:15
['circle', [0.202], [0.029, 4.699]]
['circle', [0.245], [0.396, 3.685]]
['circle', [0.345], [0.484, 1.196]]
['circle', [0.389], [2.817, 0.705]]
['circle', [0.254], [2.905, 1.824]]
['circle', [0.338], [2.98, 4.822]]
['circle', [0.317], [3.72, 2.433]]
['circle', [0.277], [1.66, 1.36]]
['circle', [0.205], [2.194, 2.332]]
['circle', [0.337], [4.45, 4.269]]
['circle', [0.299], [1.944, 4.073]]
['circle', [0.282], [4.901, 3.035]]
['circle', [0.344], [4.74, 0.614]]
['circle', [0.387], [1.086, 2.614]]
['circle', [0.384], [4.717, 1.787]]
num422
start:[2.051, 3.613]
terminal:[4.319, 2.925]
obs num:15
['circle', [0.295], [0.982, 4.903]]
['circle', [0.212], [4.391, 3.505]]
['circle', [0.293], [2.103, 2.771]]
['circle', [0.342], [3.085, 3.286]]
['circle', [0.371], [4.792, 1.758]]
['circle', [0.272], [1.52, 1.292]]
['circle', [0.379], [0.826, 3.034]]
['circle', [0.223], [2.117, 4.263]]
['circle', [0.3], [4.616, 4.954]]
['circle', [0.337], [3.542, 0.918]]
['circle', [0.313], [2.958, 0.014]]
['circle', [0.203], [0.254, 0.673]]
['circle', [0.2], [1.589, 0.348]]
['circle', [0.21], [3.028, 1.714]]
['circle', [0.32], [3.865, 2.45]]
num423
start:[2.414, 4.732]
terminal:[0.393, 1.66]
obs num:15
['circle', [0.217], [4.495, 0.4]]
['circle', [0.348], [3.797, 1.274]]
['circle', [0.24], [0.042, 2.454]]
['circle', [0.233], [4.466, 2.34]]
['circle', [0.341], [3.855, 4.747]]
['circle', [0.261], [1.227, 3.157]]
['circle', [0.296], [1.902, 3.893]]
['circle', [0.206], [4.948, 1.582]]
['circle', [0.208], [1.693, 0.301]]
['circle', [0.363], [2.221, 1.456]]
['circle', [0.247], [0.689, 0.341]]
['circle', [0.218], [2.12, 2.906]]
['circle', [0.393], [3.224, 3.159]]
['circle', [0.374], [0.096, 4.219]]
['circle', [0.313], [4.631, 3.357]]
num424
start:[1.21, 2.491]
terminal:[1.684, 2.537]
obs num:15
['circle', [0.366], [3.111, 0.343]]
['circle', [0.22], [4.361, 2.715]]
['circle', [0.273], [2.035, 0.068]]
['circle', [0.323], [0.336, 4.324]]
['circle', [0.329], [0.631, 1.68]]
['circle', [0.292], [4.22, 4.876]]
['circle', [0.236], [3.098, 4.997]]
['circle', [0.342], [4.743, 1.634]]
['circle', [0.36], [2.051, 1.463]]
['circle', [0.391], [2.995, 3.486]]
['circle', [0.279], [1.394, 4.824]]
['circle', [0.22], [1.331, 0.69]]
['circle', [0.232], [4.75, 0.132]]
['circle', [0.208], [3.148, 1.948]]
['circle', [0.311], [4.748, 3.966]]
num425
start:[2.936, 3.914]
terminal:[2.892, 1.519]
obs num:15
['circle', [0.303], [0.109, 0.474]]
['circle', [0.378], [3.991, 4.773]]
['circle', [0.295], [1.861, 4.275]]
['circle', [0.232], [1.289, 0.887]]
['circle', [0.315], [2.926, 2.82]]
['circle', [0.222], [4.147, 1.558]]
['circle', [0.327], [1.866, 2.885]]
['circle', [0.289], [0.561, 3.024]]
['circle', [0.292], [4.778, 0.523]]
['circle', [0.364], [3.362, 0.036]]
['circle', [0.238], [0.073, 4.364]]
['circle', [0.337], [3.975, 3.147]]
['circle', [0.302], [2.242, 1.624]]
['circle', [0.281], [4.924, 2.087]]
['circle', [0.284], [2.981, 4.412]]
num426
start:[2.12, 0.366]
terminal:[4.195, 1.22]
obs num:15
['circle', [0.237], [0.738, 2.06]]
['circle', [0.357], [2.737, 4.059]]
['circle', [0.37], [2.827, 1.835]]
['circle', [0.252], [3.634, 0.408]]
['circle', [0.208], [1.099, 3.246]]
['circle', [0.257], [0.176, 1.138]]
['circle', [0.203], [0.628, 4.035]]
['circle', [0.318], [4.293, 4.092]]
['circle', [0.298], [3.81, 3.004]]
['circle', [0.226], [2.545, 2.925]]
['circle', [0.252], [1.107, 0.812]]
['circle', [0.349], [4.758, 0.558]]
['circle', [0.279], [0.234, 2.941]]
['circle', [0.311], [1.703, 1.608]]
['circle', [0.22], [3.352, 4.908]]
num427
start:[4.148, 4.49]
terminal:[3.256, 1.494]
obs num:15
['circle', [0.239], [1.79, 4.423]]
['circle', [0.354], [2.456, 2.881]]
['circle', [0.219], [2.568, 0.929]]
['circle', [0.347], [0.882, 3.527]]
['circle', [0.331], [3.92, 2.493]]
['circle', [0.226], [3.567, 4.659]]
['circle', [0.248], [1.565, 0.56]]
['circle', [0.328], [0.904, 1.3]]
['circle', [0.235], [4.935, 0.023]]
['circle', [0.361], [3.904, 0.784]]
['circle', [0.221], [4.937, 3.681]]
['circle', [0.214], [2.364, 0.005]]
['circle', [0.242], [0.62, 0.005]]
['circle', [0.206], [2.464, 1.814]]
['circle', [0.211], [3.96, 3.717]]
num428
start:[1.815, 2.54]
terminal:[2.769, 0.631]
obs num:15
['circle', [0.213], [0.046, 2.717]]
['circle', [0.272], [2.025, 1.801]]
['circle', [0.339], [4.419, 2.608]]
['circle', [0.225], [1.733, 0.828]]
['circle', [0.328], [0.896, 3.61]]
['circle', [0.202], [3.064, 3.568]]
['circle', [0.304], [3.047, 0.015]]
['circle', [0.24], [0.504, 1.32]]
['circle', [0.32], [3.289, 1.638]]
['circle', [0.333], [4.415, 4.786]]
['circle', [0.209], [4.277, 1.589]]
['circle', [0.318], [1.649, 4.905]]
['circle', [0.254], [0.853, 0.284]]
['circle', [0.262], [2.053, 3.008]]
['circle', [0.236], [2.539, 4.239]]
num429
start:[1.623, 4.531]
terminal:[2.053, 2.7]
obs num:15
['circle', [0.238], [4.987, 0.643]]
['circle', [0.334], [4.316, 3.28]]
['circle', [0.251], [0.937, 3.07]]
['circle', [0.221], [3.01, 2.712]]
['circle', [0.399], [0.465, 0.415]]
['circle', [0.275], [2.195, 3.744]]
['circle', [0.315], [1.011, 4.654]]
['circle', [0.228], [2.129, 0.571]]
['circle', [0.351], [2.61, 1.51]]
['circle', [0.295], [3.388, 3.896]]
['circle', [0.261], [1.437, 1.901]]
['circle', [0.25], [4.859, 2.34]]
['circle', [0.281], [0.08, 2.586]]
['circle', [0.28], [3.838, 1.59]]
['circle', [0.299], [4.957, 4.826]]
num430
start:[1.658, 4.091]
terminal:[4.554, 1.243]
obs num:15
['circle', [0.262], [3.179, 0.617]]
['circle', [0.339], [1.253, 0.274]]
['circle', [0.276], [1.757, 1.898]]
['circle', [0.275], [4.371, 3.336]]
['circle', [0.202], [1.162, 3.089]]
['circle', [0.234], [4.865, 4.288]]
['circle', [0.353], [4.983, 0.525]]
['circle', [0.351], [2.517, 2.766]]
['circle', [0.251], [1.893, 4.928]]
['circle', [0.368], [0.066, 0.854]]
['circle', [0.23], [0.246, 4.602]]
['circle', [0.338], [3.537, 2.056]]
['circle', [0.251], [3.141, 4.469]]
['circle', [0.372], [0.123, 3.356]]
['circle', [0.238], [2.251, 0.432]]
num431
start:[4.247, 0.437]
terminal:[2.803, 3.199]
obs num:15
['circle', [0.24], [4.041, 0.909]]
['circle', [0.298], [4.918, 0.44]]
['circle', [0.219], [3.061, 4.004]]
['circle', [0.22], [3.88, 2.528]]
['circle', [0.337], [0.416, 2.078]]
['circle', [0.338], [2.203, 0.393]]
['circle', [0.216], [4.273, 3.319]]
['circle', [0.337], [0.15, 4.919]]
['circle', [0.211], [4.431, 1.689]]
['circle', [0.216], [1.282, 3.162]]
['circle', [0.237], [2.338, 1.653]]
['circle', [0.357], [4.108, 4.469]]
['circle', [0.212], [2.389, 2.678]]
['circle', [0.355], [1.683, 4.585]]
['circle', [0.314], [0.197, 3.176]]
num432
start:[3.328, 3.733]
terminal:[3.543, 3.718]
obs num:15
['circle', [0.373], [0.832, 0.197]]
['circle', [0.319], [4.118, 4.808]]
['circle', [0.233], [1.342, 4.969]]
['circle', [0.297], [2.104, 0.546]]
['circle', [0.221], [0.542, 1.381]]
['circle', [0.387], [0.33, 3.693]]
['circle', [0.284], [4.469, 1.078]]
['circle', [0.28], [2.081, 3.871]]
['circle', [0.316], [1.897, 2.644]]
['circle', [0.267], [3.702, 1.868]]
['circle', [0.224], [3.23, 1.079]]
['circle', [0.239], [4.355, 2.933]]
['circle', [0.222], [3.369, 2.732]]
['circle', [0.205], [2.297, 4.755]]
['circle', [0.261], [0.209, 2.286]]
num433
start:[2.247, 4.175]
terminal:[1.164, 3.29]
obs num:15
['circle', [0.214], [3.704, 0.199]]
['circle', [0.234], [2.714, 0.69]]
['circle', [0.253], [1.629, 3.679]]
['circle', [0.286], [3.073, 4.233]]
['circle', [0.229], [0.941, 4.685]]
['circle', [0.348], [2.221, 2.287]]
['circle', [0.281], [4.712, 0.145]]
['circle', [0.342], [0.715, 0.284]]
['circle', [0.382], [4.084, 3.072]]
['circle', [0.308], [0.466, 1.483]]
['circle', [0.349], [4.936, 4.023]]
['circle', [0.369], [0.099, 3.87]]
['circle', [0.377], [3.642, 1.308]]
['circle', [0.216], [1.475, 1.142]]
['circle', [0.354], [2.225, 4.899]]
num434
start:[4.036, 4.662]
terminal:[2.405, 3.214]
obs num:15
['circle', [0.394], [4.629, 1.956]]
['circle', [0.258], [1.805, 0.797]]
['circle', [0.326], [2.563, 2.442]]
['circle', [0.252], [0.333, 2.179]]
['circle', [0.34], [1.288, 3.394]]
['circle', [0.362], [0.166, 4.893]]
['circle', [0.301], [3.347, 1.662]]
['circle', [0.305], [4.537, 3.227]]
['circle', [0.221], [2.937, 0.699]]
['circle', [0.308], [3.08, 4.275]]
['circle', [0.281], [3.899, 0.468]]
['circle', [0.276], [0.386, 0.285]]
['circle', [0.386], [1.74, 4.911]]
['circle', [0.24], [4.601, 4.186]]
['circle', [0.322], [0.101, 3.157]]
num435
start:[4.135, 4.045]
terminal:[3.809, 1.829]
obs num:15
['circle', [0.259], [2.403, 3.473]]
['circle', [0.224], [4.52, 3.073]]
['circle', [0.248], [3.139, 2.019]]
['circle', [0.362], [3.403, 0.167]]
['circle', [0.32], [1.18, 4.568]]
['circle', [0.366], [4.564, 1.08]]
['circle', [0.333], [0.464, 0.462]]
['circle', [0.217], [0.827, 2.209]]
['circle', [0.246], [1.064, 3.415]]
['circle', [0.224], [2.566, 0.991]]
['circle', [0.307], [1.941, 1.859]]
['circle', [0.211], [2.912, 4.2]]
['circle', [0.2], [3.974, 4.987]]
['circle', [0.369], [0.15, 4.035]]
['circle', [0.301], [4.769, 4.192]]
num436
start:[1.634, 3.912]
terminal:[1.24, 0.465]
obs num:15
['circle', [0.275], [4.312, 2.102]]
['circle', [0.209], [2.389, 3.825]]
['circle', [0.231], [2.575, 1.382]]
['circle', [0.359], [2.683, 0.393]]
['circle', [0.244], [4.971, 4.176]]
['circle', [0.357], [1.079, 4.671]]
['circle', [0.27], [0.986, 3.553]]
['circle', [0.331], [3.196, 3.062]]
['circle', [0.298], [0.46, 0.109]]
['circle', [0.339], [0.449, 1.685]]
['circle', [0.248], [4.246, 0.552]]
['circle', [0.305], [1.553, 2.063]]
['circle', [0.259], [4.965, 2.992]]
['circle', [0.299], [3.581, 4.478]]
['circle', [0.237], [1.883, 2.998]]
num437
start:[3.425, 2.989]
terminal:[2.734, 1.657]
obs num:15
['circle', [0.296], [1.281, 1.023]]
['circle', [0.231], [0.297, 4.183]]
['circle', [0.33], [2.96, 4.451]]
['circle', [0.337], [4.17, 1.66]]
['circle', [0.301], [2.064, 3.213]]
['circle', [0.347], [4.077, 2.869]]
['circle', [0.289], [0.011, 3.039]]
['circle', [0.295], [2.288, 0.977]]
['circle', [0.372], [4.262, 4.746]]
['circle', [0.251], [3.65, 0.372]]
['circle', [0.325], [1.377, 4.255]]
['circle', [0.299], [3.128, 2.266]]
['circle', [0.258], [0.305, 0.144]]
['circle', [0.212], [1.96, 0.048]]
['circle', [0.26], [4.678, 0.069]]
num438
start:[2.777, 1.47]
terminal:[2.758, 3.642]
obs num:15
['circle', [0.331], [0.452, 2.089]]
['circle', [0.298], [1.598, 4.396]]
['circle', [0.31], [4.118, 1.832]]
['circle', [0.226], [2.133, 2.981]]
['circle', [0.236], [2.643, 1.991]]
['circle', [0.306], [4.667, 2.999]]
['circle', [0.21], [4.355, 4.734]]
['circle', [0.252], [3.519, 3.427]]
['circle', [0.259], [1.048, 0.915]]
['circle', [0.301], [0.381, 3.729]]
['circle', [0.338], [3.309, 0.257]]
['circle', [0.264], [4.393, 0.233]]
['circle', [0.21], [3.343, 4.367]]
['circle', [0.232], [2.126, 0.245]]
['circle', [0.26], [1.456, 2.282]]
num439
start:[3.395, 2.5]
terminal:[0.986, 2.509]
obs num:15
['circle', [0.243], [4.97, 1.01]]
['circle', [0.392], [4.79, 3.694]]
['circle', [0.249], [2.131, 3.444]]
['circle', [0.338], [2.723, 1.635]]
['circle', [0.37], [1.488, 0.753]]
['circle', [0.319], [1.327, 4.116]]
['circle', [0.294], [0.288, 3.207]]
['circle', [0.203], [4.103, 0.638]]
['circle', [0.3], [2.857, 4.272]]
['circle', [0.269], [0.42, 2.055]]
['circle', [0.248], [2.054, 4.894]]
['circle', [0.319], [3.915, 4.645]]
['circle', [0.209], [0.017, 4.604]]
['circle', [0.24], [4.537, 2.329]]
['circle', [0.231], [2.379, 0.196]]
num440
start:[4.124, 2.821]
terminal:[3.803, 3.013]
obs num:15
['circle', [0.328], [1.432, 2.655]]
['circle', [0.279], [4.457, 1.519]]
['circle', [0.26], [2.002, 4.867]]
['circle', [0.277], [0.537, 3.88]]
['circle', [0.222], [2.592, 0.412]]
['circle', [0.222], [4.908, 3.714]]
['circle', [0.219], [2.814, 2.535]]
['circle', [0.334], [3.756, 4.179]]
['circle', [0.3], [1.41, 0.197]]
['circle', [0.342], [4.734, 0.298]]
['circle', [0.253], [0.079, 0.946]]
['circle', [0.236], [1.495, 1.215]]
['circle', [0.282], [2.159, 3.521]]
['circle', [0.309], [4.656, 4.88]]
['circle', [0.322], [0.129, 2.418]]
num441
start:[1.185, 1.469]
terminal:[2.473, 3.98]
obs num:15
['circle', [0.339], [4.289, 2.795]]
['circle', [0.294], [3.633, 1.572]]
['circle', [0.312], [4.839, 1.232]]
['circle', [0.287], [2.775, 2.651]]
['circle', [0.277], [1.74, 2.962]]
['circle', [0.23], [4.583, 0.2]]
['circle', [0.274], [0.136, 3.322]]
['circle', [0.364], [3.47, 4.168]]
['circle', [0.31], [1.145, 2.099]]
['circle', [0.281], [0.62, 0.239]]
['circle', [0.239], [1.644, 1.091]]
['circle', [0.271], [2.324, 4.488]]
['circle', [0.394], [3.464, 0.117]]
['circle', [0.35], [4.55, 4.9]]
['circle', [0.235], [2.528, 1.358]]
num442
start:[1.386, 3.931]
terminal:[1.841, 1.688]
obs num:15
['circle', [0.298], [0.455, 4.626]]
['circle', [0.237], [2.494, 0.919]]
['circle', [0.291], [0.736, 0.907]]
['circle', [0.31], [1.227, 1.997]]
['circle', [0.266], [2.568, 4.883]]
['circle', [0.294], [2.898, 3.593]]
['circle', [0.272], [4.784, 3.642]]
['circle', [0.205], [0.927, 2.876]]
['circle', [0.307], [3.612, 1.396]]
['circle', [0.358], [4.866, 0.654]]
['circle', [0.358], [4.837, 1.788]]
['circle', [0.281], [2.016, 2.961]]
['circle', [0.226], [3.596, 4.821]]
['circle', [0.283], [4.159, 2.736]]
['circle', [0.235], [3.064, 0.186]]
num443
start:[2.952, 3.295]
terminal:[2.892, 1.506]
obs num:15
['circle', [0.286], [2.775, 2.217]]
['circle', [0.236], [0.313, 3.515]]
['circle', [0.292], [2.241, 4.411]]
['circle', [0.234], [1.27, 0.269]]
['circle', [0.304], [3.392, 0.731]]
['circle', [0.325], [4.004, 2.231]]
['circle', [0.301], [1.008, 2.705]]
['circle', [0.26], [0.034, 4.42]]
['circle', [0.334], [2.433, 0.113]]
['circle', [0.319], [0.212, 1.344]]
['circle', [0.268], [3.943, 4.739]]
['circle', [0.262], [4.433, 3.75]]
['circle', [0.209], [4.787, 0.086]]
['circle', [0.258], [1.141, 4.671]]
['circle', [0.34], [4.96, 4.683]]
num444
start:[0.755, 2.918]
terminal:[3.478, 4.168]
obs num:15
['circle', [0.22], [4.328, 0.839]]
['circle', [0.399], [1.927, 4.584]]
['circle', [0.212], [4.227, 3.114]]
['circle', [0.3], [1.016, 1.159]]
['circle', [0.238], [0.196, 4.887]]
['circle', [0.237], [2.492, 1.937]]
['circle', [0.363], [0.335, 2.09]]
['circle', [0.297], [4.7, 4.059]]
['circle', [0.359], [2.326, 0.098]]
['circle', [0.336], [0.425, 3.537]]
['circle', [0.318], [3.664, 1.89]]
['circle', [0.287], [2.957, 3.665]]
['circle', [0.202], [1.863, 3.311]]
['circle', [0.351], [3.529, 0.045]]
['circle', [0.299], [4.981, 2.091]]
num445
start:[2.968, 0.434]
terminal:[1.184, 0.424]
obs num:15
['circle', [0.28], [4.04, 4.9]]
['circle', [0.267], [1.994, 3.917]]
['circle', [0.206], [0.5, 1.751]]
['circle', [0.336], [3.435, 1.859]]
['circle', [0.231], [4.901, 3.42]]
['circle', [0.299], [1.088, 2.584]]
['circle', [0.311], [4.765, 0.928]]
['circle', [0.298], [3.007, 4.405]]
['circle', [0.261], [2.491, 1.255]]
['circle', [0.222], [0.348, 3.728]]
['circle', [0.352], [4.059, 0.005]]
['circle', [0.363], [1.505, 4.908]]
['circle', [0.236], [1.81, 0.032]]
['circle', [0.217], [0.276, 4.909]]
['circle', [0.347], [0.098, 0.551]]
num446
start:[2.8, 3.948]
terminal:[0.857, 4.352]
obs num:15
['circle', [0.206], [3.659, 3.009]]
['circle', [0.249], [2.057, 2.112]]
['circle', [0.22], [4.021, 4.799]]
['circle', [0.222], [1.811, 0.502]]
['circle', [0.296], [3.784, 1.054]]
['circle', [0.34], [4.812, 3.858]]
['circle', [0.391], [4.483, 2.423]]
['circle', [0.312], [0.749, 0.866]]
['circle', [0.311], [1.873, 4.729]]
['circle', [0.358], [4.327, 0.099]]
['circle', [0.371], [0.31, 3.846]]
['circle', [0.33], [1.761, 3.265]]
['circle', [0.231], [0.9, 1.971]]
['circle', [0.207], [3.175, 0.3]]
['circle', [0.272], [2.839, 3.432]]
num447
start:[2.041, 1.414]
terminal:[3.276, 2.128]
obs num:15
['circle', [0.218], [3.096, 1.666]]
['circle', [0.28], [0.965, 4.389]]
['circle', [0.232], [4.243, 1.568]]
['circle', [0.388], [3.191, 2.975]]
['circle', [0.202], [1.118, 3.395]]
['circle', [0.218], [4.371, 0.431]]
['circle', [0.285], [4.234, 4.267]]
['circle', [0.218], [3.374, 0.622]]
['circle', [0.337], [1.441, 0.879]]
['circle', [0.222], [0.225, 0.947]]
['circle', [0.24], [4.474, 3.218]]
['circle', [0.392], [2.376, 3.913]]
['circle', [0.365], [1.732, 2.093]]
['circle', [0.392], [3.145, 4.94]]
['circle', [0.299], [0.301, 2.556]]
num448
start:[2.859, 3.149]
terminal:[2.516, 1.575]
obs num:15
['circle', [0.223], [0.84, 1.633]]
['circle', [0.287], [3.486, 3.231]]
['circle', [0.284], [4.403, 4.542]]
['circle', [0.246], [2.808, 2.4]]
['circle', [0.289], [4.752, 2.712]]
['circle', [0.371], [2.312, 0.838]]
['circle', [0.244], [0.839, 4.273]]
['circle', [0.23], [0.49, 3.13]]
['circle', [0.25], [0.582, 0.715]]
['circle', [0.216], [3.783, 0.68]]
['circle', [0.263], [4.756, 1.758]]
['circle', [0.24], [3.196, 1.549]]
['circle', [0.374], [1.65, 2.348]]
['circle', [0.213], [3.2, 4.137]]
['circle', [0.375], [4.653, 0.115]]
num449
start:[2.962, 2.701]
terminal:[3.091, 2.648]
obs num:15
['circle', [0.235], [2.12, 3.471]]
['circle', [0.225], [4.889, 3.159]]
['circle', [0.242], [0.929, 4.858]]
['circle', [0.234], [4.147, 2.632]]
['circle', [0.399], [0.978, 3.108]]
['circle', [0.26], [4.606, 1.097]]
['circle', [0.259], [0.135, 2.014]]
['circle', [0.273], [2.018, 4.67]]
['circle', [0.373], [1.372, 1.12]]
['circle', [0.258], [3.656, 1.884]]
['circle', [0.358], [4.547, 4.834]]
['circle', [0.231], [3.161, 0.12]]
['circle', [0.387], [3.343, 3.466]]
['circle', [0.329], [0.291, 0.534]]
['circle', [0.368], [2.27, 2.199]]
num450
start:[3.798, 4.849]
terminal:[2.298, 2.566]
obs num:15
['circle', [0.354], [2.716, 1.15]]
['circle', [0.389], [4.04, 0.803]]
['circle', [0.229], [0.367, 1.189]]
['circle', [0.375], [1.245, 0.089]]
['circle', [0.325], [1.047, 3.484]]
['circle', [0.264], [4.663, 3.158]]
['circle', [0.37], [2.633, 4.529]]
['circle', [0.338], [0.592, 2.396]]
['circle', [0.382], [1.499, 1.466]]
['circle', [0.205], [4.844, 2.05]]
['circle', [0.28], [3.653, 3.242]]
['circle', [0.236], [0.288, 4.825]]
['circle', [0.228], [2.365, 3.456]]
['circle', [0.2], [4.914, 4.998]]
['circle', [0.354], [4.086, 4.283]]
num451
start:[0.413, 3.271]
terminal:[1.663, 3.948]
obs num:15
['circle', [0.273], [2.438, 2.398]]
['circle', [0.337], [1.399, 1.895]]
['circle', [0.217], [2.293, 3.952]]
['circle', [0.347], [3.249, 4.294]]
['circle', [0.208], [3.77, 1.212]]
['circle', [0.378], [1.054, 0.449]]
['circle', [0.284], [0.323, 2.097]]
['circle', [0.238], [4.795, 1.931]]
['circle', [0.277], [0.832, 4.3]]
['circle', [0.301], [3.881, 2.524]]
['circle', [0.217], [2.384, 1.103]]
['circle', [0.267], [4.916, 3.72]]
['circle', [0.221], [0.995, 2.963]]
['circle', [0.345], [4.843, 0.256]]
['circle', [0.212], [2.641, 0.237]]
num452
start:[4.376, 1.14]
terminal:[3.14, 3.857]
obs num:15
['circle', [0.231], [2.308, 4.819]]
['circle', [0.297], [1.213, 4.738]]
['circle', [0.259], [4.002, 3.422]]
['circle', [0.236], [4.312, 0.315]]
['circle', [0.212], [2.741, 2.706]]
['circle', [0.217], [3.968, 2.094]]
['circle', [0.218], [1.783, 0.823]]
['circle', [0.284], [4.932, 3.217]]
['circle', [0.242], [1.44, 3.158]]
['circle', [0.237], [2.441, 3.921]]
['circle', [0.333], [0.26, 3.516]]
['circle', [0.221], [0.352, 1.886]]
['circle', [0.382], [0.482, 0.54]]
['circle', [0.249], [0.183, 4.699]]
['circle', [0.338], [2.554, 1.725]]
num453
start:[2.331, 4.05]
terminal:[1.713, 1.593]
obs num:15
['circle', [0.372], [2.869, 0.468]]
['circle', [0.354], [0.878, 2.833]]
['circle', [0.234], [1.135, 1.111]]
['circle', [0.251], [3.938, 3.44]]
['circle', [0.38], [1.735, 4.442]]
['circle', [0.264], [3.419, 1.568]]
['circle', [0.283], [4.667, 2.843]]
['circle', [0.204], [0.023, 4.343]]
['circle', [0.319], [4.048, 0.37]]
['circle', [0.352], [0.373, 0.383]]
['circle', [0.227], [2.648, 2.162]]
['circle', [0.31], [4.643, 1.643]]
['circle', [0.244], [4.738, 4.659]]
['circle', [0.234], [3.732, 2.465]]
['circle', [0.345], [3.426, 4.348]]
num454
start:[2.383, 3.507]
terminal:[4.16, 2.034]
obs num:15
['circle', [0.234], [2.966, 3.223]]
['circle', [0.279], [4.215, 0.301]]
['circle', [0.259], [1.77, 0.954]]
['circle', [0.248], [1.492, 3.565]]
['circle', [0.274], [2.346, 4.024]]
['circle', [0.297], [1.054, 4.95]]
['circle', [0.259], [2.356, 0.16]]
['circle', [0.243], [3.782, 1.134]]
['circle', [0.291], [0.84, 0.006]]
['circle', [0.373], [0.764, 1.688]]
['circle', [0.213], [4.297, 3.795]]
['circle', [0.225], [3.004, 1.781]]
['circle', [0.33], [0.336, 3.878]]
['circle', [0.243], [1.109, 2.744]]
['circle', [0.227], [2.11, 2.112]]
num455
start:[4.661, 2.59]
terminal:[1.328, 3.732]
obs num:15
['circle', [0.32], [4.607, 4.862]]
['circle', [0.355], [0.337, 3.527]]
['circle', [0.348], [3.907, 3.449]]
['circle', [0.301], [0.257, 0.803]]
['circle', [0.255], [4.806, 0.193]]
['circle', [0.259], [1.615, 2.172]]
['circle', [0.307], [1.959, 4.44]]
['circle', [0.367], [3.218, 4.583]]
['circle', [0.22], [3.218, 0.347]]
['circle', [0.382], [1.848, 0.751]]
['circle', [0.327], [2.515, 2.686]]
['circle', [0.282], [4.904, 1.179]]
['circle', [0.218], [4.979, 2.247]]
['circle', [0.23], [3.907, 1.659]]
['circle', [0.201], [0.043, 1.969]]
num456
start:[0.464, 3.756]
terminal:[2.704, 4.655]
obs num:15
['circle', [0.23], [0.131, 4.669]]
['circle', [0.21], [3.454, 0.427]]
['circle', [0.336], [1.834, 3.825]]
['circle', [0.215], [4.905, 0.645]]
['circle', [0.245], [1.357, 2.227]]
['circle', [0.288], [1.273, 0.939]]
['circle', [0.36], [0.189, 3.077]]
['circle', [0.283], [4.752, 4.995]]
['circle', [0.246], [3.515, 1.845]]
['circle', [0.28], [0.533, 1.59]]
['circle', [0.238], [2.56, 1.987]]
['circle', [0.383], [4.66, 1.798]]
['circle', [0.358], [3.441, 4.076]]
['circle', [0.289], [0.689, 0.065]]
['circle', [0.201], [4.641, 3.741]]
num457
start:[1.56, 1.045]
terminal:[2.921, 1.935]
obs num:15
['circle', [0.214], [4.699, 2.823]]
['circle', [0.377], [3.991, 3.598]]
['circle', [0.217], [3.953, 0.098]]
['circle', [0.318], [0.17, 2.345]]
['circle', [0.202], [4.139, 1.399]]
['circle', [0.384], [3.036, 1.17]]
['circle', [0.234], [1.406, 4.287]]
['circle', [0.258], [4.835, 4.517]]
['circle', [0.368], [1.896, 0.097]]
['circle', [0.273], [0.521, 0.348]]
['circle', [0.277], [1.27, 2.734]]
['circle', [0.235], [4.738, 0.62]]
['circle', [0.233], [0.813, 1.275]]
['circle', [0.303], [0.199, 4.853]]
['circle', [0.228], [2.934, 4.301]]
num458
start:[0.469, 2.148]
terminal:[1.264, 1.635]
obs num:15
['circle', [0.237], [3.686, 2.427]]
['circle', [0.369], [4.304, 3.284]]
['circle', [0.302], [0.17, 4.82]]
['circle', [0.363], [2.231, 0.777]]
['circle', [0.269], [0.424, 2.747]]
['circle', [0.267], [2.819, 3.04]]
['circle', [0.306], [3.272, 4.872]]
['circle', [0.234], [4.596, 1.038]]
['circle', [0.264], [1.606, 3.545]]
['circle', [0.228], [4.983, 0.072]]
['circle', [0.294], [2.904, 1.646]]
['circle', [0.237], [1.767, 2.392]]
['circle', [0.359], [0.623, 1.189]]
['circle', [0.233], [1.905, 4.497]]
['circle', [0.268], [4.301, 4.815]]
num459
start:[4.229, 0.993]
terminal:[1.076, 1.866]
obs num:15
['circle', [0.22], [4.054, 0.075]]
['circle', [0.33], [2.141, 3.216]]
['circle', [0.267], [3.761, 3.831]]
['circle', [0.249], [0.389, 0.903]]
['circle', [0.334], [0.737, 4.687]]
['circle', [0.307], [2.04, 4.934]]
['circle', [0.325], [4.801, 4.26]]
['circle', [0.224], [2.692, 2.12]]
['circle', [0.342], [0.873, 3.362]]
['circle', [0.317], [0.5, 2.257]]
['circle', [0.24], [4.968, 1.389]]
['circle', [0.351], [2.903, 0.523]]
['circle', [0.225], [1.73, 1.949]]
['circle', [0.229], [4.596, 3.027]]
['circle', [0.271], [1.916, 1.069]]
num460
start:[4.037, 3.308]
terminal:[0.267, 0.362]
obs num:15
['circle', [0.306], [3.627, 4.822]]
['circle', [0.258], [1.764, 2.883]]
['circle', [0.34], [2.928, 0.984]]
['circle', [0.213], [1.274, 0.868]]
['circle', [0.309], [0.262, 0.995]]
['circle', [0.288], [1.607, 4.784]]
['circle', [0.304], [3.503, 1.874]]
['circle', [0.305], [4.365, 0.139]]
['circle', [0.267], [1.471, 3.834]]
['circle', [0.356], [1.472, 1.887]]
['circle', [0.202], [2.438, 3.835]]
['circle', [0.342], [4.708, 1.617]]
['circle', [0.341], [0.309, 2.916]]
['circle', [0.269], [0.383, 4.351]]
['circle', [0.221], [2.586, 2.524]]
num461
start:[3.084, 4.085]
terminal:[0.752, 1.526]
obs num:15
['circle', [0.31], [3.481, 3.11]]
['circle', [0.328], [2.358, 3.504]]
['circle', [0.317], [4.578, 3.441]]
['circle', [0.322], [1.063, 2.502]]
['circle', [0.295], [1.402, 0.904]]
['circle', [0.281], [4.511, 2.127]]
['circle', [0.329], [0.396, 4.896]]
['circle', [0.301], [2.448, 0.519]]
['circle', [0.225], [1.185, 3.718]]
['circle', [0.325], [4.517, 4.598]]
['circle', [0.252], [3.511, 1.424]]
['circle', [0.272], [0.665, 0.207]]
['circle', [0.205], [3.558, 0.23]]
['circle', [0.282], [4.662, 0.861]]
['circle', [0.399], [2.397, 4.796]]
num462
start:[2.734, 3.624]
terminal:[0.466, 2.256]
obs num:15
['circle', [0.208], [0.288, 3.882]]
['circle', [0.354], [1.527, 3.445]]
['circle', [0.332], [2.012, 1.814]]
['circle', [0.301], [4.81, 3.899]]
['circle', [0.217], [2.664, 4.613]]
['circle', [0.214], [0.336, 4.94]]
['circle', [0.31], [0.696, 0.559]]
['circle', [0.242], [3.335, 2.932]]
['circle', [0.37], [4.589, 1.192]]
['circle', [0.234], [2.755, 1.141]]
['circle', [0.285], [4.779, 2.29]]
['circle', [0.333], [1.352, 4.601]]
['circle', [0.37], [2.605, 0.139]]
['circle', [0.255], [3.862, 0.005]]
['circle', [0.282], [0.96, 2.057]]
num463
start:[0.273, 4.748]
terminal:[1.448, 2.031]
obs num:15
['circle', [0.251], [3.352, 1.986]]
['circle', [0.258], [2.099, 1.699]]
['circle', [0.201], [3.29, 4.965]]
['circle', [0.2], [1.001, 4.701]]
['circle', [0.333], [0.758, 0.337]]
['circle', [0.285], [1.404, 3.84]]
['circle', [0.344], [0.841, 1.71]]
['circle', [0.375], [2.871, 3.703]]
['circle', [0.209], [4.973, 3.18]]
['circle', [0.308], [4.413, 2.021]]
['circle', [0.248], [1.819, 0.509]]
['circle', [0.335], [2.874, 0.152]]
['circle', [0.332], [4.693, 0.029]]
['circle', [0.358], [0.199, 2.942]]
['circle', [0.345], [4.944, 4.82]]
num464
start:[0.888, 1.669]
terminal:[1.579, 2.213]
obs num:15
['circle', [0.286], [1.633, 2.893]]
['circle', [0.294], [2.882, 0.32]]
['circle', [0.206], [0.0, 2.467]]
['circle', [0.255], [0.21, 0.929]]
['circle', [0.327], [4.462, 4.745]]
['circle', [0.25], [3.313, 2.091]]
['circle', [0.245], [3.895, 0.773]]
['circle', [0.394], [0.336, 3.493]]
['circle', [0.295], [3.206, 3.285]]
['circle', [0.277], [4.969, 3.178]]
['circle', [0.252], [1.221, 4.978]]
['circle', [0.312], [4.879, 0.001]]
['circle', [0.341], [2.341, 4.218]]
['circle', [0.26], [1.359, 0.658]]
['circle', [0.313], [2.351, 1.276]]
num465
start:[1.33, 0.642]
terminal:[1.522, 1.123]
obs num:15
['circle', [0.219], [1.116, 1.858]]
['circle', [0.343], [0.054, 3.547]]
['circle', [0.245], [3.15, 0.672]]
['circle', [0.398], [4.329, 4.206]]
['circle', [0.291], [1.155, 2.951]]
['circle', [0.28], [2.702, 3.674]]
['circle', [0.318], [2.165, 0.989]]
['circle', [0.275], [0.797, 0.269]]
['circle', [0.355], [4.139, 2.093]]
['circle', [0.298], [0.1, 1.801]]
['circle', [0.395], [2.309, 4.693]]
['circle', [0.358], [2.973, 2.474]]
['circle', [0.267], [1.01, 4.762]]
['circle', [0.372], [4.718, 0.884]]
['circle', [0.203], [2.046, 1.922]]
num466
start:[2.709, 0.602]
terminal:[1.097, 3.088]
obs num:15
['circle', [0.327], [4.88, 2.998]]
['circle', [0.366], [3.364, 3.044]]
['circle', [0.29], [1.611, 0.58]]
['circle', [0.39], [3.141, 1.842]]
['circle', [0.303], [0.167, 3.562]]
['circle', [0.346], [4.948, 0.794]]
['circle', [0.288], [4.376, 4.77]]
['circle', [0.242], [2.086, 4.627]]
['circle', [0.262], [1.845, 2.949]]
['circle', [0.299], [0.347, 4.649]]
['circle', [0.388], [0.363, 0.102]]
['circle', [0.256], [0.22, 1.17]]
['circle', [0.334], [0.854, 2.415]]
['circle', [0.254], [2.842, 0.112]]
['circle', [0.227], [4.653, 2.013]]
num467
start:[0.233, 1.718]
terminal:[4.457, 0.239]
obs num:15
['circle', [0.297], [3.085, 4.255]]
['circle', [0.375], [0.749, 4.16]]
['circle', [0.385], [3.051, 1.205]]
['circle', [0.297], [4.588, 4.995]]
['circle', [0.345], [1.496, 0.869]]
['circle', [0.397], [4.926, 3.924]]
['circle', [0.32], [2.416, 3.143]]
['circle', [0.332], [4.45, 2.383]]
['circle', [0.219], [3.351, 2.533]]
['circle', [0.335], [0.116, 2.42]]
['circle', [0.255], [0.464, 0.967]]
['circle', [0.294], [1.286, 2.424]]
['circle', [0.207], [4.448, 0.894]]
['circle', [0.314], [2.398, 0.287]]
['circle', [0.27], [0.637, 0.055]]
num468
start:[2.655, 2.524]
terminal:[2.384, 4.828]
obs num:15
['circle', [0.344], [1.988, 4.283]]
['circle', [0.304], [2.572, 1.976]]
['circle', [0.36], [4.044, 1.242]]
['circle', [0.304], [4.669, 4.64]]
['circle', [0.253], [3.394, 2.696]]
['circle', [0.242], [1.197, 3.649]]
['circle', [0.308], [4.655, 2.641]]
['circle', [0.255], [1.813, 0.06]]
['circle', [0.307], [0.617, 0.693]]
['circle', [0.255], [0.981, 1.665]]
['circle', [0.311], [0.157, 2.188]]
['circle', [0.282], [2.473, 3.103]]
['circle', [0.298], [0.961, 4.68]]
['circle', [0.227], [3.474, 4.556]]
['circle', [0.291], [0.167, 3.193]]
num469
start:[3.123, 4.536]
terminal:[0.984, 3.505]
obs num:15
['circle', [0.316], [2.561, 0.904]]
['circle', [0.36], [0.795, 1.743]]
['circle', [0.212], [1.455, 0.055]]
['circle', [0.211], [4.775, 4.949]]
['circle', [0.236], [4.828, 1.788]]
['circle', [0.322], [1.108, 2.869]]
['circle', [0.375], [2.852, 2.135]]
['circle', [0.206], [3.626, 2.862]]
['circle', [0.21], [2.81, 3.198]]
['circle', [0.284], [1.894, 4.656]]
['circle', [0.309], [4.473, 3.522]]
['circle', [0.209], [0.411, 4.797]]
['circle', [0.265], [0.066, 2.502]]
['circle', [0.229], [1.771, 2.169]]
['circle', [0.295], [0.17, 0.111]]
num470
start:[1.319, 0.523]
terminal:[1.4, 3.13]
obs num:15
['circle', [0.298], [1.978, 3.6]]
['circle', [0.31], [4.854, 4.995]]
['circle', [0.264], [4.783, 1.636]]
['circle', [0.335], [2.289, 1.366]]
['circle', [0.283], [1.345, 2.159]]
['circle', [0.349], [3.719, 4.676]]
['circle', [0.206], [4.174, 0.879]]
['circle', [0.208], [4.343, 3.103]]
['circle', [0.366], [0.215, 1.774]]
['circle', [0.391], [0.502, 4.983]]
['circle', [0.227], [0.514, 0.791]]
['circle', [0.274], [3.009, 0.545]]
['circle', [0.229], [1.306, 4.293]]
['circle', [0.265], [0.167, 3.004]]
['circle', [0.344], [2.651, 2.483]]
num471
start:[3.34, 4.679]
terminal:[2.917, 1.605]
obs num:15
['circle', [0.285], [2.44, 4.923]]
['circle', [0.294], [0.646, 3.571]]
['circle', [0.4], [2.347, 3.289]]
['circle', [0.305], [4.499, 1.42]]
['circle', [0.327], [0.177, 0.69]]
['circle', [0.212], [2.983, 2.373]]
['circle', [0.289], [3.734, 4.217]]
['circle', [0.221], [3.127, 1.163]]
['circle', [0.27], [4.137, 2.8]]
['circle', [0.27], [4.789, 3.819]]
['circle', [0.211], [0.957, 2.185]]
['circle', [0.296], [1.64, 0.178]]
['circle', [0.307], [4.085, 0.2]]
['circle', [0.329], [1.33, 4.534]]
['circle', [0.269], [2.028, 1.461]]
num472
start:[3.049, 3.381]
terminal:[4.838, 2.112]
obs num:15
['circle', [0.226], [0.237, 4.628]]
['circle', [0.323], [2.197, 1.348]]
['circle', [0.395], [2.242, 3.116]]
['circle', [0.28], [0.426, 3.478]]
['circle', [0.33], [2.831, 4.711]]
['circle', [0.227], [4.788, 3.581]]
['circle', [0.252], [1.543, 4.95]]
['circle', [0.274], [3.314, 1.653]]
['circle', [0.288], [4.222, 0.882]]
['circle', [0.223], [0.661, 1.519]]
['circle', [0.269], [0.639, 0.091]]
['circle', [0.238], [4.015, 4.182]]
['circle', [0.217], [2.112, 0.12]]
['circle', [0.271], [4.033, 2.673]]
['circle', [0.261], [4.741, 0.031]]
num473
start:[3.422, 0.715]
terminal:[3.814, 1.876]
obs num:15
['circle', [0.309], [4.948, 2.202]]
['circle', [0.236], [0.88, 4.724]]
['circle', [0.357], [3.812, 4.198]]
['circle', [0.265], [2.693, 0.43]]
['circle', [0.264], [2.575, 2.143]]
['circle', [0.212], [1.615, 1.399]]
['circle', [0.287], [0.166, 1.475]]
['circle', [0.316], [0.069, 3.795]]
['circle', [0.391], [2.521, 3.519]]
['circle', [0.264], [4.975, 0.689]]
['circle', [0.248], [4.973, 3.571]]
['circle', [0.357], [3.61, 2.953]]
['circle', [0.326], [0.327, 0.239]]
['circle', [0.354], [1.326, 2.657]]
['circle', [0.36], [3.802, 0.071]]
num474
start:[1.716, 1.073]
terminal:[0.178, 3.863]
obs num:15
['circle', [0.267], [3.636, 1.887]]
['circle', [0.258], [4.545, 3.118]]
['circle', [0.201], [2.479, 2.224]]
['circle', [0.373], [0.488, 1.079]]
['circle', [0.361], [4.214, 0.369]]
['circle', [0.383], [2.855, 0.454]]
['circle', [0.398], [4.684, 4.474]]
['circle', [0.225], [1.973, 4.508]]
['circle', [0.382], [1.676, 2.839]]
['circle', [0.305], [3.106, 4.153]]
['circle', [0.253], [1.734, 0.378]]
['circle', [0.248], [0.608, 4.872]]
['circle', [0.271], [0.596, 3.024]]
['circle', [0.262], [1.808, 1.553]]
['circle', [0.225], [4.772, 2.223]]
num475
start:[3.774, 2.913]
terminal:[4.293, 0.808]
obs num:15
['circle', [0.225], [0.008, 1.999]]
['circle', [0.262], [4.301, 2.426]]
['circle', [0.254], [2.105, 1.12]]
['circle', [0.318], [3.727, 4.873]]
['circle', [0.381], [1.159, 0.505]]
['circle', [0.352], [4.987, 1.596]]
['circle', [0.354], [1.807, 3.867]]
['circle', [0.208], [3.233, 2.212]]
['circle', [0.283], [2.681, 0.011]]
['circle', [0.217], [4.87, 4.286]]
['circle', [0.369], [2.266, 2.829]]
['circle', [0.375], [0.004, 4.21]]
['circle', [0.366], [3.509, 0.853]]
['circle', [0.314], [1.089, 4.787]]
['circle', [0.22], [3.239, 3.389]]
num476
start:[1.242, 2.174]
terminal:[4.711, 4.303]
obs num:15
['circle', [0.261], [4.724, 0.569]]
['circle', [0.35], [3.606, 4.966]]
['circle', [0.362], [0.902, 4.968]]
['circle', [0.343], [3.875, 1.88]]
['circle', [0.204], [2.584, 1.445]]
['circle', [0.367], [1.939, 0.08]]
['circle', [0.379], [2.432, 3.242]]
['circle', [0.301], [0.593, 1.626]]
['circle', [0.282], [0.876, 0.018]]
['circle', [0.344], [4.136, 3.046]]
['circle', [0.345], [1.047, 3.298]]
['circle', [0.252], [3.756, 0.329]]
['circle', [0.229], [4.82, 4.838]]
['circle', [0.232], [2.111, 4.445]]
['circle', [0.317], [1.849, 2.107]]
num477
start:[3.076, 1.967]
terminal:[0.759, 2.423]
obs num:15
['circle', [0.253], [0.109, 3.757]]
['circle', [0.307], [4.528, 0.897]]
['circle', [0.262], [0.591, 1.026]]
['circle', [0.347], [1.96, 3.753]]
['circle', [0.239], [3.75, 3.844]]
['circle', [0.38], [2.579, 1.59]]
['circle', [0.351], [1.408, 0.286]]
['circle', [0.372], [1.339, 2.545]]
['circle', [0.341], [4.545, 2.814]]
['circle', [0.291], [2.73, 0.094]]
['circle', [0.365], [2.741, 4.658]]
['circle', [0.218], [3.679, 0.302]]
['circle', [0.347], [0.528, 4.935]]
['circle', [0.283], [4.597, 4.88]]
['circle', [0.308], [2.946, 3.272]]
num478
start:[1.641, 1.917]
terminal:[4.703, 2.212]
obs num:15
['circle', [0.227], [1.55, 4.908]]
['circle', [0.226], [0.844, 0.395]]
['circle', [0.346], [1.638, 3.795]]
['circle', [0.323], [0.15, 4.292]]
['circle', [0.375], [2.421, 0.165]]
['circle', [0.202], [3.648, 2.47]]
['circle', [0.37], [0.351, 1.28]]
['circle', [0.318], [1.828, 2.737]]
['circle', [0.292], [3.715, 0.791]]
['circle', [0.277], [0.291, 2.882]]
['circle', [0.2], [3.945, 4.427]]
['circle', [0.281], [4.606, 3.068]]
['circle', [0.394], [1.958, 1.299]]
['circle', [0.319], [4.724, 1.485]]
['circle', [0.209], [3.612, 3.293]]
num479
start:[0.945, 4.393]
terminal:[4.141, 4.701]
obs num:15
['circle', [0.302], [4.695, 4.959]]
['circle', [0.307], [1.636, 2.0]]
['circle', [0.286], [2.024, 4.933]]
['circle', [0.271], [3.208, 0.483]]
['circle', [0.26], [0.287, 4.496]]
['circle', [0.226], [4.096, 4.005]]
['circle', [0.239], [0.29, 2.715]]
['circle', [0.207], [4.119, 0.705]]
['circle', [0.379], [1.616, 0.519]]
['circle', [0.22], [3.141, 1.818]]
['circle', [0.267], [2.031, 3.073]]
['circle', [0.28], [4.562, 3.091]]
['circle', [0.233], [0.42, 0.233]]
['circle', [0.318], [2.732, 3.96]]
['circle', [0.31], [4.882, 1.576]]
num480
start:[2.032, 4.439]
terminal:[1.141, 1.821]
obs num:15
['circle', [0.341], [0.286, 1.458]]
['circle', [0.211], [1.311, 3.785]]
['circle', [0.344], [4.329, 3.371]]
['circle', [0.298], [2.031, 0.567]]
['circle', [0.21], [3.235, 4.68]]
['circle', [0.221], [3.338, 0.81]]
['circle', [0.315], [1.667, 4.992]]
['circle', [0.267], [4.396, 0.048]]
['circle', [0.298], [1.027, 0.395]]
['circle', [0.314], [4.186, 1.994]]
['circle', [0.219], [2.39, 4.103]]
['circle', [0.214], [2.561, 2.98]]
['circle', [0.257], [0.647, 2.878]]
['circle', [0.274], [3.15, 1.948]]
['circle', [0.295], [1.646, 2.684]]
num481
start:[4.635, 4.748]
terminal:[0.362, 2.841]
obs num:15
['circle', [0.278], [4.206, 4.423]]
['circle', [0.336], [2.255, 4.383]]
['circle', [0.287], [3.317, 2.323]]
['circle', [0.368], [0.841, 4.71]]
['circle', [0.339], [4.367, 1.684]]
['circle', [0.204], [1.33, 0.941]]
['circle', [0.256], [2.663, 1.319]]
['circle', [0.239], [1.141, 2.15]]
['circle', [0.393], [0.45, 3.533]]
['circle', [0.294], [1.659, 3.525]]
['circle', [0.399], [0.294, 1.007]]
['circle', [0.211], [2.91, 0.059]]
['circle', [0.284], [3.139, 3.574]]
['circle', [0.357], [4.972, 3.287]]
['circle', [0.221], [2.269, 2.206]]
num482
start:[1.241, 2.866]
terminal:[3.101, 1.965]
obs num:15
['circle', [0.343], [4.163, 0.084]]
['circle', [0.369], [2.724, 3.81]]
['circle', [0.244], [1.131, 1.132]]
['circle', [0.308], [0.901, 3.423]]
['circle', [0.32], [4.711, 2.749]]
['circle', [0.378], [0.424, 0.323]]
['circle', [0.319], [2.209, 1.587]]
['circle', [0.303], [4.137, 4.169]]
['circle', [0.396], [1.638, 4.566]]
['circle', [0.201], [0.489, 4.246]]
['circle', [0.231], [1.097, 2.149]]
['circle', [0.385], [2.727, 0.029]]
['circle', [0.372], [3.349, 2.788]]
['circle', [0.361], [3.578, 1.469]]
['circle', [0.38], [4.988, 1.135]]
num483
start:[2.754, 2.116]
terminal:[0.45, 1.463]
obs num:15
['circle', [0.316], [2.07, 2.883]]
['circle', [0.218], [1.04, 2.39]]
['circle', [0.212], [2.462, 3.845]]
['circle', [0.206], [3.764, 3.118]]
['circle', [0.347], [2.724, 0.191]]
['circle', [0.247], [2.146, 1.643]]
['circle', [0.393], [0.981, 0.146]]
['circle', [0.205], [4.963, 4.185]]
['circle', [0.327], [3.183, 4.67]]
['circle', [0.228], [0.3, 4.277]]
['circle', [0.343], [4.692, 1.542]]
['circle', [0.342], [1.013, 3.588]]
['circle', [0.229], [3.141, 1.133]]
['circle', [0.364], [4.054, 0.12]]
['circle', [0.364], [4.695, 2.701]]
num484
start:[1.836, 4.025]
terminal:[4.586, 2.71]
obs num:15
['circle', [0.31], [4.21, 4.909]]
['circle', [0.257], [1.163, 1.846]]
['circle', [0.253], [0.736, 0.761]]
['circle', [0.355], [3.064, 4.125]]
['circle', [0.325], [2.035, 2.779]]
['circle', [0.346], [3.595, 0.248]]
['circle', [0.358], [4.168, 3.221]]
['circle', [0.25], [1.579, 4.53]]
['circle', [0.36], [3.341, 2.462]]
['circle', [0.319], [2.723, 1.36]]
['circle', [0.341], [1.074, 3.478]]
['circle', [0.283], [4.893, 1.964]]
['circle', [0.317], [2.224, 0.096]]
['circle', [0.377], [0.18, 2.632]]
['circle', [0.205], [4.701, 0.558]]
num485
start:[1.808, 1.766]
terminal:[1.777, 0.75]
obs num:15
['circle', [0.223], [0.595, 4.852]]
['circle', [0.343], [3.4, 0.232]]
['circle', [0.399], [4.226, 2.259]]
['circle', [0.229], [4.746, 4.013]]
['circle', [0.281], [4.116, 1.157]]
['circle', [0.354], [1.26, 1.53]]
['circle', [0.214], [1.941, 4.322]]
['circle', [0.316], [2.032, 2.518]]
['circle', [0.229], [0.236, 1.938]]
['circle', [0.231], [4.95, 0.65]]
['circle', [0.342], [3.012, 1.621]]
['circle', [0.205], [0.366, 4.036]]
['circle', [0.35], [3.862, 3.543]]
['circle', [0.234], [2.343, 0.51]]
['circle', [0.366], [4.322, 4.997]]
num486
start:[3.091, 2.723]
terminal:[2.736, 0.371]
obs num:15
['circle', [0.302], [0.995, 0.068]]
['circle', [0.365], [4.12, 2.762]]
['circle', [0.239], [4.408, 0.017]]
['circle', [0.309], [2.898, 3.56]]
['circle', [0.314], [4.144, 4.742]]
['circle', [0.245], [0.343, 1.781]]
['circle', [0.359], [0.98, 4.251]]
['circle', [0.373], [3.631, 0.785]]
['circle', [0.373], [2.733, 4.694]]
['circle', [0.341], [2.229, 2.476]]
['circle', [0.332], [2.085, 1.238]]
['circle', [0.309], [0.003, 2.943]]
['circle', [0.223], [4.918, 3.986]]
['circle', [0.222], [1.977, 3.88]]
['circle', [0.221], [4.992, 1.856]]
num487
start:[4.137, 0.667]
terminal:[2.9, 0.199]
obs num:15
['circle', [0.229], [0.026, 0.492]]
['circle', [0.272], [2.741, 2.239]]
['circle', [0.269], [4.377, 4.608]]
['circle', [0.309], [1.184, 2.037]]
['circle', [0.397], [3.306, 3.317]]
['circle', [0.204], [4.39, 1.27]]
['circle', [0.209], [1.688, 3.358]]
['circle', [0.304], [4.743, 2.989]]
['circle', [0.282], [1.495, 4.555]]
['circle', [0.206], [1.683, 0.783]]
['circle', [0.313], [3.149, 4.746]]
['circle', [0.251], [0.07, 1.43]]
['circle', [0.338], [0.384, 4.384]]
['circle', [0.283], [3.528, 0.142]]
['circle', [0.218], [4.854, 0.35]]
num488
start:[0.498, 3.658]
terminal:[3.149, 2.595]
obs num:15
['circle', [0.219], [0.08, 2.906]]
['circle', [0.258], [3.404, 3.15]]
['circle', [0.29], [2.021, 2.503]]
['circle', [0.272], [1.687, 3.916]]
['circle', [0.334], [4.205, 4.161]]
['circle', [0.347], [3.695, 0.98]]
['circle', [0.251], [0.25, 1.953]]
['circle', [0.299], [0.3, 0.924]]
['circle', [0.209], [3.385, 1.971]]
['circle', [0.271], [1.685, 0.691]]
['circle', [0.377], [2.863, 4.643]]
['circle', [0.377], [0.744, 4.874]]
['circle', [0.244], [4.265, 2.436]]
['circle', [0.295], [4.946, 1.433]]
['circle', [0.244], [0.944, 2.792]]
num489
start:[3.408, 2.511]
terminal:[3.503, 0.885]
obs num:15
['circle', [0.37], [4.816, 0.012]]
['circle', [0.237], [3.064, 4.422]]
['circle', [0.303], [3.514, 0.353]]
['circle', [0.372], [0.753, 4.412]]
['circle', [0.269], [1.513, 0.379]]
['circle', [0.393], [4.194, 2.417]]
['circle', [0.274], [0.577, 0.655]]
['circle', [0.332], [0.881, 2.188]]
['circle', [0.353], [2.768, 3.436]]
['circle', [0.26], [2.877, 1.975]]
['circle', [0.236], [4.753, 4.295]]
['circle', [0.323], [1.854, 1.741]]
['circle', [0.272], [0.001, 2.747]]
['circle', [0.262], [0.861, 3.218]]
['circle', [0.247], [2.394, 0.055]]
num490
start:[1.742, 0.577]
terminal:[2.953, 1.29]
obs num:15
['circle', [0.335], [2.256, 5.0]]
['circle', [0.386], [4.207, 3.956]]
['circle', [0.213], [4.703, 2.987]]
['circle', [0.264], [3.87, 1.179]]
['circle', [0.23], [1.032, 1.67]]
['circle', [0.274], [2.427, 3.249]]
['circle', [0.396], [0.924, 4.637]]
['circle', [0.39], [0.477, 0.515]]
['circle', [0.251], [2.883, 2.412]]
['circle', [0.277], [1.843, 0.026]]
['circle', [0.396], [4.303, 0.115]]
['circle', [0.272], [0.149, 2.192]]
['circle', [0.307], [2.211, 0.965]]
['circle', [0.223], [2.96, 4.152]]
['circle', [0.26], [1.895, 2.321]]
num491
start:[2.669, 0.885]
terminal:[1.052, 1.59]
obs num:15
['circle', [0.324], [1.402, 3.559]]
['circle', [0.265], [3.556, 2.097]]
['circle', [0.219], [1.161, 0.777]]
['circle', [0.263], [0.287, 4.862]]
['circle', [0.209], [2.442, 1.814]]
['circle', [0.235], [3.611, 3.239]]
['circle', [0.31], [3.378, 4.433]]
['circle', [0.214], [4.725, 1.905]]
['circle', [0.25], [4.993, 4.147]]
['circle', [0.231], [1.747, 2.624]]
['circle', [0.264], [4.835, 0.193]]
['circle', [0.209], [4.436, 1.112]]
['circle', [0.329], [2.482, 3.26]]
['circle', [0.237], [0.38, 3.072]]
['circle', [0.385], [3.383, 0.981]]
num492
start:[1.835, 2.75]
terminal:[0.303, 1.345]
obs num:15
['circle', [0.267], [1.831, 4.885]]
['circle', [0.397], [0.671, 4.979]]
['circle', [0.258], [0.857, 0.118]]
['circle', [0.225], [3.719, 2.315]]
['circle', [0.267], [4.936, 2.902]]
['circle', [0.292], [4.009, 0.214]]
['circle', [0.225], [3.071, 3.497]]
['circle', [0.298], [4.177, 4.047]]
['circle', [0.256], [1.026, 1.819]]
['circle', [0.326], [2.656, 1.443]]
['circle', [0.309], [1.894, 0.385]]
['circle', [0.355], [0.083, 2.667]]
['circle', [0.264], [2.806, 4.577]]
['circle', [0.23], [2.385, 2.652]]
['circle', [0.329], [1.203, 3.891]]
num493
start:[3.402, 1.426]
terminal:[2.883, 1.745]
obs num:15
['circle', [0.207], [4.751, 0.94]]
['circle', [0.247], [4.188, 1.882]]
['circle', [0.341], [0.889, 2.583]]
['circle', [0.24], [3.93, 4.103]]
['circle', [0.357], [0.649, 4.463]]
['circle', [0.326], [2.81, 0.31]]
['circle', [0.334], [2.732, 3.079]]
['circle', [0.288], [1.923, 0.863]]
['circle', [0.355], [1.909, 3.987]]
['circle', [0.348], [0.272, 1.337]]
['circle', [0.31], [0.371, 0.078]]
['circle', [0.273], [3.89, 3.093]]
['circle', [0.348], [4.65, 4.829]]
['circle', [0.389], [3.916, 0.097]]
['circle', [0.25], [4.996, 3.641]]
num494
start:[2.415, 3.664]
terminal:[2.807, 0.608]
obs num:15
['circle', [0.352], [3.016, 1.594]]
['circle', [0.237], [1.022, 3.686]]
['circle', [0.202], [1.77, 3.057]]
['circle', [0.23], [4.148, 0.702]]
['circle', [0.319], [4.902, 1.639]]
['circle', [0.348], [2.486, 4.565]]
['circle', [0.219], [1.927, 0.874]]
['circle', [0.334], [4.146, 4.406]]
['circle', [0.227], [3.063, 3.41]]
['circle', [0.261], [4.845, 3.169]]
['circle', [0.233], [0.229, 3.122]]
['circle', [0.214], [0.892, 0.378]]
['circle', [0.204], [1.556, 1.769]]
['circle', [0.388], [1.274, 4.718]]
['circle', [0.283], [2.539, 2.573]]
num495
start:[1.845, 3.556]
terminal:[2.961, 3.369]
obs num:15
['circle', [0.205], [0.011, 0.804]]
['circle', [0.27], [4.842, 3.353]]
['circle', [0.324], [3.529, 3.081]]
['circle', [0.268], [2.952, 4.368]]
['circle', [0.314], [4.73, 4.96]]
['circle', [0.358], [1.121, 0.749]]
['circle', [0.301], [2.274, 1.554]]
['circle', [0.24], [2.969, 0.212]]
['circle', [0.359], [0.041, 3.011]]
['circle', [0.327], [4.05, 2.07]]
['circle', [0.295], [4.154, 0.073]]
['circle', [0.333], [0.912, 4.816]]
['circle', [0.288], [0.94, 3.714]]
['circle', [0.207], [0.774, 2.358]]
['circle', [0.245], [0.055, 1.796]]
num496
start:[4.588, 2.041]
terminal:[1.396, 3.898]
obs num:15
['circle', [0.238], [1.736, 2.895]]
['circle', [0.345], [3.971, 0.257]]
['circle', [0.225], [1.443, 4.785]]
['circle', [0.328], [3.15, 4.146]]
['circle', [0.208], [0.349, 2.532]]
['circle', [0.213], [2.349, 2.226]]
['circle', [0.248], [3.887, 3.145]]
['circle', [0.255], [3.486, 2.187]]
['circle', [0.289], [3.309, 1.067]]
['circle', [0.393], [0.049, 0.699]]
['circle', [0.219], [0.909, 1.859]]
['circle', [0.333], [4.311, 4.58]]
['circle', [0.3], [0.844, 3.378]]
['circle', [0.311], [2.05, 0.924]]
['circle', [0.268], [4.825, 2.653]]
num497
start:[2.579, 0.638]
terminal:[1.669, 0.389]
obs num:15
['circle', [0.257], [4.319, 1.264]]
['circle', [0.328], [4.471, 4.21]]
['circle', [0.361], [2.786, 3.053]]
['circle', [0.287], [4.006, 3.107]]
['circle', [0.283], [0.792, 3.788]]
['circle', [0.392], [1.212, 2.343]]
['circle', [0.243], [1.835, 3.923]]
['circle', [0.324], [1.711, 1.341]]
['circle', [0.214], [4.027, 0.035]]
['circle', [0.288], [3.13, 1.943]]
['circle', [0.26], [3.062, 0.096]]
['circle', [0.239], [4.82, 2.217]]
['circle', [0.342], [0.099, 0.794]]
['circle', [0.314], [3.404, 4.869]]
['circle', [0.237], [0.141, 2.492]]
num498
start:[3.782, 1.915]
terminal:[2.071, 1.447]
obs num:15
['circle', [0.237], [1.027, 4.837]]
['circle', [0.243], [3.127, 2.914]]
['circle', [0.35], [4.683, 2.446]]
['circle', [0.333], [1.948, 2.161]]
['circle', [0.258], [0.122, 3.861]]
['circle', [0.371], [3.459, 1.227]]
['circle', [0.302], [4.93, 4.932]]
['circle', [0.305], [1.353, 1.249]]
['circle', [0.284], [4.461, 0.549]]
['circle', [0.236], [2.078, 3.274]]
['circle', [0.254], [3.038, 4.052]]
['circle', [0.293], [4.961, 3.5]]
['circle', [0.251], [0.641, 1.893]]
['circle', [0.242], [3.538, 4.892]]
['circle', [0.307], [1.065, 0.068]]
num499
start:[1.91, 4.77]
terminal:[2.136, 3.589]
obs num:15
['circle', [0.244], [1.949, 4.2]]
['circle', [0.303], [2.056, 0.264]]
['circle', [0.342], [3.279, 4.637]]
['circle', [0.369], [0.957, 1.296]]
['circle', [0.248], [4.613, 4.294]]
['circle', [0.305], [3.328, 2.762]]
['circle', [0.303], [0.742, 4.341]]
['circle', [0.224], [4.951, 3.356]]
['circle', [0.351], [0.536, 2.388]]
['circle', [0.291], [4.895, 0.814]]
['circle', [0.272], [1.976, 2.53]]
['circle', [0.208], [4.257, 1.556]]
['circle', [0.309], [3.089, 0.441]]
['circle', [0.274], [2.343, 1.304]]
['circle', [0.395], [0.851, 0.026]]
num500
start:[2.171, 3.213]
terminal:[3.521, 0.243]
obs num:15
['circle', [0.204], [0.117, 3.324]]
['circle', [0.333], [2.304, 3.816]]
['circle', [0.303], [4.865, 1.493]]
['circle', [0.306], [0.31, 4.348]]
['circle', [0.382], [2.035, 2.262]]
['circle', [0.354], [2.927, 0.753]]
['circle', [0.274], [1.072, 3.594]]
['circle', [0.278], [4.513, 0.196]]
['circle', [0.214], [4.814, 4.784]]
['circle', [0.216], [3.817, 1.826]]
['circle', [0.27], [4.112, 2.798]]
['circle', [0.31], [0.981, 0.39]]
['circle', [0.341], [4.496, 3.811]]
['circle', [0.216], [1.751, 4.761]]
['circle', [0.336], [0.743, 1.698]]
num501
start:[1.077, 0.245]
terminal:[3.731, 4.27]
obs num:15
['circle', [0.233], [2.973, 3.098]]
['circle', [0.336], [4.427, 3.156]]
['circle', [0.278], [1.188, 1.98]]
['circle', [0.39], [0.994, 4.512]]
['circle', [0.264], [3.683, 0.056]]
['circle', [0.206], [2.692, 1.338]]
['circle', [0.388], [4.282, 1.937]]
['circle', [0.262], [2.628, 4.925]]
['circle', [0.286], [2.281, 0.09]]
['circle', [0.315], [4.834, 0.306]]
['circle', [0.361], [4.895, 4.975]]
['circle', [0.255], [0.172, 2.714]]
['circle', [0.245], [2.255, 3.615]]
['circle', [0.335], [0.223, 0.515]]
['circle', [0.214], [0.176, 3.871]]
num502
start:[3.187, 4.118]
terminal:[0.73, 2.863]
obs num:15
['circle', [0.314], [3.816, 4.389]]
['circle', [0.22], [4.894, 3.318]]
['circle', [0.256], [4.309, 1.87]]
['circle', [0.244], [1.291, 2.299]]
['circle', [0.383], [4.304, 0.614]]
['circle', [0.353], [2.216, 0.764]]
['circle', [0.377], [3.222, 0.151]]
['circle', [0.323], [1.077, 0.75]]
['circle', [0.383], [3.345, 3.381]]
['circle', [0.377], [0.122, 3.61]]
['circle', [0.278], [2.1, 3.855]]
['circle', [0.375], [2.809, 2.136]]
['circle', [0.234], [2.001, 2.871]]
['circle', [0.231], [0.222, 1.268]]
['circle', [0.365], [0.665, 4.722]]
num503
start:[3.115, 0.397]
terminal:[0.842, 2.257]
obs num:15
['circle', [0.247], [0.283, 0.034]]
['circle', [0.377], [2.161, 2.166]]
['circle', [0.392], [0.646, 4.475]]
['circle', [0.306], [4.432, 3.094]]
['circle', [0.33], [3.116, 3.893]]
['circle', [0.336], [2.329, 0.994]]
['circle', [0.332], [0.58, 1.198]]
['circle', [0.329], [3.526, 2.111]]
['circle', [0.27], [1.45, 3.132]]
['circle', [0.365], [3.954, 4.977]]
['circle', [0.221], [0.23, 3.018]]
['circle', [0.262], [4.711, 1.566]]
['circle', [0.397], [4.625, 0.213]]
['circle', [0.221], [3.649, 0.532]]
['circle', [0.276], [2.549, 4.976]]
num504
start:[1.086, 1.935]
terminal:[1.5, 3.744]
obs num:15
['circle', [0.272], [4.981, 4.262]]
['circle', [0.297], [3.48, 4.455]]
['circle', [0.361], [0.553, 2.297]]
['circle', [0.251], [4.405, 0.733]]
['circle', [0.382], [4.561, 2.237]]
['circle', [0.287], [2.622, 0.35]]
['circle', [0.243], [2.907, 1.305]]
['circle', [0.238], [1.559, 4.95]]
['circle', [0.324], [1.892, 3.38]]
['circle', [0.305], [0.75, 0.213]]
['circle', [0.314], [2.835, 2.404]]
['circle', [0.211], [0.449, 4.696]]
['circle', [0.298], [3.117, 3.412]]
['circle', [0.322], [1.911, 1.234]]
['circle', [0.382], [0.161, 3.729]]
num505
start:[1.069, 3.188]
terminal:[3.494, 4.471]
obs num:15
['circle', [0.249], [4.064, 3.444]]
['circle', [0.286], [0.745, 1.412]]
['circle', [0.265], [2.03, 0.318]]
['circle', [0.273], [2.958, 1.105]]
['circle', [0.285], [4.956, 4.601]]
['circle', [0.391], [3.51, 0.058]]
['circle', [0.255], [4.969, 1.268]]
['circle', [0.349], [1.121, 2.514]]
['circle', [0.292], [2.517, 4.52]]
['circle', [0.365], [1.247, 3.933]]
['circle', [0.265], [2.734, 3.242]]
['circle', [0.25], [4.624, 0.105]]
['circle', [0.302], [3.478, 2.247]]
['circle', [0.251], [3.885, 4.973]]
['circle', [0.209], [0.616, 0.419]]
num506
start:[0.787, 1.317]
terminal:[4.83, 4.603]
obs num:15
['circle', [0.293], [0.088, 3.551]]
['circle', [0.326], [3.2, 4.457]]
['circle', [0.332], [4.636, 3.973]]
['circle', [0.359], [2.06, 4.537]]
['circle', [0.28], [2.48, 0.918]]
['circle', [0.325], [4.989, 1.517]]
['circle', [0.285], [3.623, 2.457]]
['circle', [0.235], [1.88, 2.145]]
['circle', [0.329], [1.27, 3.3]]
['circle', [0.312], [1.405, 0.544]]
['circle', [0.308], [0.56, 2.308]]
['circle', [0.391], [4.089, 0.077]]
['circle', [0.227], [0.111, 4.644]]
['circle', [0.208], [3.987, 1.078]]
['circle', [0.295], [4.884, 2.557]]
num507
start:[3.826, 1.499]
terminal:[1.306, 1.617]
obs num:15
['circle', [0.3], [0.413, 0.314]]
['circle', [0.246], [3.423, 1.799]]
['circle', [0.248], [2.312, 4.745]]
['circle', [0.211], [4.466, 4.839]]
['circle', [0.296], [4.317, 3.191]]
['circle', [0.311], [0.252, 4.542]]
['circle', [0.234], [3.708, 3.981]]
['circle', [0.247], [2.006, 1.398]]
['circle', [0.229], [2.696, 0.305]]
['circle', [0.238], [2.394, 2.859]]
['circle', [0.266], [1.464, 2.237]]
['circle', [0.296], [0.346, 1.958]]
['circle', [0.219], [4.9, 4.091]]
['circle', [0.247], [0.578, 3.001]]
['circle', [0.238], [4.78, 0.72]]
num508
start:[2.456, 2.052]
terminal:[0.853, 1.888]
obs num:15
['circle', [0.245], [3.616, 0.818]]
['circle', [0.311], [2.541, 4.503]]
['circle', [0.234], [1.326, 4.956]]
['circle', [0.344], [0.966, 1.292]]
['circle', [0.372], [4.889, 3.042]]
['circle', [0.2], [0.704, 2.835]]
['circle', [0.222], [2.372, 1.473]]
['circle', [0.388], [1.507, 3.753]]
['circle', [0.232], [1.576, 2.622]]
['circle', [0.224], [4.941, 4.416]]
['circle', [0.258], [3.241, 2.898]]
['circle', [0.283], [2.02, 0.188]]
['circle', [0.347], [0.022, 4.482]]
['circle', [0.222], [0.049, 0.609]]
['circle', [0.362], [3.953, 1.836]]
num509
start:[1.212, 2.81]
terminal:[2.157, 3.427]
obs num:15
['circle', [0.352], [3.757, 4.477]]
['circle', [0.317], [0.226, 4.723]]
['circle', [0.342], [0.329, 2.459]]
['circle', [0.357], [4.034, 3.376]]
['circle', [0.399], [2.593, 1.265]]
['circle', [0.366], [0.035, 0.369]]
['circle', [0.239], [1.581, 2.483]]
['circle', [0.355], [3.929, 0.353]]
['circle', [0.36], [4.901, 2.146]]
['circle', [0.218], [2.648, 3.841]]
['circle', [0.264], [1.899, 0.377]]
['circle', [0.262], [1.633, 4.393]]
['circle', [0.218], [1.186, 1.118]]
['circle', [0.301], [4.949, 4.248]]
['circle', [0.255], [2.9, 2.461]]
num510
start:[3.346, 1.655]
terminal:[4.535, 1.45]
obs num:15
['circle', [0.273], [4.997, 1.052]]
['circle', [0.3], [1.9, 4.215]]
['circle', [0.221], [4.857, 0.162]]
['circle', [0.255], [3.895, 0.773]]
['circle', [0.34], [0.04, 0.568]]
['circle', [0.265], [1.019, 2.474]]
['circle', [0.393], [0.071, 4.169]]
['circle', [0.262], [3.235, 3.595]]
['circle', [0.271], [4.103, 4.289]]
['circle', [0.256], [4.144, 2.547]]
['circle', [0.303], [1.02, 3.62]]
['circle', [0.207], [2.394, 0.885]]
['circle', [0.267], [3.013, 2.275]]
['circle', [0.234], [1.596, 0.191]]
['circle', [0.207], [0.373, 1.69]]
num511
start:[1.81, 0.623]
terminal:[0.623, 0.557]
obs num:15
['circle', [0.29], [1.311, 1.357]]
['circle', [0.251], [2.409, 1.141]]
['circle', [0.385], [2.574, 0.008]]
['circle', [0.3], [0.893, 3.122]]
['circle', [0.312], [4.279, 4.117]]
['circle', [0.28], [3.431, 2.348]]
['circle', [0.268], [4.594, 1.275]]
['circle', [0.386], [3.05, 4.319]]
['circle', [0.202], [2.022, 4.588]]
['circle', [0.236], [0.141, 1.23]]
['circle', [0.391], [1.02, 4.906]]
['circle', [0.24], [2.017, 2.441]]
['circle', [0.286], [1.069, 0.001]]
['circle', [0.273], [4.806, 2.708]]
['circle', [0.344], [4.238, 0.141]]
num512
start:[0.792, 2.194]
terminal:[0.382, 3.224]
obs num:15
['circle', [0.303], [0.326, 4.018]]
['circle', [0.341], [3.43, 0.197]]
['circle', [0.357], [2.202, 1.349]]
['circle', [0.354], [2.816, 4.133]]
['circle', [0.286], [2.037, 0.309]]
['circle', [0.317], [3.354, 2.536]]
['circle', [0.243], [4.548, 3.774]]
['circle', [0.386], [1.03, 4.987]]
['circle', [0.238], [1.013, 2.989]]
['circle', [0.35], [4.304, 0.871]]
['circle', [0.358], [3.766, 4.719]]
['circle', [0.33], [4.416, 1.963]]
['circle', [0.309], [0.329, 1.688]]
['circle', [0.299], [2.42, 3.031]]
['circle', [0.337], [0.422, 0.022]]
num513
start:[2.71, 4.722]
terminal:[3.443, 0.489]
obs num:15
['circle', [0.331], [4.927, 4.972]]
['circle', [0.372], [1.529, 4.309]]
['circle', [0.223], [2.386, 0.244]]
['circle', [0.2], [0.765, 3.08]]
['circle', [0.205], [3.071, 0.808]]
['circle', [0.313], [4.763, 3.914]]
['circle', [0.306], [1.532, 2.399]]
['circle', [0.333], [0.312, 4.113]]
['circle', [0.204], [0.883, 0.117]]
['circle', [0.216], [2.976, 3.095]]
['circle', [0.255], [4.012, 2.805]]
['circle', [0.355], [2.345, 1.64]]
['circle', [0.215], [0.34, 1.958]]
['circle', [0.391], [4.083, 1.539]]
['circle', [0.264], [3.17, 4.554]]
num514
start:[4.493, 1.784]
terminal:[2.287, 2.948]
obs num:15
['circle', [0.251], [0.862, 1.055]]
['circle', [0.32], [4.149, 0.353]]
['circle', [0.317], [2.284, 1.922]]
['circle', [0.36], [2.027, 4.397]]
['circle', [0.337], [1.111, 3.7]]
['circle', [0.235], [0.743, 2.174]]
['circle', [0.376], [3.408, 4.75]]
['circle', [0.22], [2.922, 1.178]]
['circle', [0.302], [3.84, 1.92]]
['circle', [0.243], [0.061, 4.554]]
['circle', [0.225], [4.746, 4.542]]
['circle', [0.218], [4.503, 2.67]]
['circle', [0.214], [3.673, 3.417]]
['circle', [0.296], [0.159, 3.193]]
['circle', [0.252], [2.637, 0.047]]
num515
start:[2.906, 2.725]
terminal:[2.209, 0.915]
obs num:15
['circle', [0.245], [1.416, 0.297]]
['circle', [0.267], [4.939, 1.378]]
['circle', [0.37], [0.96, 4.635]]
['circle', [0.386], [3.052, 4.285]]
['circle', [0.4], [3.578, 1.465]]
['circle', [0.2], [3.35, 2.948]]
['circle', [0.316], [0.995, 2.083]]
['circle', [0.378], [4.753, 3.996]]
['circle', [0.25], [0.181, 1.349]]
['circle', [0.219], [3.442, 0.041]]
['circle', [0.306], [1.709, 2.902]]
['circle', [0.261], [2.081, 1.368]]
['circle', [0.291], [0.309, 0.057]]
['circle', [0.23], [4.561, 2.488]]
['circle', [0.239], [0.689, 3.067]]
num516
start:[2.963, 3.181]
terminal:[1.884, 1.17]
obs num:15
['circle', [0.264], [2.693, 2.281]]
['circle', [0.378], [0.379, 0.617]]
['circle', [0.235], [1.606, 4.884]]
['circle', [0.253], [3.403, 4.465]]
['circle', [0.336], [4.593, 3.403]]
['circle', [0.212], [1.581, 4.019]]
['circle', [0.333], [0.369, 3.879]]
['circle', [0.302], [4.206, 0.712]]
['circle', [0.38], [3.028, 1.289]]
['circle', [0.201], [1.725, 2.281]]
['circle', [0.313], [4.847, 1.682]]
['circle', [0.219], [0.611, 2.71]]
['circle', [0.346], [1.509, 0.166]]
['circle', [0.317], [3.871, 2.397]]
['circle', [0.232], [2.189, 3.3]]
num517
start:[2.23, 3.267]
terminal:[3.633, 4.764]
obs num:15
['circle', [0.275], [0.104, 4.905]]
['circle', [0.234], [4.216, 1.124]]
['circle', [0.331], [3.282, 3.444]]
['circle', [0.201], [3.265, 2.445]]
['circle', [0.263], [4.388, 3.524]]
['circle', [0.289], [0.812, 1.093]]
['circle', [0.308], [2.835, 0.344]]
['circle', [0.22], [4.999, 0.196]]
['circle', [0.342], [2.487, 4.702]]
['circle', [0.216], [0.081, 2.09]]
['circle', [0.25], [1.285, 3.634]]
['circle', [0.232], [1.691, 1.656]]
['circle', [0.304], [4.688, 2.119]]
['circle', [0.395], [4.586, 4.625]]
['circle', [0.323], [2.056, 2.674]]
num518
start:[3.921, 0.151]
terminal:[3.597, 3.715]
obs num:15
['circle', [0.296], [1.767, 0.166]]
['circle', [0.256], [4.237, 3.103]]
['circle', [0.227], [0.454, 0.331]]
['circle', [0.374], [0.705, 3.14]]
['circle', [0.337], [2.354, 4.042]]
['circle', [0.326], [1.846, 2.391]]
['circle', [0.27], [4.813, 0.605]]
['circle', [0.214], [3.717, 0.587]]
['circle', [0.295], [3.288, 1.788]]
['circle', [0.367], [4.243, 4.728]]
['circle', [0.333], [4.802, 1.666]]
['circle', [0.294], [0.956, 4.184]]
['circle', [0.305], [1.16, 1.083]]
['circle', [0.314], [0.088, 2.167]]
['circle', [0.273], [3.128, 3.361]]
num519
start:[2.472, 4.62]
terminal:[3.46, 4.152]
obs num:15
['circle', [0.239], [2.652, 0.847]]
['circle', [0.294], [0.264, 2.472]]
['circle', [0.261], [0.901, 1.434]]
['circle', [0.229], [3.617, 2.696]]
['circle', [0.203], [0.824, 4.714]]
['circle', [0.201], [1.551, 4.189]]
['circle', [0.277], [3.817, 0.105]]
['circle', [0.206], [0.704, 3.664]]
['circle', [0.371], [4.624, 3.927]]
['circle', [0.268], [4.843, 0.162]]
['circle', [0.311], [3.218, 4.954]]
['circle', [0.377], [3.789, 1.532]]
['circle', [0.363], [0.608, 0.43]]
['circle', [0.325], [2.035, 2.8]]
['circle', [0.351], [2.439, 3.806]]
num520
start:[1.656, 3.672]
terminal:[2.419, 0.829]
obs num:15
['circle', [0.263], [1.642, 0.062]]
['circle', [0.285], [0.433, 2.141]]
['circle', [0.254], [4.262, 4.815]]
['circle', [0.229], [0.159, 3.517]]
['circle', [0.27], [2.155, 3.41]]
['circle', [0.234], [1.177, 0.949]]
['circle', [0.232], [2.914, 0.835]]
['circle', [0.215], [4.612, 2.382]]
['circle', [0.39], [2.623, 2.006]]
['circle', [0.274], [1.862, 4.671]]
['circle', [0.286], [4.26, 3.651]]
['circle', [0.256], [3.897, 1.029]]
['circle', [0.35], [3.489, 2.886]]
['circle', [0.285], [0.035, 1.214]]
['circle', [0.344], [4.585, 0.223]]
num521
start:[1.23, 2.194]
terminal:[3.717, 1.811]
obs num:15
['circle', [0.397], [3.276, 4.12]]
['circle', [0.296], [2.112, 2.907]]
['circle', [0.206], [0.624, 0.788]]
['circle', [0.313], [2.81, 1.201]]
['circle', [0.26], [1.425, 4.694]]
['circle', [0.262], [0.521, 2.342]]
['circle', [0.371], [4.397, 4.831]]
['circle', [0.349], [0.563, 4.091]]
['circle', [0.299], [4.774, 3.573]]
['circle', [0.32], [4.483, 2.164]]
['circle', [0.325], [4.635, 0.143]]
['circle', [0.264], [2.221, 0.225]]
['circle', [0.267], [3.035, 2.545]]
['circle', [0.204], [3.288, 0.024]]
['circle', [0.242], [1.86, 1.884]]
num522
start:[4.065, 3.127]
terminal:[1.441, 1.201]
obs num:15
['circle', [0.304], [3.815, 0.884]]
['circle', [0.222], [0.167, 0.664]]
['circle', [0.294], [2.809, 3.074]]
['circle', [0.228], [1.087, 2.799]]
['circle', [0.247], [2.387, 1.758]]
['circle', [0.288], [1.778, 0.303]]
['circle', [0.344], [4.855, 4.892]]
['circle', [0.28], [4.815, 0.665]]
['circle', [0.352], [0.275, 3.58]]
['circle', [0.23], [1.925, 3.371]]
['circle', [0.37], [2.012, 4.614]]
['circle', [0.216], [3.085, 4.716]]
['circle', [0.318], [4.378, 1.956]]
['circle', [0.243], [4.77, 2.993]]
['circle', [0.24], [1.349, 1.812]]
num523
start:[0.34, 3.767]
terminal:[0.939, 1.438]
obs num:15
['circle', [0.27], [2.795, 0.73]]
['circle', [0.277], [4.025, 0.216]]
['circle', [0.303], [0.937, 2.244]]
['circle', [0.213], [2.154, 1.782]]
['circle', [0.222], [4.746, 2.334]]
['circle', [0.24], [4.308, 4.141]]
['circle', [0.206], [0.064, 1.803]]
['circle', [0.285], [0.84, 0.04]]
['circle', [0.339], [3.83, 1.249]]
['circle', [0.364], [2.791, 4.506]]
['circle', [0.367], [1.126, 4.977]]
['circle', [0.28], [1.858, 2.648]]
['circle', [0.313], [3.14, 3.004]]
['circle', [0.226], [1.896, 3.709]]
['circle', [0.297], [0.122, 4.532]]
num524
start:[2.645, 1.804]
terminal:[2.102, 0.565]
obs num:15
['circle', [0.226], [1.002, 3.318]]
['circle', [0.236], [4.296, 4.812]]
['circle', [0.352], [1.406, 1.521]]
['circle', [0.28], [0.025, 0.618]]
['circle', [0.361], [4.256, 3.751]]
['circle', [0.26], [1.815, 4.667]]
['circle', [0.366], [4.848, 2.299]]
['circle', [0.266], [0.042, 4.799]]
['circle', [0.301], [3.417, 0.241]]
['circle', [0.26], [2.463, 2.357]]
['circle', [0.221], [3.629, 1.74]]
['circle', [0.204], [1.131, 0.354]]
['circle', [0.295], [4.529, 0.607]]
['circle', [0.242], [2.577, 0.758]]
['circle', [0.37], [0.535, 2.271]]
num525
start:[3.33, 3.918]
terminal:[1.553, 4.311]
obs num:15
['circle', [0.39], [2.649, 3.695]]
['circle', [0.213], [3.28, 4.812]]
['circle', [0.267], [4.002, 2.075]]
['circle', [0.21], [1.154, 1.251]]
['circle', [0.251], [0.029, 2.087]]
['circle', [0.29], [3.456, 0.09]]
['circle', [0.249], [0.557, 4.812]]
['circle', [0.371], [0.816, 3.042]]
['circle', [0.286], [4.414, 3.625]]
['circle', [0.311], [4.476, 4.759]]
['circle', [0.333], [2.013, 0.024]]
['circle', [0.351], [0.005, 0.219]]
['circle', [0.221], [1.476, 2.051]]
['circle', [0.327], [2.87, 1.185]]
['circle', [0.239], [4.656, 0.512]]
num526
start:[1.836, 4.005]
terminal:[3.239, 3.884]
obs num:15
['circle', [0.201], [4.862, 1.617]]
['circle', [0.207], [0.738, 4.759]]
['circle', [0.362], [1.677, 2.494]]
['circle', [0.354], [4.533, 4.043]]
['circle', [0.214], [0.938, 1.506]]
['circle', [0.392], [0.19, 0.315]]
['circle', [0.365], [2.968, 1.684]]
['circle', [0.23], [0.492, 3.181]]
['circle', [0.282], [2.697, 0.661]]
['circle', [0.313], [3.095, 3.266]]
['circle', [0.326], [2.165, 4.924]]
['circle', [0.29], [4.173, 2.657]]
['circle', [0.386], [3.772, 0.588]]
['circle', [0.234], [3.452, 4.724]]
['circle', [0.249], [1.708, 0.298]]
num527
start:[0.388, 2.331]
terminal:[4.398, 4.358]
obs num:15
['circle', [0.361], [1.984, 3.758]]
['circle', [0.397], [4.972, 0.313]]
['circle', [0.291], [4.19, 2.385]]
['circle', [0.221], [0.737, 0.0]]
['circle', [0.238], [3.218, 3.629]]
['circle', [0.305], [2.588, 2.436]]
['circle', [0.251], [1.293, 0.685]]
['circle', [0.285], [1.488, 2.319]]
['circle', [0.382], [0.53, 3.183]]
['circle', [0.308], [1.17, 4.925]]
['circle', [0.327], [0.465, 1.455]]
['circle', [0.344], [4.794, 3.398]]
['circle', [0.242], [4.044, 1.35]]
['circle', [0.276], [2.399, 4.71]]
['circle', [0.371], [2.945, 1.055]]
num528
start:[3.861, 1.397]
terminal:[1.057, 4.084]
obs num:15
['circle', [0.356], [4.329, 4.579]]
['circle', [0.383], [0.802, 0.609]]
['circle', [0.319], [4.437, 0.528]]
['circle', [0.384], [4.999, 2.268]]
['circle', [0.242], [1.645, 4.431]]
['circle', [0.379], [0.511, 1.974]]
['circle', [0.239], [2.646, 2.216]]
['circle', [0.205], [3.514, 0.388]]
['circle', [0.225], [0.632, 3.068]]
['circle', [0.339], [4.747, 3.48]]
['circle', [0.253], [2.559, 0.19]]
['circle', [0.354], [2.578, 3.631]]
['circle', [0.394], [2.681, 4.957]]
['circle', [0.39], [1.778, 1.528]]
['circle', [0.328], [0.346, 4.436]]
num529
start:[4.202, 3.637]
terminal:[2.598, 2.192]
obs num:15
['circle', [0.301], [3.698, 3.527]]
['circle', [0.342], [2.229, 4.8]]
['circle', [0.334], [4.799, 2.754]]
['circle', [0.244], [1.383, 2.227]]
['circle', [0.201], [1.903, 0.488]]
['circle', [0.252], [4.765, 4.76]]
['circle', [0.201], [2.861, 1.426]]
['circle', [0.366], [4.348, 1.061]]
['circle', [0.355], [0.954, 3.153]]
['circle', [0.331], [2.773, 3.038]]
['circle', [0.284], [0.643, 1.584]]
['circle', [0.29], [0.688, 4.678]]
['circle', [0.259], [3.239, 0.209]]
['circle', [0.292], [3.618, 2.062]]
['circle', [0.349], [3.427, 4.55]]
num530
start:[0.875, 1.223]
terminal:[2.176, 1.246]
obs num:15
['circle', [0.32], [4.838, 0.026]]
['circle', [0.276], [0.932, 4.287]]
['circle', [0.274], [0.123, 1.902]]
['circle', [0.286], [2.428, 4.495]]
['circle', [0.302], [2.609, 2.38]]
['circle', [0.291], [0.548, 0.363]]
['circle', [0.397], [3.699, 1.969]]
['circle', [0.394], [4.666, 4.607]]
['circle', [0.228], [2.899, 3.275]]
['circle', [0.288], [1.878, 0.727]]
['circle', [0.204], [3.517, 4.702]]
['circle', [0.21], [4.0, 3.638]]
['circle', [0.211], [1.404, 1.522]]
['circle', [0.206], [3.144, 0.051]]
['circle', [0.392], [0.794, 3.17]]
num531
start:[3.735, 3.438]
terminal:[4.047, 4.767]
obs num:15
['circle', [0.376], [4.91, 1.855]]
['circle', [0.242], [0.945, 1.972]]
['circle', [0.381], [3.817, 4.128]]
['circle', [0.216], [4.982, 4.732]]
['circle', [0.277], [2.701, 3.851]]
['circle', [0.289], [1.97, 4.97]]
['circle', [0.275], [0.163, 4.461]]
['circle', [0.331], [1.826, 3.161]]
['circle', [0.387], [3.097, 0.144]]
['circle', [0.364], [1.937, 0.327]]
['circle', [0.386], [0.465, 3.002]]
['circle', [0.331], [0.689, 0.924]]
['circle', [0.261], [2.63, 2.549]]
['circle', [0.204], [1.057, 4.368]]
['circle', [0.294], [4.64, 0.177]]
num532
start:[3.783, 4.618]
terminal:[0.981, 3.813]
obs num:15
['circle', [0.395], [3.556, 2.002]]
['circle', [0.298], [0.416, 3.091]]
['circle', [0.225], [3.096, 3.909]]
['circle', [0.294], [1.79, 4.278]]
['circle', [0.277], [4.87, 1.336]]
['circle', [0.337], [0.332, 0.442]]
['circle', [0.302], [2.85, 2.922]]
['circle', [0.237], [0.023, 4.792]]
['circle', [0.257], [1.273, 0.886]]
['circle', [0.212], [4.157, 4.08]]
['circle', [0.331], [4.826, 4.915]]
['circle', [0.276], [0.147, 1.692]]
['circle', [0.356], [2.197, 0.429]]
['circle', [0.246], [4.666, 0.311]]
['circle', [0.303], [4.933, 2.839]]
num533
start:[2.656, 4.111]
terminal:[2.194, 2.957]
obs num:15
['circle', [0.316], [1.679, 2.75]]
['circle', [0.239], [3.986, 0.486]]
['circle', [0.3], [0.034, 2.662]]
['circle', [0.282], [1.359, 1.239]]
['circle', [0.261], [2.71, 4.752]]
['circle', [0.225], [2.261, 1.34]]
['circle', [0.276], [4.059, 3.234]]
['circle', [0.319], [1.196, 4.658]]
['circle', [0.368], [3.043, 2.915]]
['circle', [0.259], [2.767, 0.356]]
['circle', [0.21], [4.972, 2.512]]
['circle', [0.25], [1.232, 0.189]]
['circle', [0.266], [3.311, 1.789]]
['circle', [0.25], [0.235, 1.484]]
['circle', [0.21], [0.299, 0.118]]
num534
start:[4.302, 4.657]
terminal:[2.612, 2.47]
obs num:15
['circle', [0.209], [4.202, 1.658]]
['circle', [0.244], [0.421, 3.477]]
['circle', [0.323], [4.297, 2.916]]
['circle', [0.389], [3.597, 3.797]]
['circle', [0.306], [2.058, 2.948]]
['circle', [0.335], [3.727, 4.998]]
['circle', [0.216], [2.624, 1.221]]
['circle', [0.226], [4.126, 0.605]]
['circle', [0.368], [0.448, 4.593]]
['circle', [0.298], [1.577, 4.601]]
['circle', [0.362], [0.729, 1.253]]
['circle', [0.287], [0.327, 2.228]]
['circle', [0.26], [1.941, 0.06]]
['circle', [0.305], [0.946, 0.155]]
['circle', [0.325], [4.79, 3.888]]
num535
start:[1.409, 0.291]
terminal:[0.519, 4.275]
obs num:15
['circle', [0.256], [3.393, 2.225]]
['circle', [0.327], [1.482, 4.439]]
['circle', [0.237], [4.783, 1.093]]
['circle', [0.394], [1.83, 0.945]]
['circle', [0.363], [4.628, 3.476]]
['circle', [0.37], [2.41, 3.732]]
['circle', [0.206], [2.175, 2.519]]
['circle', [0.282], [0.1, 1.958]]
['circle', [0.357], [1.124, 2.643]]
['circle', [0.34], [0.007, 3.742]]
['circle', [0.34], [3.002, 4.996]]
['circle', [0.269], [3.491, 0.222]]
['circle', [0.207], [4.443, 1.873]]
['circle', [0.224], [4.336, 4.781]]
['circle', [0.361], [0.084, 0.053]]
num536
start:[0.265, 2.107]
terminal:[4.337, 4.588]
obs num:15
['circle', [0.209], [3.383, 3.904]]
['circle', [0.395], [4.597, 1.619]]
['circle', [0.235], [3.149, 0.97]]
['circle', [0.282], [1.975, 1.192]]
['circle', [0.337], [3.552, 2.399]]
['circle', [0.324], [1.666, 4.233]]
['circle', [0.318], [4.777, 3.642]]
['circle', [0.245], [1.407, 0.033]]
['circle', [0.319], [2.01, 2.357]]
['circle', [0.339], [0.155, 4.66]]
['circle', [0.274], [2.489, 0.168]]
['circle', [0.256], [0.055, 2.95]]
['circle', [0.348], [4.665, 0.197]]
['circle', [0.33], [0.021, 0.847]]
['circle', [0.227], [2.7, 4.996]]
num537
start:[1.982, 1.086]
terminal:[4.271, 3.714]
obs num:15
['circle', [0.285], [0.802, 1.826]]
['circle', [0.35], [1.546, 2.77]]
['circle', [0.212], [4.451, 4.321]]
['circle', [0.274], [2.762, 3.547]]
['circle', [0.212], [1.136, 3.89]]
['circle', [0.263], [4.183, 0.766]]
['circle', [0.383], [1.994, 4.895]]
['circle', [0.224], [3.207, 4.609]]
['circle', [0.349], [1.958, 0.431]]
['circle', [0.358], [0.823, 0.506]]
['circle', [0.216], [0.281, 3.063]]
['circle', [0.252], [2.732, 2.171]]
['circle', [0.244], [3.462, 2.909]]
['circle', [0.394], [0.572, 4.933]]
['circle', [0.25], [3.923, 1.922]]
num538
start:[2.814, 4.412]
terminal:[0.194, 4.426]
obs num:15
['circle', [0.274], [4.605, 2.718]]
['circle', [0.244], [3.859, 0.28]]
['circle', [0.298], [1.918, 4.152]]
['circle', [0.35], [2.153, 0.029]]
['circle', [0.24], [0.383, 2.27]]
['circle', [0.262], [2.405, 1.29]]
['circle', [0.208], [3.887, 1.216]]
['circle', [0.374], [4.887, 3.832]]
['circle', [0.254], [0.956, 1.506]]
['circle', [0.298], [0.135, 3.217]]
['circle', [0.382], [3.04, 3.117]]
['circle', [0.308], [1.533, 2.61]]
['circle', [0.263], [0.997, 4.873]]
['circle', [0.203], [4.845, 1.674]]
['circle', [0.222], [0.123, 1.144]]
num539
start:[3.652, 3.396]
terminal:[1.949, 2.167]
obs num:15
['circle', [0.234], [0.116, 4.458]]
['circle', [0.361], [3.207, 0.975]]
['circle', [0.208], [3.377, 4.971]]
['circle', [0.307], [0.135, 1.164]]
['circle', [0.283], [2.018, 1.665]]
['circle', [0.39], [0.852, 2.561]]
['circle', [0.232], [4.132, 0.469]]
['circle', [0.201], [1.92, 4.486]]
['circle', [0.328], [4.133, 3.852]]
['circle', [0.341], [1.623, 0.465]]
['circle', [0.289], [2.881, 3.083]]
['circle', [0.305], [4.344, 1.675]]
['circle', [0.257], [0.841, 3.81]]
['circle', [0.231], [0.042, 0.104]]
['circle', [0.291], [3.892, 2.77]]
num540
start:[2.794, 1.436]
terminal:[1.04, 3.138]
obs num:15
['circle', [0.233], [1.716, 3.448]]
['circle', [0.297], [3.655, 0.616]]
['circle', [0.288], [2.638, 2.054]]
['circle', [0.368], [0.701, 2.114]]
['circle', [0.281], [3.402, 4.672]]
['circle', [0.251], [4.375, 1.612]]
['circle', [0.394], [0.834, 4.621]]
['circle', [0.231], [0.415, 3.475]]
['circle', [0.363], [0.631, 0.021]]
['circle', [0.216], [1.563, 1.558]]
['circle', [0.26], [4.874, 0.151]]
['circle', [0.329], [4.601, 3.517]]
['circle', [0.216], [1.616, 0.726]]
['circle', [0.331], [4.939, 4.838]]
['circle', [0.276], [3.582, 3.169]]
num541
start:[1.231, 3.235]
terminal:[1.91, 0.352]
obs num:15
['circle', [0.327], [2.486, 0.338]]
['circle', [0.341], [4.631, 0.049]]
['circle', [0.341], [1.44, 4.11]]
['circle', [0.337], [1.125, 0.957]]
['circle', [0.284], [2.029, 2.813]]
['circle', [0.398], [4.383, 3.836]]
['circle', [0.289], [0.605, 3.429]]
['circle', [0.368], [3.436, 2.283]]
['circle', [0.32], [0.066, 0.956]]
['circle', [0.212], [3.522, 1.086]]
['circle', [0.332], [0.854, 2.046]]
['circle', [0.295], [3.034, 3.776]]
['circle', [0.252], [4.608, 2.49]]
['circle', [0.231], [3.971, 4.92]]
['circle', [0.294], [2.475, 4.791]]
num542
start:[1.542, 1.175]
terminal:[3.172, 3.658]
obs num:15
['circle', [0.346], [2.287, 1.573]]
['circle', [0.21], [3.508, 0.505]]
['circle', [0.314], [2.044, 4.74]]
['circle', [0.366], [4.354, 4.188]]
['circle', [0.229], [0.79, 1.848]]
['circle', [0.277], [3.139, 2.758]]
['circle', [0.396], [1.971, 3.181]]
['circle', [0.379], [4.185, 2.267]]
['circle', [0.309], [0.368, 2.708]]
['circle', [0.378], [0.878, 4.188]]
['circle', [0.235], [1.171, 0.509]]
['circle', [0.204], [4.679, 0.392]]
['circle', [0.209], [3.027, 4.744]]
['circle', [0.231], [4.815, 1.329]]
['circle', [0.283], [3.389, 1.446]]
num543
start:[1.265, 3.575]
terminal:[1.737, 2.309]
obs num:15
['circle', [0.285], [2.33, 0.08]]
['circle', [0.302], [3.102, 3.064]]
['circle', [0.342], [2.463, 1.249]]
['circle', [0.203], [4.399, 0.622]]
['circle', [0.331], [0.001, 1.97]]
['circle', [0.374], [2.619, 4.633]]
['circle', [0.315], [0.733, 3.201]]
['circle', [0.338], [1.9, 3.461]]
['circle', [0.208], [1.148, 4.399]]
['circle', [0.251], [4.653, 3.697]]
['circle', [0.323], [0.161, 0.355]]
['circle', [0.317], [4.497, 2.563]]
['circle', [0.301], [3.586, 0.091]]
['circle', [0.271], [3.778, 4.943]]
['circle', [0.342], [0.115, 4.917]]
num544
start:[2.743, 0.193]
terminal:[3.414, 3.214]
obs num:15
['circle', [0.242], [3.354, 2.05]]
['circle', [0.395], [3.511, 4.439]]
['circle', [0.384], [4.492, 2.383]]
['circle', [0.257], [1.632, 3.753]]
['circle', [0.225], [3.149, 0.552]]
['circle', [0.206], [2.098, 2.26]]
['circle', [0.396], [0.964, 1.878]]
['circle', [0.202], [1.554, 0.315]]
['circle', [0.369], [4.782, 3.601]]
['circle', [0.352], [0.001, 3.494]]
['circle', [0.249], [1.965, 1.285]]
['circle', [0.212], [0.663, 4.514]]
['circle', [0.273], [4.872, 4.927]]
['circle', [0.326], [1.593, 4.757]]
['circle', [0.295], [3.888, 1.138]]
num545
start:[0.492, 0.664]
terminal:[0.909, 1.071]
obs num:15
['circle', [0.26], [0.002, 1.002]]
['circle', [0.256], [0.202, 2.886]]
['circle', [0.22], [4.785, 0.837]]
['circle', [0.342], [3.813, 3.217]]
['circle', [0.224], [2.193, 1.471]]
['circle', [0.337], [2.708, 4.586]]
['circle', [0.289], [4.597, 4.365]]
['circle', [0.395], [4.639, 2.321]]
['circle', [0.323], [2.523, 3.486]]
['circle', [0.375], [1.048, 4.644]]
['circle', [0.31], [3.635, 1.27]]
['circle', [0.332], [2.739, 0.306]]
['circle', [0.37], [1.529, 0.641]]
['circle', [0.313], [3.048, 2.4]]
['circle', [0.356], [1.404, 2.612]]
num546
start:[0.324, 4.107]
terminal:[0.235, 4.293]
obs num:15
['circle', [0.229], [0.505, 2.04]]
['circle', [0.316], [3.876, 2.108]]
['circle', [0.359], [2.712, 1.003]]
['circle', [0.238], [0.119, 3.482]]
['circle', [0.371], [4.233, 0.232]]
['circle', [0.359], [3.78, 4.597]]
['circle', [0.272], [2.813, 3.699]]
['circle', [0.282], [0.241, 0.871]]
['circle', [0.373], [1.604, 2.974]]
['circle', [0.211], [2.378, 4.525]]
['circle', [0.23], [4.67, 1.317]]
['circle', [0.275], [1.659, 1.666]]
['circle', [0.328], [0.323, 4.827]]
['circle', [0.23], [2.595, 2.523]]
['circle', [0.202], [1.353, 4.099]]
num547
start:[1.529, 3.27]
terminal:[1.56, 3.922]
obs num:15
['circle', [0.241], [4.963, 2.95]]
['circle', [0.227], [4.537, 0.464]]
['circle', [0.261], [1.609, 0.352]]
['circle', [0.318], [0.729, 2.292]]
['circle', [0.352], [2.201, 3.466]]
['circle', [0.372], [3.352, 0.964]]
['circle', [0.279], [4.076, 4.292]]
['circle', [0.346], [1.988, 1.928]]
['circle', [0.303], [4.486, 1.699]]
['circle', [0.233], [2.782, 4.639]]
['circle', [0.391], [3.549, 2.43]]
['circle', [0.392], [0.782, 4.092]]
['circle', [0.327], [0.601, 0.383]]
['circle', [0.321], [0.184, 1.349]]
['circle', [0.255], [3.233, 3.822]]
num548
start:[2.093, 2.347]
terminal:[2.566, 4.816]
obs num:15
['circle', [0.311], [1.578, 4.903]]
['circle', [0.223], [2.698, 4.229]]
['circle', [0.205], [4.76, 3.346]]
['circle', [0.316], [1.239, 0.11]]
['circle', [0.261], [0.404, 4.318]]
['circle', [0.386], [0.183, 2.095]]
['circle', [0.296], [2.7, 0.238]]
['circle', [0.259], [1.259, 2.99]]
['circle', [0.362], [1.662, 1.109]]
['circle', [0.227], [4.822, 4.479]]
['circle', [0.218], [3.611, 0.329]]
['circle', [0.365], [2.948, 2.726]]
['circle', [0.396], [4.9, 0.183]]
['circle', [0.272], [3.492, 1.409]]
['circle', [0.332], [0.16, 0.616]]
num549
start:[1.346, 0.481]
terminal:[1.089, 4.15]
obs num:15
['circle', [0.287], [4.745, 2.239]]
['circle', [0.341], [4.026, 1.419]]
['circle', [0.249], [0.808, 3.238]]
['circle', [0.352], [0.234, 4.495]]
['circle', [0.213], [0.692, 0.958]]
['circle', [0.253], [1.247, 2.434]]
['circle', [0.25], [3.999, 2.953]]
['circle', [0.295], [4.624, 4.189]]
['circle', [0.247], [2.324, 0.884]]
['circle', [0.257], [1.705, 4.907]]
['circle', [0.3], [2.215, 1.949]]
['circle', [0.37], [3.075, 4.36]]
['circle', [0.297], [2.82, 3.064]]
['circle', [0.318], [0.398, 1.853]]
['circle', [0.353], [3.403, 0.268]]
num550
start:[4.624, 3.46]
terminal:[4.707, 2.159]
obs num:15
['circle', [0.306], [0.142, 0.134]]
['circle', [0.353], [3.992, 4.701]]
['circle', [0.371], [1.838, 1.039]]
['circle', [0.335], [0.755, 1.716]]
['circle', [0.268], [2.532, 4.926]]
['circle', [0.216], [4.896, 0.398]]
['circle', [0.389], [3.127, 0.74]]
['circle', [0.336], [1.786, 2.586]]
['circle', [0.248], [0.792, 3.457]]
['circle', [0.386], [4.962, 2.702]]
['circle', [0.311], [3.72, 1.993]]
['circle', [0.312], [1.206, 4.532]]
['circle', [0.382], [3.337, 3.101]]
['circle', [0.226], [2.538, 1.83]]
['circle', [0.252], [2.517, 3.91]]
num551
start:[2.573, 0.614]
terminal:[0.403, 0.256]
obs num:15
['circle', [0.304], [0.162, 4.228]]
['circle', [0.4], [2.062, 1.066]]
['circle', [0.33], [0.537, 2.297]]
['circle', [0.368], [4.741, 3.392]]
['circle', [0.212], [2.376, 2.897]]
['circle', [0.307], [1.289, 4.293]]
['circle', [0.249], [3.501, 0.736]]
['circle', [0.274], [4.653, 1.185]]
['circle', [0.206], [1.02, 0.208]]
['circle', [0.284], [3.713, 2.959]]
['circle', [0.285], [4.201, 4.769]]
['circle', [0.297], [1.578, 2.45]]
['circle', [0.262], [0.713, 3.389]]
['circle', [0.23], [2.631, 4.593]]
['circle', [0.288], [2.856, 1.842]]
num552
start:[2.189, 3.162]
terminal:[0.194, 1.248]
obs num:15
['circle', [0.314], [4.932, 2.204]]
['circle', [0.288], [1.932, 0.638]]
['circle', [0.276], [0.456, 2.395]]
['circle', [0.357], [2.811, 3.946]]
['circle', [0.273], [1.467, 4.923]]
['circle', [0.381], [0.311, 4.248]]
['circle', [0.386], [4.71, 0.469]]
['circle', [0.274], [3.528, 0.582]]
['circle', [0.205], [4.657, 4.001]]
['circle', [0.345], [3.676, 3.219]]
['circle', [0.266], [2.475, 2.087]]
['circle', [0.253], [1.478, 3.236]]
['circle', [0.292], [3.625, 1.81]]
['circle', [0.23], [1.019, 0.248]]
['circle', [0.318], [1.487, 2.121]]
num553
start:[4.84, 2.12]
terminal:[1.63, 2.479]
obs num:15
['circle', [0.276], [3.86, 4.536]]
['circle', [0.283], [1.561, 4.403]]
['circle', [0.383], [2.362, 0.707]]
['circle', [0.236], [0.056, 3.121]]
['circle', [0.254], [0.288, 4.669]]
['circle', [0.375], [4.607, 2.652]]
['circle', [0.281], [3.374, 1.334]]
['circle', [0.34], [0.578, 1.384]]
['circle', [0.274], [1.707, 2.963]]
['circle', [0.234], [0.688, 0.178]]
['circle', [0.27], [2.812, 4.28]]
['circle', [0.241], [1.267, 2.124]]
['circle', [0.24], [4.974, 0.686]]
['circle', [0.235], [2.727, 2.005]]
['circle', [0.242], [2.919, 3.132]]
num554
start:[3.409, 0.425]
terminal:[3.535, 1.892]
obs num:15
['circle', [0.303], [4.903, 4.21]]
['circle', [0.221], [4.369, 0.542]]
['circle', [0.287], [2.166, 4.447]]
['circle', [0.395], [0.724, 3.823]]
['circle', [0.341], [0.098, 0.506]]
['circle', [0.251], [3.217, 4.97]]
['circle', [0.368], [2.596, 0.934]]
['circle', [0.215], [3.87, 4.372]]
['circle', [0.278], [2.134, 2.241]]
['circle', [0.322], [4.105, 2.432]]
['circle', [0.337], [2.98, 3.176]]
['circle', [0.242], [1.069, 2.103]]
['circle', [0.352], [1.365, 0.996]]
['circle', [0.372], [0.125, 2.737]]
['circle', [0.23], [3.089, 1.967]]
num555
start:[1.585, 1.836]
terminal:[2.778, 3.673]
obs num:15
['circle', [0.261], [1.874, 3.159]]
['circle', [0.3], [4.672, 1.91]]
['circle', [0.317], [1.107, 0.133]]
['circle', [0.243], [0.276, 2.069]]
['circle', [0.252], [3.167, 4.459]]
['circle', [0.358], [3.697, 1.38]]
['circle', [0.239], [3.788, 3.396]]
['circle', [0.256], [4.993, 3.804]]
['circle', [0.32], [4.427, 0.331]]
['circle', [0.371], [2.881, 2.785]]
['circle', [0.394], [0.148, 0.974]]
['circle', [0.242], [2.444, 0.629]]
['circle', [0.36], [0.23, 3.519]]
['circle', [0.217], [1.234, 4.345]]
['circle', [0.241], [0.561, 4.993]]
num556
start:[0.643, 4.611]
terminal:[1.87, 2.878]
obs num:15
['circle', [0.396], [1.933, 1.888]]
['circle', [0.226], [0.2, 4.239]]
['circle', [0.266], [0.662, 0.862]]
['circle', [0.369], [2.034, 4.412]]
['circle', [0.239], [3.206, 2.142]]
['circle', [0.33], [3.877, 0.57]]
['circle', [0.225], [2.678, 2.945]]
['circle', [0.272], [1.182, 3.006]]
['circle', [0.246], [3.598, 4.097]]
['circle', [0.389], [4.729, 1.536]]
['circle', [0.257], [2.541, 0.803]]
['circle', [0.246], [4.171, 2.784]]
['circle', [0.221], [4.765, 4.025]]
['circle', [0.212], [0.22, 3.127]]
['circle', [0.342], [1.543, 0.177]]
num557
start:[2.923, 4.199]
terminal:[2.268, 1.248]
obs num:15
['circle', [0.222], [0.059, 1.58]]
['circle', [0.282], [3.174, 1.897]]
['circle', [0.269], [3.822, 0.717]]
['circle', [0.25], [1.65, 3.35]]
['circle', [0.27], [3.48, 3.605]]
['circle', [0.289], [2.967, 4.981]]
['circle', [0.35], [2.163, 0.444]]
['circle', [0.246], [0.427, 4.542]]
['circle', [0.241], [4.593, 1.529]]
['circle', [0.361], [0.057, 0.409]]
['circle', [0.267], [4.649, 3.995]]
['circle', [0.334], [1.655, 1.453]]
['circle', [0.227], [2.526, 2.589]]
['circle', [0.221], [0.552, 3.212]]
['circle', [0.22], [1.929, 4.599]]
num558
start:[2.879, 4.144]
terminal:[0.157, 1.222]
obs num:15
['circle', [0.234], [4.813, 0.647]]
['circle', [0.271], [3.59, 0.688]]
['circle', [0.231], [4.331, 3.619]]
['circle', [0.231], [0.74, 4.051]]
['circle', [0.357], [1.786, 0.671]]
['circle', [0.275], [1.889, 3.982]]
['circle', [0.352], [3.555, 2.972]]
['circle', [0.226], [0.659, 4.97]]
['circle', [0.287], [1.378, 2.607]]
['circle', [0.349], [3.214, 4.81]]
['circle', [0.235], [0.286, 3.212]]
['circle', [0.261], [3.253, 1.993]]
['circle', [0.362], [4.606, 2.102]]
['circle', [0.301], [0.806, 1.53]]
['circle', [0.217], [4.412, 4.568]]
num559
start:[0.894, 1.78]
terminal:[1.603, 3.36]
obs num:15
['circle', [0.204], [2.471, 2.976]]
['circle', [0.28], [4.633, 2.263]]
['circle', [0.212], [3.77, 4.493]]
['circle', [0.205], [2.804, 0.364]]
['circle', [0.208], [2.687, 4.339]]
['circle', [0.346], [2.438, 1.244]]
['circle', [0.371], [4.106, 0.815]]
['circle', [0.317], [0.593, 0.629]]
['circle', [0.304], [0.449, 2.173]]
['circle', [0.301], [3.658, 2.1]]
['circle', [0.205], [1.387, 4.587]]
['circle', [0.287], [1.673, 0.344]]
['circle', [0.308], [0.417, 4.087]]
['circle', [0.358], [1.523, 2.755]]
['circle', [0.245], [4.279, 3.338]]
num560
start:[3.654, 0.498]
terminal:[1.004, 4.832]
obs num:15
['circle', [0.273], [4.883, 4.049]]
['circle', [0.249], [1.873, 2.715]]
['circle', [0.271], [1.331, 1.345]]
['circle', [0.224], [0.649, 4.569]]
['circle', [0.382], [0.635, 0.44]]
['circle', [0.35], [0.327, 2.635]]
['circle', [0.303], [2.325, 0.188]]
['circle', [0.235], [3.053, 3.813]]
['circle', [0.263], [4.345, 1.523]]
['circle', [0.224], [2.098, 3.711]]
['circle', [0.258], [3.374, 2.236]]
['circle', [0.355], [4.379, 2.931]]
['circle', [0.363], [3.982, 4.716]]
['circle', [0.273], [4.919, 0.756]]
['circle', [0.245], [2.666, 1.563]]
num561
start:[0.197, 4.156]
terminal:[1.745, 4.396]
obs num:15
['circle', [0.268], [3.81, 0.035]]
['circle', [0.252], [1.612, 2.534]]
['circle', [0.272], [0.607, 4.573]]
['circle', [0.283], [2.951, 4.798]]
['circle', [0.295], [2.837, 0.451]]
['circle', [0.34], [3.904, 2.35]]
['circle', [0.314], [2.175, 3.375]]
['circle', [0.316], [1.219, 1.6]]
['circle', [0.261], [0.096, 1.277]]
['circle', [0.218], [4.841, 0.746]]
['circle', [0.368], [4.972, 2.766]]
['circle', [0.205], [0.016, 3.687]]
['circle', [0.26], [4.839, 4.706]]
['circle', [0.23], [4.549, 3.782]]
['circle', [0.267], [0.085, 0.1]]
num562
start:[0.254, 4.671]
terminal:[0.281, 1.503]
obs num:15
['circle', [0.343], [3.269, 3.378]]
['circle', [0.262], [1.766, 3.063]]
['circle', [0.328], [4.765, 2.198]]
['circle', [0.276], [3.898, 0.397]]
['circle', [0.205], [0.852, 3.634]]
['circle', [0.387], [2.401, 4.446]]
['circle', [0.317], [3.518, 1.783]]
['circle', [0.283], [1.242, 1.428]]
['circle', [0.33], [4.753, 4.569]]
['circle', [0.245], [1.039, 4.941]]
['circle', [0.322], [4.832, 1.0]]
['circle', [0.346], [2.757, 0.745]]
['circle', [0.205], [0.862, 0.402]]
['circle', [0.288], [2.152, 2.063]]
['circle', [0.266], [0.426, 2.271]]
num563
start:[4.53, 2.657]
terminal:[1.408, 4.287]
obs num:15
['circle', [0.362], [0.16, 1.088]]
['circle', [0.351], [4.791, 1.262]]
['circle', [0.37], [0.195, 4.518]]
['circle', [0.327], [3.723, 2.576]]
['circle', [0.388], [0.08, 3.238]]
['circle', [0.258], [4.243, 4.885]]
['circle', [0.382], [2.84, 3.782]]
['circle', [0.319], [1.981, 0.613]]
['circle', [0.273], [1.989, 2.079]]
['circle', [0.388], [3.89, 0.144]]
['circle', [0.256], [3.016, 1.796]]
['circle', [0.256], [4.15, 3.677]]
['circle', [0.245], [0.756, 1.957]]
['circle', [0.226], [1.037, 3.623]]
['circle', [0.317], [2.274, 4.849]]
num564
start:[4.735, 0.374]
terminal:[4.08, 1.952]
obs num:15
['circle', [0.249], [1.327, 2.794]]
['circle', [0.31], [4.12, 2.979]]
['circle', [0.302], [4.427, 4.325]]
['circle', [0.278], [0.853, 1.127]]
['circle', [0.266], [0.459, 3.755]]
['circle', [0.235], [2.324, 0.248]]
['circle', [0.342], [1.983, 4.486]]
['circle', [0.305], [0.705, 0.067]]
['circle', [0.209], [0.062, 4.838]]
['circle', [0.275], [2.76, 1.647]]
['circle', [0.344], [3.983, 1.096]]
['circle', [0.251], [0.082, 1.911]]
['circle', [0.214], [2.914, 3.591]]
['circle', [0.214], [1.863, 1.963]]
['circle', [0.368], [4.981, 2.162]]
num565
start:[3.481, 3.213]
terminal:[0.821, 2.718]
obs num:15
['circle', [0.294], [4.649, 0.112]]
['circle', [0.32], [3.754, 4.094]]
['circle', [0.379], [1.913, 4.533]]
['circle', [0.355], [2.694, 2.414]]
['circle', [0.325], [2.249, 0.238]]
['circle', [0.271], [4.242, 2.522]]
['circle', [0.356], [0.638, 0.959]]
['circle', [0.238], [0.378, 3.398]]
['circle', [0.3], [2.729, 3.715]]
['circle', [0.322], [3.625, 0.198]]
['circle', [0.277], [4.973, 4.272]]
['circle', [0.291], [0.363, 4.948]]
['circle', [0.234], [4.788, 1.154]]
['circle', [0.202], [1.011, 2.207]]
['circle', [0.21], [1.576, 3.372]]
num566
start:[2.376, 0.83]
terminal:[0.343, 1.517]
obs num:15
['circle', [0.353], [3.605, 1.682]]
['circle', [0.365], [4.491, 4.219]]
['circle', [0.352], [4.878, 0.639]]
['circle', [0.328], [2.68, 4.069]]
['circle', [0.324], [0.148, 2.443]]
['circle', [0.296], [1.351, 1.35]]
['circle', [0.228], [0.351, 4.741]]
['circle', [0.226], [3.695, 3.5]]
['circle', [0.358], [2.488, 2.441]]
['circle', [0.292], [3.839, 0.476]]
['circle', [0.306], [0.542, 0.278]]
['circle', [0.255], [0.758, 3.242]]
['circle', [0.288], [4.528, 2.725]]
['circle', [0.292], [1.54, 0.098]]
['circle', [0.396], [1.643, 4.624]]
num567
start:[2.616, 0.587]
terminal:[2.737, 1.504]
obs num:15
['circle', [0.202], [1.304, 2.332]]
['circle', [0.243], [2.085, 1.805]]
['circle', [0.393], [0.063, 1.546]]
['circle', [0.269], [3.387, 2.742]]
['circle', [0.212], [4.671, 0.434]]
['circle', [0.268], [1.824, 4.827]]
['circle', [0.217], [0.727, 0.642]]
['circle', [0.333], [4.087, 1.899]]
['circle', [0.377], [0.716, 4.272]]
['circle', [0.353], [4.065, 4.184]]
['circle', [0.264], [4.975, 2.519]]
['circle', [0.331], [3.456, 0.389]]
['circle', [0.203], [2.711, 3.946]]
['circle', [0.339], [2.256, 3.089]]
['circle', [0.214], [0.474, 2.634]]
num568
start:[2.705, 4.286]
terminal:[0.332, 1.3]
obs num:15
['circle', [0.247], [2.315, 0.401]]
['circle', [0.328], [3.229, 4.854]]
['circle', [0.316], [1.06, 0.152]]
['circle', [0.229], [2.216, 3.292]]
['circle', [0.238], [4.458, 4.85]]
['circle', [0.368], [0.448, 2.123]]
['circle', [0.314], [3.903, 3.521]]
['circle', [0.312], [3.049, 1.69]]
['circle', [0.322], [2.102, 4.81]]
['circle', [0.379], [4.812, 1.389]]
['circle', [0.396], [1.05, 3.987]]
['circle', [0.258], [4.848, 3.774]]
['circle', [0.282], [4.501, 0.084]]
['circle', [0.39], [3.352, 0.309]]
['circle', [0.287], [1.597, 1.493]]
num569
start:[1.459, 2.063]
terminal:[0.561, 0.835]
obs num:15
['circle', [0.382], [0.008, 0.597]]
['circle', [0.304], [1.326, 3.802]]
['circle', [0.244], [2.903, 1.612]]
['circle', [0.315], [4.981, 4.374]]
['circle', [0.275], [1.467, 1.148]]
['circle', [0.348], [4.322, 1.555]]
['circle', [0.222], [2.274, 3.505]]
['circle', [0.304], [4.396, 3.241]]
['circle', [0.352], [3.809, 0.482]]
['circle', [0.269], [2.459, 4.445]]
['circle', [0.291], [0.403, 3.212]]
['circle', [0.237], [2.147, 0.104]]
['circle', [0.238], [3.048, 2.624]]
['circle', [0.215], [3.687, 4.636]]
['circle', [0.381], [1.697, 2.636]]
num570
start:[4.561, 0.934]
terminal:[1.367, 3.931]
obs num:15
['circle', [0.38], [0.559, 2.036]]
['circle', [0.347], [2.777, 4.064]]
['circle', [0.213], [1.042, 3.094]]
['circle', [0.272], [2.652, 1.949]]
['circle', [0.324], [4.632, 2.379]]
['circle', [0.32], [0.74, 4.83]]
['circle', [0.349], [0.098, 0.155]]
['circle', [0.221], [3.792, 1.334]]
['circle', [0.322], [2.286, 0.715]]
['circle', [0.265], [3.524, 0.47]]
['circle', [0.26], [4.966, 0.492]]
['circle', [0.356], [4.036, 3.484]]
['circle', [0.228], [4.999, 4.832]]
['circle', [0.221], [3.236, 4.998]]
['circle', [0.233], [0.193, 4.006]]
num571
start:[2.293, 2.249]
terminal:[0.698, 0.357]
obs num:15
['circle', [0.232], [1.929, 4.597]]
['circle', [0.255], [2.288, 3.769]]
['circle', [0.271], [4.022, 3.515]]
['circle', [0.219], [2.004, 1.869]]
['circle', [0.337], [4.427, 0.137]]
['circle', [0.214], [0.149, 1.115]]
['circle', [0.227], [0.961, 4.364]]
['circle', [0.322], [1.233, 1.269]]
['circle', [0.223], [3.763, 1.633]]
['circle', [0.363], [1.368, 2.889]]
['circle', [0.263], [3.921, 4.725]]
['circle', [0.373], [2.884, 2.722]]
['circle', [0.21], [2.899, 1.506]]
['circle', [0.32], [4.881, 1.699]]
['circle', [0.333], [2.318, 0.106]]
num572
start:[1.327, 0.42]
terminal:[2.995, 2.169]
obs num:15
['circle', [0.207], [4.92, 3.156]]
['circle', [0.353], [4.131, 1.752]]
['circle', [0.362], [2.319, 3.337]]
['circle', [0.267], [1.613, 0.79]]
['circle', [0.238], [1.72, 2.105]]
['circle', [0.361], [0.081, 4.363]]
['circle', [0.308], [3.592, 0.199]]
['circle', [0.224], [4.912, 4.706]]
['circle', [0.28], [3.224, 1.24]]
['circle', [0.278], [2.16, 4.639]]
['circle', [0.314], [0.171, 1.561]]
['circle', [0.331], [3.818, 3.835]]
['circle', [0.256], [0.283, 3.231]]
['circle', [0.284], [4.769, 0.794]]
['circle', [0.28], [1.206, 4.968]]
num573
start:[0.265, 1.636]
terminal:[3.298, 2.605]
obs num:15
['circle', [0.23], [0.761, 0.009]]
['circle', [0.38], [2.847, 4.053]]
['circle', [0.271], [4.138, 0.703]]
['circle', [0.284], [4.05, 4.237]]
['circle', [0.23], [1.236, 1.136]]
['circle', [0.222], [4.749, 3.126]]
['circle', [0.345], [4.68, 2.122]]
['circle', [0.206], [1.568, 3.245]]
['circle', [0.259], [0.087, 2.481]]
['circle', [0.304], [2.037, 2.363]]
['circle', [0.283], [3.042, 1.206]]
['circle', [0.241], [0.541, 3.885]]
['circle', [0.371], [1.136, 4.736]]
['circle', [0.249], [3.739, 2.903]]
['circle', [0.251], [2.116, 0.353]]
num574
start:[3.351, 4.641]
terminal:[2.031, 2.223]
obs num:15
['circle', [0.276], [0.184, 1.19]]
['circle', [0.334], [4.21, 1.83]]
['circle', [0.258], [2.558, 1.527]]
['circle', [0.271], [2.085, 4.256]]
['circle', [0.276], [2.917, 0.177]]
['circle', [0.203], [0.481, 4.967]]
['circle', [0.374], [4.142, 0.118]]
['circle', [0.276], [0.746, 2.851]]
['circle', [0.247], [3.565, 3.313]]
['circle', [0.238], [1.374, 1.344]]
['circle', [0.219], [0.108, 0.167]]
['circle', [0.226], [2.92, 2.651]]
['circle', [0.28], [4.468, 3.549]]
['circle', [0.221], [1.262, 3.627]]
['circle', [0.261], [0.979, 0.029]]
num575
start:[0.385, 2.09]
terminal:[4.222, 0.925]
obs num:15
['circle', [0.288], [3.424, 1.118]]
['circle', [0.275], [1.777, 3.156]]
['circle', [0.328], [2.262, 4.564]]
['circle', [0.315], [4.334, 1.576]]
['circle', [0.276], [1.078, 4.308]]
['circle', [0.235], [0.467, 2.981]]
['circle', [0.278], [4.025, 3.582]]
['circle', [0.332], [3.566, 4.939]]
['circle', [0.213], [2.594, 3.517]]
['circle', [0.27], [2.771, 2.222]]
['circle', [0.295], [0.408, 1.2]]
['circle', [0.206], [3.747, 0.122]]
['circle', [0.319], [2.177, 0.987]]
['circle', [0.311], [1.195, 0.23]]
['circle', [0.212], [1.364, 1.943]]
num576
start:[2.456, 1.329]
terminal:[0.315, 2.49]
obs num:15
['circle', [0.399], [4.881, 0.288]]
['circle', [0.278], [4.543, 4.862]]
['circle', [0.213], [2.452, 0.318]]
['circle', [0.2], [0.388, 3.474]]
['circle', [0.246], [4.421, 3.419]]
['circle', [0.392], [4.585, 1.903]]
['circle', [0.27], [1.105, 2.71]]
['circle', [0.287], [3.138, 1.781]]
['circle', [0.363], [3.538, 0.733]]
['circle', [0.304], [0.807, 4.996]]
['circle', [0.352], [1.267, 0.193]]
['circle', [0.25], [0.413, 1.466]]
['circle', [0.394], [2.782, 2.807]]
['circle', [0.298], [3.454, 4.283]]
['circle', [0.267], [2.013, 4.009]]
num577
start:[0.856, 0.509]
terminal:[1.48, 4.273]
obs num:15
['circle', [0.24], [2.534, 4.996]]
['circle', [0.257], [4.37, 1.779]]
['circle', [0.296], [2.221, 3.575]]
['circle', [0.3], [0.056, 1.873]]
['circle', [0.283], [3.741, 0.805]]
['circle', [0.315], [1.496, 2.499]]
['circle', [0.259], [1.546, 0.525]]
['circle', [0.292], [4.984, 1.023]]
['circle', [0.252], [3.313, 4.474]]
['circle', [0.26], [2.418, 1.226]]
['circle', [0.298], [1.176, 4.71]]
['circle', [0.393], [3.535, 2.89]]
['circle', [0.278], [0.103, 3.726]]
['circle', [0.203], [4.357, 4.733]]
['circle', [0.219], [4.923, 3.938]]
num578
start:[2.591, 2.428]
terminal:[0.212, 0.706]
obs num:15
['circle', [0.261], [0.045, 0.072]]
['circle', [0.21], [0.958, 0.451]]
['circle', [0.344], [1.67, 3.516]]
['circle', [0.37], [1.868, 1.471]]
['circle', [0.273], [2.97, 3.025]]
['circle', [0.292], [0.137, 2.609]]
['circle', [0.397], [3.586, 3.98]]
['circle', [0.257], [2.948, 1.784]]
['circle', [0.379], [4.894, 4.485]]
['circle', [0.237], [1.428, 4.843]]
['circle', [0.375], [4.943, 1.614]]
['circle', [0.253], [4.229, 0.344]]
['circle', [0.376], [4.131, 2.484]]
['circle', [0.244], [0.036, 3.956]]
['circle', [0.262], [3.14, 0.288]]
num579
start:[0.516, 4.657]
terminal:[1.904, 4.579]
obs num:15
['circle', [0.318], [0.206, 1.15]]
['circle', [0.336], [2.326, 3.614]]
['circle', [0.247], [1.552, 1.639]]
['circle', [0.365], [3.85, 1.413]]
['circle', [0.246], [4.573, 3.684]]
['circle', [0.203], [0.842, 3.111]]
['circle', [0.204], [4.787, 1.12]]
['circle', [0.32], [3.382, 2.794]]
['circle', [0.315], [2.96, 0.155]]
['circle', [0.34], [2.738, 4.649]]
['circle', [0.238], [1.273, 0.43]]
['circle', [0.314], [2.582, 1.115]]
['circle', [0.308], [0.99, 4.923]]
['circle', [0.202], [0.001, 4.443]]
['circle', [0.208], [0.622, 2.151]]
num580
start:[4.35, 0.499]
terminal:[1.429, 1.647]
obs num:15
['circle', [0.242], [2.238, 2.605]]
['circle', [0.234], [2.879, 4.368]]
['circle', [0.304], [0.853, 1.989]]
['circle', [0.249], [4.934, 3.787]]
['circle', [0.3], [4.601, 1.488]]
['circle', [0.229], [3.524, 4.96]]
['circle', [0.23], [3.744, 3.744]]
['circle', [0.244], [4.017, 2.559]]
['circle', [0.356], [2.267, 0.89]]
['circle', [0.31], [1.777, 3.574]]
['circle', [0.295], [0.524, 4.147]]
['circle', [0.269], [1.146, 0.734]]
['circle', [0.271], [3.089, 1.591]]
['circle', [0.316], [3.402, 0.517]]
['circle', [0.364], [1.871, 4.685]]
num581
start:[4.642, 3.595]
terminal:[1.256, 3.908]
obs num:15
['circle', [0.231], [4.498, 0.417]]
['circle', [0.38], [4.674, 4.862]]
['circle', [0.257], [2.92, 4.874]]
['circle', [0.353], [1.482, 3.02]]
['circle', [0.221], [4.097, 2.479]]
['circle', [0.29], [1.614, 4.625]]
['circle', [0.375], [1.294, 0.584]]
['circle', [0.298], [0.071, 4.573]]
['circle', [0.352], [3.664, 3.609]]
['circle', [0.332], [2.423, 1.829]]
['circle', [0.381], [3.347, 0.076]]
['circle', [0.242], [0.014, 1.451]]
['circle', [0.313], [0.396, 3.226]]
['circle', [0.259], [3.536, 1.694]]
['circle', [0.201], [2.586, 3.238]]
num582
start:[1.621, 4.412]
terminal:[2.595, 1.056]
obs num:15
['circle', [0.306], [1.084, 1.699]]
['circle', [0.228], [4.113, 3.839]]
['circle', [0.352], [4.976, 4.546]]
['circle', [0.345], [4.226, 0.355]]
['circle', [0.363], [2.865, 4.991]]
['circle', [0.346], [0.531, 0.469]]
['circle', [0.294], [4.107, 1.513]]
['circle', [0.382], [2.263, 2.787]]
['circle', [0.268], [4.837, 2.195]]
['circle', [0.292], [1.38, 3.55]]
['circle', [0.384], [2.99, 0.314]]
['circle', [0.259], [2.003, 1.021]]
['circle', [0.292], [0.014, 2.865]]
['circle', [0.335], [0.884, 4.5]]
['circle', [0.305], [3.989, 2.678]]
num583
start:[2.997, 2.816]
terminal:[3.282, 1.114]
obs num:15
['circle', [0.234], [1.959, 4.35]]
['circle', [0.263], [2.325, 1.991]]
['circle', [0.255], [2.578, 0.173]]
['circle', [0.235], [4.629, 4.827]]
['circle', [0.278], [0.525, 0.141]]
['circle', [0.243], [4.284, 3.421]]
['circle', [0.368], [4.691, 1.571]]
['circle', [0.22], [1.708, 0.61]]
['circle', [0.306], [1.188, 2.094]]
['circle', [0.231], [2.886, 4.618]]
['circle', [0.201], [3.573, 2.788]]
['circle', [0.202], [0.678, 4.418]]
['circle', [0.239], [1.955, 3.119]]
['circle', [0.226], [4.426, 0.382]]
['circle', [0.286], [0.18, 2.069]]
num584
start:[1.03, 0.279]
terminal:[1.745, 3.938]
obs num:15
['circle', [0.343], [3.511, 0.835]]
['circle', [0.229], [2.56, 4.883]]
['circle', [0.385], [4.842, 0.263]]
['circle', [0.339], [3.628, 4.506]]
['circle', [0.282], [3.164, 2.906]]
['circle', [0.302], [2.537, 0.421]]
['circle', [0.39], [1.325, 2.456]]
['circle', [0.372], [4.553, 1.768]]
['circle', [0.225], [0.301, 2.158]]
['circle', [0.294], [0.002, 1.005]]
['circle', [0.336], [4.48, 3.038]]
['circle', [0.377], [1.112, 3.857]]
['circle', [0.244], [2.27, 1.924]]
['circle', [0.201], [4.661, 4.108]]
['circle', [0.215], [2.228, 3.699]]
num585
start:[4.052, 3.769]
terminal:[1.718, 1.46]
obs num:15
['circle', [0.353], [1.383, 0.077]]
['circle', [0.329], [4.489, 2.137]]
['circle', [0.281], [1.755, 2.114]]
['circle', [0.265], [3.007, 0.528]]
['circle', [0.235], [1.626, 4.396]]
['circle', [0.396], [0.066, 4.572]]
['circle', [0.267], [0.528, 0.658]]
['circle', [0.265], [3.894, 4.394]]
['circle', [0.288], [3.167, 2.435]]
['circle', [0.327], [0.556, 3.518]]
['circle', [0.203], [0.113, 1.583]]
['circle', [0.346], [3.965, 0.081]]
['circle', [0.311], [2.868, 4.371]]
['circle', [0.321], [4.998, 4.428]]
['circle', [0.283], [2.273, 3.153]]
num586
start:[0.953, 1.244]
terminal:[3.403, 4.54]
obs num:15
['circle', [0.288], [5.0, 0.989]]
['circle', [0.286], [0.315, 4.466]]
['circle', [0.356], [1.644, 1.194]]
['circle', [0.23], [2.511, 4.116]]
['circle', [0.303], [4.105, 3.412]]
['circle', [0.233], [3.129, 1.365]]
['circle', [0.203], [0.405, 2.212]]
['circle', [0.254], [4.084, 2.07]]
['circle', [0.28], [4.155, 0.002]]
['circle', [0.224], [1.157, 4.946]]
['circle', [0.386], [1.429, 3.334]]
['circle', [0.333], [3.058, 2.654]]
['circle', [0.209], [2.619, 0.108]]
['circle', [0.222], [0.114, 3.414]]
['circle', [0.281], [0.715, 0.187]]
num587
start:[1.332, 2.28]
terminal:[4.123, 2.197]
obs num:15
['circle', [0.334], [4.143, 4.793]]
['circle', [0.322], [0.231, 0.948]]
['circle', [0.384], [4.01, 3.243]]
['circle', [0.364], [0.467, 3.151]]
['circle', [0.309], [2.379, 3.876]]
['circle', [0.346], [1.351, 4.916]]
['circle', [0.276], [1.835, 0.768]]
['circle', [0.316], [3.347, 1.278]]
['circle', [0.329], [2.785, 2.353]]
['circle', [0.224], [4.129, 0.059]]
['circle', [0.235], [4.773, 1.157]]
['circle', [0.203], [1.169, 3.937]]
['circle', [0.384], [2.808, 0.201]]
['circle', [0.22], [0.96, 1.814]]
['circle', [0.395], [0.23, 4.55]]
num588
start:[1.71, 1.788]
terminal:[2.309, 0.31]
obs num:15
['circle', [0.218], [4.674, 2.076]]
['circle', [0.377], [2.716, 1.307]]
['circle', [0.345], [2.567, 4.645]]
['circle', [0.249], [2.948, 2.666]]
['circle', [0.283], [0.249, 3.898]]
['circle', [0.253], [4.318, 3.085]]
['circle', [0.212], [0.231, 4.885]]
['circle', [0.379], [1.107, 0.77]]
['circle', [0.31], [3.688, 0.206]]
['circle', [0.325], [1.271, 3.591]]
['circle', [0.29], [4.368, 4.915]]
['circle', [0.285], [0.756, 2.651]]
['circle', [0.257], [4.746, 0.557]]
['circle', [0.257], [3.834, 1.5]]
['circle', [0.303], [1.383, 4.705]]
num589
start:[0.975, 1.818]
terminal:[0.676, 2.438]
obs num:15
['circle', [0.35], [1.63, 1.994]]
['circle', [0.352], [0.443, 1.456]]
['circle', [0.319], [4.492, 2.811]]
['circle', [0.29], [1.19, 0.623]]
['circle', [0.254], [4.412, 4.426]]
['circle', [0.27], [2.545, 0.87]]
['circle', [0.292], [3.496, 3.303]]
['circle', [0.268], [4.717, 1.411]]
['circle', [0.369], [0.4, 4.125]]
['circle', [0.272], [3.777, 1.597]]
['circle', [0.23], [2.284, 4.887]]
['circle', [0.322], [2.294, 3.898]]
['circle', [0.238], [3.847, 0.007]]
['circle', [0.321], [0.39, 2.9]]
['circle', [0.295], [2.796, 2.184]]
num590
start:[3.287, 3.97]
terminal:[2.897, 1.344]
obs num:15
['circle', [0.278], [1.325, 3.622]]
['circle', [0.322], [0.261, 4.175]]
['circle', [0.28], [2.956, 4.356]]
['circle', [0.339], [1.844, 1.016]]
['circle', [0.248], [4.242, 0.551]]
['circle', [0.202], [0.351, 2.308]]
['circle', [0.342], [4.887, 4.852]]
['circle', [0.386], [1.366, 4.795]]
['circle', [0.314], [0.174, 0.892]]
['circle', [0.289], [4.83, 1.464]]
['circle', [0.349], [2.49, 2.572]]
['circle', [0.273], [4.039, 3.102]]
['circle', [0.366], [1.054, 0.05]]
['circle', [0.242], [3.155, 0.697]]
['circle', [0.254], [4.986, 3.196]]
num591
start:[1.698, 1.678]
terminal:[1.542, 1.497]
obs num:15
['circle', [0.208], [1.273, 1.994]]
['circle', [0.316], [2.565, 2.355]]
['circle', [0.359], [1.504, 4.518]]
['circle', [0.247], [1.473, 3.157]]
['circle', [0.201], [3.558, 1.032]]
['circle', [0.352], [4.827, 4.938]]
['circle', [0.318], [0.842, 1.059]]
['circle', [0.298], [3.102, 3.491]]
['circle', [0.323], [4.922, 3.716]]
['circle', [0.222], [2.368, 1.014]]
['circle', [0.389], [3.798, 2.009]]
['circle', [0.388], [4.563, 0.141]]
['circle', [0.293], [0.23, 2.566]]
['circle', [0.364], [0.146, 0.089]]
['circle', [0.202], [1.234, 0.094]]
num592
start:[3.209, 4.306]
terminal:[4.247, 1.626]
obs num:15
['circle', [0.262], [4.652, 1.384]]
['circle', [0.257], [2.84, 0.303]]
['circle', [0.335], [1.946, 1.726]]
['circle', [0.212], [4.393, 0.443]]
['circle', [0.298], [2.891, 3.419]]
['circle', [0.385], [4.791, 4.996]]
['circle', [0.216], [4.664, 3.567]]
['circle', [0.321], [0.765, 1.343]]
['circle', [0.365], [3.911, 2.521]]
['circle', [0.256], [0.091, 4.463]]
['circle', [0.356], [0.801, 0.229]]
['circle', [0.251], [0.39, 2.663]]
['circle', [0.382], [1.498, 4.132]]
['circle', [0.247], [3.567, 4.665]]
['circle', [0.204], [1.951, 3.02]]
num593
start:[2.851, 1.58]
terminal:[3.042, 2.001]
obs num:15
['circle', [0.313], [3.652, 1.281]]
['circle', [0.363], [3.84, 3.619]]
['circle', [0.327], [4.407, 2.474]]
['circle', [0.204], [1.899, 3.167]]
['circle', [0.261], [1.59, 4.373]]
['circle', [0.352], [1.594, 0.991]]
['circle', [0.385], [0.606, 2.825]]
['circle', [0.217], [0.376, 0.188]]
['circle', [0.268], [4.769, 4.901]]
['circle', [0.325], [2.14, 2.044]]
['circle', [0.23], [2.451, 3.98]]
['circle', [0.343], [2.909, 4.88]]
['circle', [0.331], [2.998, 2.921]]
['circle', [0.227], [2.478, 0.512]]
['circle', [0.204], [0.371, 3.985]]
num594
start:[4.19, 1.398]
terminal:[0.8, 1.662]
obs num:15
['circle', [0.313], [4.506, 0.625]]
['circle', [0.302], [1.351, 4.213]]
['circle', [0.388], [4.734, 3.065]]
['circle', [0.286], [1.31, 0.284]]
['circle', [0.382], [1.893, 2.511]]
['circle', [0.38], [4.959, 4.954]]
['circle', [0.269], [2.607, 1.343]]
['circle', [0.287], [2.622, 3.836]]
['circle', [0.258], [3.259, 0.274]]
['circle', [0.216], [3.341, 2.251]]
['circle', [0.374], [0.645, 2.268]]
['circle', [0.329], [0.319, 0.513]]
['circle', [0.267], [4.326, 1.903]]
['circle', [0.301], [2.373, 4.838]]
['circle', [0.247], [3.823, 3.995]]
num595
start:[2.434, 0.364]
terminal:[2.169, 2.82]
obs num:15
['circle', [0.364], [0.312, 3.668]]
['circle', [0.225], [4.011, 4.562]]
['circle', [0.289], [3.665, 0.21]]
['circle', [0.356], [3.328, 2.036]]
['circle', [0.399], [0.382, 2.315]]
['circle', [0.261], [1.521, 0.838]]
['circle', [0.343], [1.264, 4.442]]
['circle', [0.21], [4.918, 1.725]]
['circle', [0.399], [1.349, 3.026]]
['circle', [0.299], [1.625, 1.832]]
['circle', [0.27], [4.224, 1.078]]
['circle', [0.347], [0.378, 0.22]]
['circle', [0.391], [4.897, 3.005]]
['circle', [0.268], [3.022, 3.129]]
['circle', [0.211], [0.249, 4.858]]
num596
start:[2.717, 0.317]
terminal:[2.483, 3.486]
obs num:15
['circle', [0.348], [2.782, 0.978]]
['circle', [0.226], [2.798, 4.552]]
['circle', [0.244], [0.804, 2.979]]
['circle', [0.383], [0.365, 4.679]]
['circle', [0.266], [4.317, 2.276]]
['circle', [0.389], [0.636, 1.081]]
['circle', [0.364], [4.527, 4.739]]
['circle', [0.219], [1.802, 2.776]]
['circle', [0.25], [4.908, 0.621]]
['circle', [0.226], [3.326, 2.833]]
['circle', [0.259], [2.106, 1.952]]
['circle', [0.259], [3.785, 3.693]]
['circle', [0.212], [2.087, 0.203]]
['circle', [0.281], [1.944, 4.957]]
['circle', [0.233], [3.899, 0.467]]
num597
start:[4.822, 4.089]
terminal:[4.184, 3.506]
obs num:15
['circle', [0.291], [0.965, 0.05]]
['circle', [0.27], [1.423, 4.592]]
['circle', [0.329], [2.235, 3.434]]
['circle', [0.368], [0.213, 2.011]]
['circle', [0.393], [4.66, 3.012]]
['circle', [0.394], [3.161, 2.188]]
['circle', [0.27], [3.145, 0.799]]
['circle', [0.304], [0.572, 3.863]]
['circle', [0.343], [3.612, 4.537]]
['circle', [0.372], [4.832, 0.928]]
['circle', [0.218], [2.465, 4.414]]
['circle', [0.322], [2.091, 1.403]]
['circle', [0.33], [1.415, 2.514]]
['circle', [0.302], [1.984, 0.117]]
['circle', [0.213], [4.842, 4.661]]
num598
start:[1.71, 3.709]
terminal:[4.405, 2.967]
obs num:15
['circle', [0.212], [0.996, 0.99]]
['circle', [0.323], [2.573, 0.298]]
['circle', [0.306], [2.91, 2.376]]
['circle', [0.291], [4.75, 1.216]]
['circle', [0.271], [0.704, 4.7]]
['circle', [0.309], [3.993, 2.174]]
['circle', [0.258], [3.704, 0.082]]
['circle', [0.239], [2.104, 4.717]]
['circle', [0.299], [0.789, 2.863]]
['circle', [0.21], [2.414, 3.489]]
['circle', [0.394], [3.355, 4.253]]
['circle', [0.338], [4.967, 4.33]]
['circle', [0.282], [1.472, 2.135]]
['circle', [0.251], [4.837, 2.695]]
['circle', [0.22], [3.938, 3.268]]
num599
start:[0.503, 4.405]
terminal:[4.676, 2.208]
obs num:15
['circle', [0.207], [0.144, 0.892]]
['circle', [0.314], [3.203, 3.625]]
['circle', [0.212], [1.944, 2.324]]
['circle', [0.279], [3.307, 1.03]]
['circle', [0.212], [4.332, 4.565]]
['circle', [0.304], [4.091, 2.885]]
['circle', [0.345], [2.498, 4.459]]
['circle', [0.219], [0.28, 2.629]]
['circle', [0.215], [1.651, 3.144]]
['circle', [0.241], [1.772, 0.793]]
['circle', [0.312], [1.368, 4.937]]
['circle', [0.302], [0.018, 3.594]]
['circle', [0.213], [4.94, 0.007]]
['circle', [0.201], [3.361, 2.213]]
['circle', [0.231], [2.681, 0.138]]
num600
start:[3.968, 2.241]
terminal:[1.478, 1.315]
obs num:15
['circle', [0.352], [4.755, 1.006]]
['circle', [0.285], [3.611, 0.532]]
['circle', [0.386], [4.343, 4.862]]
['circle', [0.272], [3.072, 2.217]]
['circle', [0.248], [0.628, 3.016]]
['circle', [0.336], [2.146, 0.543]]
['circle', [0.25], [1.641, 3.967]]
['circle', [0.309], [2.899, 4.768]]
['circle', [0.25], [2.727, 3.141]]
['circle', [0.4], [1.648, 2.467]]
['circle', [0.343], [3.906, 3.147]]
['circle', [0.327], [1.85, 4.981]]
['circle', [0.319], [0.164, 0.828]]
['circle', [0.342], [1.028, 0.198]]
['circle', [0.232], [0.248, 4.606]]
num601
start:[3.409, 4.408]
terminal:[0.508, 2.922]
obs num:15
['circle', [0.32], [4.907, 3.887]]
['circle', [0.289], [3.63, 3.837]]
['circle', [0.22], [4.458, 0.729]]
['circle', [0.33], [1.863, 0.592]]
['circle', [0.394], [3.762, 1.58]]
['circle', [0.327], [1.033, 3.97]]
['circle', [0.395], [2.241, 3.403]]
['circle', [0.363], [3.33, 0.343]]
['circle', [0.316], [4.065, 2.892]]
['circle', [0.385], [0.889, 1.263]]
['circle', [0.362], [0.504, 0.02]]
['circle', [0.287], [2.911, 4.711]]
['circle', [0.267], [2.26, 1.997]]
['circle', [0.325], [4.23, 4.91]]
['circle', [0.375], [1.854, 4.82]]
num602
start:[3.062, 2.737]
terminal:[0.345, 2.315]
obs num:15
['circle', [0.249], [0.064, 4.525]]
['circle', [0.307], [3.258, 4.212]]
['circle', [0.274], [4.605, 4.679]]
['circle', [0.339], [3.206, 2.173]]
['circle', [0.367], [4.591, 1.311]]
['circle', [0.225], [1.265, 1.517]]
['circle', [0.311], [0.777, 3.493]]
['circle', [0.394], [2.011, 4.944]]
['circle', [0.372], [1.631, 0.143]]
['circle', [0.29], [3.739, 3.09]]
['circle', [0.275], [0.473, 0.89]]
['circle', [0.257], [3.315, 0.75]]
['circle', [0.229], [2.177, 2.202]]
['circle', [0.291], [2.216, 3.53]]
['circle', [0.262], [4.882, 3.25]]
num603
start:[4.719, 2.446]
terminal:[4.848, 4.214]
obs num:15
['circle', [0.364], [4.541, 0.001]]
['circle', [0.316], [4.017, 3.155]]
['circle', [0.28], [0.792, 3.503]]
['circle', [0.243], [4.187, 1.119]]
['circle', [0.372], [1.981, 3.249]]
['circle', [0.264], [3.772, 2.144]]
['circle', [0.29], [4.382, 4.82]]
['circle', [0.278], [0.306, 0.777]]
['circle', [0.366], [2.6, 1.773]]
['circle', [0.213], [1.807, 4.644]]
['circle', [0.35], [0.343, 2.405]]
['circle', [0.226], [1.846, 0.694]]
['circle', [0.218], [2.715, 0.391]]
['circle', [0.237], [0.659, 4.824]]
['circle', [0.325], [1.348, 1.717]]
num604
start:[2.077, 3.069]
terminal:[0.387, 0.956]
obs num:15
['circle', [0.32], [4.998, 1.711]]
['circle', [0.326], [1.031, 4.165]]
['circle', [0.382], [3.735, 1.514]]
['circle', [0.372], [4.854, 0.41]]
['circle', [0.388], [2.316, 0.979]]
['circle', [0.258], [1.065, 3.068]]
['circle', [0.335], [2.416, 4.227]]
['circle', [0.205], [1.676, 1.795]]
['circle', [0.343], [1.104, 0.485]]
['circle', [0.332], [4.725, 3.581]]
['circle', [0.202], [0.289, 1.444]]
['circle', [0.289], [4.388, 4.885]]
['circle', [0.286], [3.264, 4.862]]
['circle', [0.258], [3.214, 3.555]]
['circle', [0.226], [2.603, 2.775]]
num605
start:[3.871, 1.466]
terminal:[4.144, 1.805]
obs num:15
['circle', [0.225], [3.085, 0.086]]
['circle', [0.257], [3.373, 3.368]]
['circle', [0.388], [1.051, 1.344]]
['circle', [0.207], [1.658, 3.835]]
['circle', [0.374], [4.966, 3.457]]
['circle', [0.358], [1.289, 0.086]]
['circle', [0.365], [3.86, 4.827]]
['circle', [0.378], [2.213, 1.61]]
['circle', [0.356], [0.501, 3.452]]
['circle', [0.217], [3.31, 1.532]]
['circle', [0.285], [1.276, 4.957]]
['circle', [0.244], [0.075, 1.916]]
['circle', [0.309], [1.906, 2.848]]
['circle', [0.285], [4.612, 0.709]]
['circle', [0.209], [2.386, 0.563]]
num606
start:[2.618, 3.856]
terminal:[0.206, 3.806]
obs num:15
['circle', [0.21], [2.289, 4.364]]
['circle', [0.394], [4.895, 2.322]]
['circle', [0.291], [4.656, 1.069]]
['circle', [0.311], [0.462, 3.181]]
['circle', [0.378], [1.427, 1.705]]
['circle', [0.295], [3.506, 1.668]]
['circle', [0.381], [0.223, 0.286]]
['circle', [0.284], [1.722, 3.129]]
['circle', [0.367], [0.961, 4.517]]
['circle', [0.365], [3.531, 3.349]]
['circle', [0.203], [4.029, 4.821]]
['circle', [0.345], [3.685, 0.211]]
['circle', [0.269], [4.908, 3.996]]
['circle', [0.335], [2.582, 0.072]]
['circle', [0.264], [0.365, 1.819]]
num607
start:[3.285, 2.405]
terminal:[4.446, 1.139]
obs num:15
['circle', [0.212], [2.478, 1.374]]
['circle', [0.317], [2.262, 4.565]]
['circle', [0.283], [1.055, 2.262]]
['circle', [0.344], [4.229, 2.763]]
['circle', [0.215], [1.329, 3.859]]
['circle', [0.336], [0.134, 3.934]]
['circle', [0.22], [4.001, 4.64]]
['circle', [0.211], [4.993, 0.423]]
['circle', [0.352], [3.057, 3.691]]
['circle', [0.217], [3.307, 1.805]]
['circle', [0.215], [3.217, 0.3]]
['circle', [0.233], [0.346, 0.788]]
['circle', [0.37], [2.089, 3.093]]
['circle', [0.267], [4.882, 3.866]]
['circle', [0.345], [1.329, 0.489]]
num608
start:[2.147, 2.499]
terminal:[4.413, 0.95]
obs num:15
['circle', [0.304], [0.044, 1.717]]
['circle', [0.396], [0.87, 2.758]]
['circle', [0.389], [0.611, 4.528]]
['circle', [0.281], [1.21, 0.779]]
['circle', [0.257], [3.883, 4.456]]
['circle', [0.332], [2.27, 0.226]]
['circle', [0.313], [4.639, 2.472]]
['circle', [0.309], [3.76, 0.825]]
['circle', [0.355], [1.815, 3.718]]
['circle', [0.32], [0.392, 0.085]]
['circle', [0.261], [2.321, 1.929]]
['circle', [0.279], [3.654, 2.328]]
['circle', [0.26], [2.718, 4.552]]
['circle', [0.255], [4.908, 0.536]]
['circle', [0.258], [4.899, 4.569]]
num609
start:[0.365, 0.617]
terminal:[1.733, 4.407]
obs num:15
['circle', [0.378], [3.222, 3.32]]
['circle', [0.389], [1.083, 0.604]]
['circle', [0.222], [3.723, 1.775]]
['circle', [0.316], [2.478, 0.312]]
['circle', [0.35], [4.462, 4.96]]
['circle', [0.321], [2.812, 4.707]]
['circle', [0.352], [0.3, 4.787]]
['circle', [0.318], [0.549, 2.743]]
['circle', [0.23], [1.623, 3.93]]
['circle', [0.274], [4.949, 3.038]]
['circle', [0.243], [0.122, 0.185]]
['circle', [0.312], [3.96, 0.396]]
['circle', [0.377], [2.384, 2.5]]
['circle', [0.264], [1.015, 1.828]]
['circle', [0.212], [0.019, 1.087]]
num610
start:[1.058, 0.201]
terminal:[2.951, 1.347]
obs num:15
['circle', [0.219], [4.176, 3.81]]
['circle', [0.295], [2.136, 3.357]]
['circle', [0.336], [2.227, 1.069]]
['circle', [0.292], [4.494, 1.375]]
['circle', [0.383], [0.777, 2.694]]
['circle', [0.359], [0.196, 4.45]]
['circle', [0.399], [0.178, 0.272]]
['circle', [0.317], [3.149, 0.47]]
['circle', [0.261], [2.104, 4.849]]
['circle', [0.208], [3.362, 2.663]]
['circle', [0.21], [4.196, 0.147]]
['circle', [0.295], [1.694, 2.029]]
['circle', [0.201], [4.471, 2.318]]
['circle', [0.295], [3.056, 3.798]]
['circle', [0.308], [4.019, 4.762]]
num611
start:[2.901, 0.672]
terminal:[2.193, 1.775]
obs num:15
['circle', [0.329], [0.173, 1.465]]
['circle', [0.293], [1.852, 2.535]]
['circle', [0.279], [4.626, 4.188]]
['circle', [0.359], [1.247, 0.286]]
['circle', [0.368], [0.199, 3.695]]
['circle', [0.345], [2.982, 1.414]]
['circle', [0.256], [4.694, 1.695]]
['circle', [0.234], [4.419, 2.948]]
['circle', [0.374], [4.33, 0.643]]
['circle', [0.283], [2.099, 4.782]]
['circle', [0.229], [3.278, 4.245]]
['circle', [0.222], [0.111, 0.392]]
['circle', [0.354], [2.638, 3.466]]
['circle', [0.345], [2.691, 0.116]]
['circle', [0.262], [3.562, 2.282]]
num612
start:[0.944, 3.237]
terminal:[0.791, 1.827]
obs num:15
['circle', [0.271], [0.624, 4.868]]
['circle', [0.228], [4.226, 3.029]]
['circle', [0.334], [2.802, 2.277]]
['circle', [0.368], [0.261, 3.466]]
['circle', [0.342], [1.68, 2.315]]
['circle', [0.397], [2.789, 3.802]]
['circle', [0.278], [1.923, 4.772]]
['circle', [0.353], [3.761, 1.033]]
['circle', [0.229], [1.307, 3.815]]
['circle', [0.335], [4.552, 4.335]]
['circle', [0.32], [0.729, 0.62]]
['circle', [0.377], [2.661, 0.277]]
['circle', [0.216], [4.59, 0.232]]
['circle', [0.312], [4.835, 1.358]]
['circle', [0.277], [3.614, 4.93]]
num613
start:[2.59, 1.759]
terminal:[4.39, 1.535]
obs num:15
['circle', [0.351], [0.6, 2.079]]
['circle', [0.376], [3.932, 4.345]]
['circle', [0.246], [0.105, 1.181]]
['circle', [0.303], [4.926, 1.175]]
['circle', [0.298], [2.04, 4.91]]
['circle', [0.25], [2.516, 2.422]]
['circle', [0.251], [4.175, 2.705]]
['circle', [0.202], [2.966, 4.057]]
['circle', [0.284], [1.569, 3.931]]
['circle', [0.314], [1.429, 0.314]]
['circle', [0.222], [3.567, 1.13]]
['circle', [0.256], [0.466, 4.721]]
['circle', [0.223], [1.169, 2.873]]
['circle', [0.237], [2.133, 1.542]]
['circle', [0.275], [4.639, 0.005]]
num614
start:[4.221, 2.452]
terminal:[0.636, 1.427]
obs num:15
['circle', [0.274], [3.341, 0.097]]
['circle', [0.251], [4.789, 1.158]]
['circle', [0.323], [0.438, 3.692]]
['circle', [0.338], [2.344, 3.319]]
['circle', [0.27], [3.999, 3.923]]
['circle', [0.223], [2.884, 1.683]]
['circle', [0.322], [0.004, 1.601]]
['circle', [0.319], [0.258, 0.519]]
['circle', [0.232], [3.799, 1.276]]
['circle', [0.338], [1.898, 0.856]]
['circle', [0.236], [4.819, 2.764]]
['circle', [0.226], [1.442, 2.393]]
['circle', [0.358], [1.443, 4.111]]
['circle', [0.224], [3.203, 4.89]]
['circle', [0.232], [4.81, 0.04]]
num615
start:[3.483, 3.866]
terminal:[3.373, 4.258]
obs num:15
['circle', [0.377], [0.001, 4.856]]
['circle', [0.374], [0.38, 0.745]]
['circle', [0.254], [4.859, 3.825]]
['circle', [0.26], [2.18, 0.615]]
['circle', [0.327], [1.421, 2.231]]
['circle', [0.322], [2.595, 1.983]]
['circle', [0.389], [4.517, 1.306]]
['circle', [0.382], [0.302, 2.631]]
['circle', [0.31], [1.967, 4.438]]
['circle', [0.319], [0.525, 3.879]]
['circle', [0.301], [3.509, 2.716]]
['circle', [0.361], [3.924, 4.725]]
['circle', [0.203], [4.031, 0.292]]
['circle', [0.239], [3.375, 0.979]]
['circle', [0.236], [4.962, 2.688]]
num616
start:[1.623, 1.185]
terminal:[2.909, 3.239]
obs num:15
['circle', [0.234], [3.188, 4.034]]
['circle', [0.381], [1.899, 1.736]]
['circle', [0.365], [4.93, 3.41]]
['circle', [0.3], [0.756, 0.769]]
['circle', [0.365], [3.953, 2.036]]
['circle', [0.347], [2.48, 0.154]]
['circle', [0.249], [0.241, 4.004]]
['circle', [0.218], [4.973, 0.727]]
['circle', [0.209], [1.724, 4.993]]
['circle', [0.216], [0.037, 2.931]]
['circle', [0.224], [1.699, 3.594]]
['circle', [0.33], [4.258, 0.025]]
['circle', [0.332], [0.426, 2.002]]
['circle', [0.244], [3.023, 1.005]]
['circle', [0.202], [4.981, 1.965]]
num617
start:[3.163, 2.292]
terminal:[4.652, 3.456]
obs num:15
['circle', [0.381], [4.139, 4.463]]
['circle', [0.291], [1.232, 4.5]]
['circle', [0.39], [1.408, 2.175]]
['circle', [0.305], [4.113, 1.512]]
['circle', [0.351], [0.114, 0.793]]
['circle', [0.27], [2.668, 4.426]]
['circle', [0.25], [3.272, 3.465]]
['circle', [0.324], [1.743, 3.316]]
['circle', [0.299], [4.267, 0.232]]
['circle', [0.246], [1.693, 0.895]]
['circle', [0.293], [0.312, 1.909]]
['circle', [0.367], [2.935, 0.721]]
['circle', [0.25], [0.287, 3.362]]
['circle', [0.339], [0.05, 4.432]]
['circle', [0.377], [4.744, 2.717]]
num618
start:[0.62, 2.605]
terminal:[2.157, 2.583]
obs num:15
['circle', [0.278], [2.523, 1.776]]
['circle', [0.319], [3.537, 4.55]]
['circle', [0.356], [4.667, 0.665]]
['circle', [0.314], [1.032, 3.361]]
['circle', [0.207], [1.891, 4.945]]
['circle', [0.349], [0.455, 4.908]]
['circle', [0.281], [1.363, 0.278]]
['circle', [0.257], [4.636, 2.943]]
['circle', [0.311], [0.043, 0.321]]
['circle', [0.267], [3.04, 0.375]]
['circle', [0.317], [3.636, 1.323]]
['circle', [0.305], [2.865, 3.008]]
['circle', [0.206], [0.926, 2.101]]
['circle', [0.271], [4.477, 4.012]]
['circle', [0.245], [0.166, 2.53]]
num619
start:[4.118, 0.296]
terminal:[3.391, 4.148]
obs num:15
['circle', [0.287], [2.613, 4.141]]
['circle', [0.244], [4.575, 0.22]]
['circle', [0.214], [3.159, 1.584]]
['circle', [0.374], [1.22, 1.508]]
['circle', [0.323], [1.841, 0.168]]
['circle', [0.205], [3.246, 2.661]]
['circle', [0.265], [1.623, 4.983]]
['circle', [0.314], [4.394, 2.449]]
['circle', [0.233], [0.506, 4.871]]
['circle', [0.367], [4.179, 3.625]]
['circle', [0.221], [1.92, 3.536]]
['circle', [0.323], [1.846, 2.453]]
['circle', [0.373], [0.739, 3.079]]
['circle', [0.307], [3.354, 0.534]]
['circle', [0.21], [0.168, 1.471]]
num620
start:[2.249, 1.939]
terminal:[1.209, 0.472]
obs num:15
['circle', [0.267], [2.287, 1.456]]
['circle', [0.289], [0.819, 1.933]]
['circle', [0.272], [2.666, 0.172]]
['circle', [0.349], [4.05, 2.326]]
['circle', [0.207], [2.12, 4.199]]
['circle', [0.286], [0.975, 3.251]]
['circle', [0.294], [3.114, 3.845]]
['circle', [0.368], [4.235, 1.04]]
['circle', [0.205], [3.343, 1.468]]
['circle', [0.283], [0.612, 4.72]]
['circle', [0.302], [4.741, 4.672]]
['circle', [0.202], [0.313, 0.046]]
['circle', [0.282], [4.253, 3.392]]
['circle', [0.238], [2.487, 4.968]]
['circle', [0.305], [2.899, 2.709]]
num621
start:[0.29, 2.946]
terminal:[1.27, 4.236]
obs num:15
['circle', [0.221], [1.763, 2.593]]
['circle', [0.208], [3.388, 3.084]]
['circle', [0.399], [3.075, 4.74]]
['circle', [0.4], [2.609, 0.293]]
['circle', [0.243], [4.959, 4.832]]
['circle', [0.204], [1.18, 3.609]]
['circle', [0.243], [4.465, 1.285]]
['circle', [0.27], [1.785, 1.62]]
['circle', [0.345], [3.672, 2.131]]
['circle', [0.29], [0.304, 0.816]]
['circle', [0.379], [0.539, 2.089]]
['circle', [0.365], [2.49, 3.464]]
['circle', [0.296], [0.859, 4.517]]
['circle', [0.263], [3.923, 0.486]]
['circle', [0.211], [1.8, 4.694]]
num622
start:[0.489, 1.395]
terminal:[3.042, 1.238]
obs num:15
['circle', [0.252], [3.996, 3.792]]
['circle', [0.373], [2.261, 2.54]]
['circle', [0.244], [3.501, 1.457]]
['circle', [0.362], [2.589, 0.873]]
['circle', [0.297], [0.441, 2.18]]
['circle', [0.313], [2.42, 3.886]]
['circle', [0.379], [0.14, 4.949]]
['circle', [0.341], [0.969, 0.72]]
['circle', [0.378], [4.966, 0.852]]
['circle', [0.342], [4.773, 2.995]]
['circle', [0.288], [4.122, 4.908]]
['circle', [0.223], [3.541, 0.126]]
['circle', [0.291], [0.634, 3.735]]
['circle', [0.373], [1.471, 4.578]]
['circle', [0.284], [1.399, 1.87]]
num623
start:[4.829, 3.235]
terminal:[3.848, 1.355]
obs num:15
['circle', [0.308], [4.408, 1.851]]
['circle', [0.391], [3.356, 4.026]]
['circle', [0.241], [0.319, 1.659]]
['circle', [0.342], [4.37, 4.627]]
['circle', [0.337], [1.503, 0.033]]
['circle', [0.251], [1.704, 2.239]]
['circle', [0.22], [0.614, 4.664]]
['circle', [0.209], [1.524, 3.581]]
['circle', [0.263], [0.017, 3.547]]
['circle', [0.335], [2.86, 2.231]]
['circle', [0.367], [2.124, 4.798]]
['circle', [0.245], [0.117, 0.611]]
['circle', [0.247], [4.138, 0.611]]
['circle', [0.224], [0.554, 2.599]]
['circle', [0.267], [1.744, 1.147]]
num624
start:[3.184, 1.549]
terminal:[3.871, 3.674]
obs num:15
['circle', [0.224], [4.377, 2.91]]
['circle', [0.355], [4.264, 4.804]]
['circle', [0.375], [2.243, 2.362]]
['circle', [0.238], [0.451, 2.374]]
['circle', [0.307], [0.184, 3.816]]
['circle', [0.321], [3.859, 0.551]]
['circle', [0.271], [1.402, 4.488]]
['circle', [0.206], [1.61, 1.06]]
['circle', [0.264], [2.541, 4.26]]
['circle', [0.226], [3.483, 3.026]]
['circle', [0.339], [0.65, 0.65]]
['circle', [0.22], [4.905, 0.317]]
['circle', [0.202], [3.764, 2.242]]
['circle', [0.327], [4.917, 1.62]]
['circle', [0.213], [1.638, 3.58]]
num625
start:[0.491, 1.81]
terminal:[1.719, 3.164]
obs num:15
['circle', [0.39], [2.715, 0.123]]
['circle', [0.225], [3.748, 3.324]]
['circle', [0.319], [2.628, 4.023]]
['circle', [0.203], [1.165, 0.149]]
['circle', [0.212], [0.202, 4.031]]
['circle', [0.217], [1.199, 3.633]]
['circle', [0.326], [3.518, 1.375]]
['circle', [0.346], [2.107, 2.168]]
['circle', [0.231], [4.41, 2.061]]
['circle', [0.33], [1.023, 1.204]]
['circle', [0.223], [1.53, 4.453]]
['circle', [0.277], [4.496, 4.521]]
['circle', [0.343], [3.369, 4.886]]
['circle', [0.235], [0.429, 3.025]]
['circle', [0.4], [3.974, 0.112]]
num626
start:[2.799, 3.507]
terminal:[0.36, 3.727]
obs num:15
['circle', [0.318], [3.359, 2.421]]
['circle', [0.211], [4.42, 2.966]]
['circle', [0.324], [2.503, 4.161]]
['circle', [0.259], [3.865, 0.45]]
['circle', [0.382], [1.699, 1.524]]
['circle', [0.384], [0.323, 0.395]]
['circle', [0.205], [1.435, 2.956]]
['circle', [0.393], [0.164, 4.716]]
['circle', [0.248], [4.716, 4.883]]
['circle', [0.216], [0.342, 2.336]]
['circle', [0.308], [4.148, 4.108]]
['circle', [0.365], [2.797, 0.379]]
['circle', [0.201], [4.722, 1.981]]
['circle', [0.236], [1.809, 0.192]]
['circle', [0.334], [3.899, 1.462]]
num627
start:[0.998, 2.365]
terminal:[3.281, 2.915]
obs num:15
['circle', [0.333], [4.965, 0.781]]
['circle', [0.277], [1.596, 4.553]]
['circle', [0.227], [4.616, 2.81]]
['circle', [0.29], [0.396, 0.007]]
['circle', [0.204], [2.969, 2.124]]
['circle', [0.34], [3.839, 0.626]]
['circle', [0.309], [2.809, 3.545]]
['circle', [0.367], [1.546, 3.213]]
['circle', [0.376], [0.139, 2.582]]
['circle', [0.284], [0.632, 1.182]]
['circle', [0.276], [1.587, 1.92]]
['circle', [0.389], [4.49, 4.41]]
['circle', [0.232], [0.014, 4.354]]
['circle', [0.246], [3.155, 4.731]]
['circle', [0.343], [2.483, 0.088]]
num628
start:[1.919, 4.354]
terminal:[2.454, 3.606]
obs num:15
['circle', [0.274], [2.484, 1.211]]
['circle', [0.331], [0.518, 0.242]]
['circle', [0.393], [0.961, 4.669]]
['circle', [0.364], [4.744, 2.263]]
['circle', [0.363], [0.954, 2.634]]
['circle', [0.265], [3.318, 0.256]]
['circle', [0.221], [4.507, 0.874]]
['circle', [0.227], [2.415, 4.076]]
['circle', [0.267], [4.94, 4.989]]
['circle', [0.291], [2.095, 2.834]]
['circle', [0.217], [1.709, 0.755]]
['circle', [0.219], [3.701, 4.33]]
['circle', [0.223], [4.536, 3.546]]
['circle', [0.203], [3.67, 3.494]]
['circle', [0.242], [2.438, 4.946]]
num629
start:[1.402, 3.22]
terminal:[4.384, 1.682]
obs num:15
['circle', [0.207], [0.509, 1.447]]
['circle', [0.254], [3.399, 3.159]]
['circle', [0.358], [2.684, 2.102]]
['circle', [0.355], [2.326, 4.871]]
['circle', [0.321], [4.467, 4.978]]
['circle', [0.295], [4.779, 2.018]]
['circle', [0.38], [3.434, 0.169]]
['circle', [0.278], [1.232, 3.738]]
['circle', [0.296], [4.945, 3.1]]
['circle', [0.275], [0.161, 4.698]]
['circle', [0.234], [1.502, 0.653]]
['circle', [0.393], [4.118, 1.137]]
['circle', [0.257], [2.165, 0.017]]
['circle', [0.276], [4.897, 0.399]]
['circle', [0.27], [0.216, 2.437]]
num630
start:[2.515, 3.928]
terminal:[2.988, 2.313]
obs num:15
['circle', [0.247], [1.657, 2.877]]
['circle', [0.384], [4.373, 4.747]]
['circle', [0.357], [3.96, 2.111]]
['circle', [0.285], [3.239, 1.325]]
['circle', [0.26], [0.823, 0.802]]
['circle', [0.255], [0.7, 1.932]]
['circle', [0.382], [1.304, 4.578]]
['circle', [0.232], [0.352, 3.515]]
['circle', [0.303], [4.648, 1.094]]
['circle', [0.362], [3.592, 3.899]]
['circle', [0.329], [0.005, 4.48]]
['circle', [0.271], [2.884, 4.925]]
['circle', [0.292], [1.601, 1.612]]
['circle', [0.22], [4.825, 3.76]]
['circle', [0.259], [3.498, 0.081]]
